<?xml version="1.0" encoding="UTF-8"?>
<dataroot xmlns:od="urn:schemas-microsoft-com:officedata" generated="2015-09-12T21:43:46">
<TB_players>
<id>5119</id>
<lastname>Thompson</lastname>
<firstname>Trevion</firstname>
<height>602</height>
<weight>195</weight>
<year>2019</year>
<team-id>140</team-id>
<college-id>355</college-id>
<retired>0</retired>
</TB_players>
<TB_players>
<id>5121</id>
<lastname>Schuessler</lastname>
<firstname>Nick</firstname>
<height>603</height>
<weight>195</weight>
<year>2017</year>
<team-id>140</team-id>
<college-id>404</college-id>
<retired>0</retired>
</TB_players>
<TB_players>
<id>5123</id>
<lastname>Leggett</lastname>
<firstname>Jordan</firstname>
<height>605</height>
<weight>250</weight>
<year>2017</year>
<team-id>140</team-id>
<college-id>1622</college-id>
<retired>0</retired>
</TB_players>
<TB_players>
<id>5127</id>
<lastname>Peake</lastname>
<firstname>Charone</firstname>
<height>602</height>
<weight>205</weight>
<year>2016</year>
<team-id>140</team-id>
<college-id>1623</college-id>
<retired>0</retired>
</TB_players>
<TB_players>
<id>5129</id>
<lastname>Dye</lastname>
<firstname>Tyshon</firstname>
<height>511</height>
<weight>215</weight>
<year>2018</year>
<team-id>140</team-id>
<college-id>1625</college-id>
<retired>0</retired>
</TB_players>
<TB_players>
<id>5130</id>
<lastname>Brooks</lastname>
<firstname>Zac</firstname>
<height>600</height>
<weight>200</weight>
<year>2017</year>
<team-id>140</team-id>
<college-id>543</college-id>
<retired>0</retired>
</TB_players>
<TB_players>
<id>5131</id>
<lastname>Choice</lastname>
<firstname>Adam</firstname>
<height>509</height>
<weight>215</weight>
<year>2018</year>
<team-id>140</team-id>
<college-id>257</college-id>
<retired>0</retired>
</TB_players>
<TB_players>
<id>5132</id>
<lastname>Fuller</lastname>
<firstname>C.J.</firstname>
<height>509</height>
<weight>215</weight>
<year>2019</year>
<team-id>140</team-id>
<college-id>1465</college-id>
<retired>0</retired>
</TB_players>
<TB_players>
<id>5133</id>
<lastname>Scott</lastname>
<firstname>Artavis</firstname>
<height>510</height>
<weight>190</weight>
<year>2018</year>
<team-id>140</team-id>
<college-id>1617</college-id>
<retired>0</retired>
</TB_players>
<TB_players>
<id>5135</id>
<lastname>Davidson</lastname>
<firstname>C.J.</firstname>
<height>510</height>
<weight>200</weight>
<year>2016</year>
<team-id>140</team-id>
<college-id>1627</college-id>
<retired>0</retired>
</TB_players>
<TB_players>
<id>5136</id>
<lastname>Renfrow</lastname>
<firstname>Hunter</firstname>
<height>510</height>
<weight>170</weight>
<year>2019</year>
<team-id>140</team-id>
<college-id>1596</college-id>
<retired>0</retired>
</TB_players>
<TB_players>
<id>5137</id>
<lastname>Watson</lastname>
<firstname>Deshaun</firstname>
<height>602</height>
<weight>205</weight>
<year>2018</year>
<team-id>140</team-id>
<college-id>375</college-id>
<retired>0</retired>
</TB_players>
<TB_players>
<id>5139</id>
<lastname>Hopper</lastname>
<firstname>Germone</firstname>
<height>511</height>
<weight>175</weight>
<year>2017</year>
<team-id>140</team-id>
<college-id>357</college-id>
<retired>0</retired>
</TB_players>
<TB_players>
<id>5140</id>
<lastname>Falcinelli</lastname>
<firstname>Justin</firstname>
<height>603</height>
<weight>305</weight>
<year>2019</year>
<team-id>140</team-id>
<college-id>1633</college-id>
<retired>0</retired>
</TB_players>
<TB_players>
<id>5141</id>
<lastname>Hearn</lastname>
<firstname>Taylor</firstname>
<height>604</height>
<weight>325</weight>
<year>2019</year>
<team-id>140</team-id>
<college-id>1634</college-id>
<retired>0</retired>
</TB_players>
<TB_players>
<id>5142</id>
<lastname>Riggs</lastname>
<firstname>Zach</firstname>
<height>605</height>
<weight>270</weight>
<year>2018</year>
<team-id>140</team-id>
<college-id>1493</college-id>
<retired>0</retired>
</TB_players>
<TB_players>
<id>5143</id>
<lastname>Crowder</lastname>
<firstname>Tyrone</firstname>
<height>602</height>
<weight>330</weight>
<year>2018</year>
<team-id>140</team-id>
<college-id>1636</college-id>
<retired>0</retired>
</TB_players>
<TB_players>
<id>5144</id>
<lastname>Mauldin</lastname>
<firstname>Collins</firstname>
<height>601</height>
<weight>230</weight>
<year>2016</year>
<team-id>140</team-id>
<college-id>678</college-id>
<retired>0</retired>
</TB_players>
<TB_players>
<id>5145</id>
<lastname>Guillermo</lastname>
<firstname>Jay</firstname>
<height>603</height>
<weight>310</weight>
<year>2017</year>
<team-id>140</team-id>
<college-id>817</college-id>
<retired>0</retired>
</TB_players>
<TB_players>
<id>5146</id>
<lastname>Norton</lastname>
<firstname>Ryan</firstname>
<height>603</height>
<weight>285</weight>
<year>2016</year>
<team-id>140</team-id>
<college-id>358</college-id>
<retired>0</retired>
</TB_players>
<TB_players>
<id>5151</id>
<lastname>Morris</lastname>
<firstname>Maverick</firstname>
<height>604</height>
<weight>295</weight>
<year>2018</year>
<team-id>140</team-id>
<college-id>1639</college-id>
<retired>0</retired>
</TB_players>
<TB_players>
<id>5152</id>
<lastname>Williams</lastname>
<firstname>Mike</firstname>
<height>604</height>
<weight>210</weight>
<year>2017</year>
<team-id>140</team-id>
<college-id>1620</college-id>
<retired>0</retired>
</TB_players>
<TB_players>
<id>5154</id>
<lastname>Gore</lastname>
<firstname>Joe</firstname>
<height>605</height>
<weight>290</weight>
<year>2016</year>
<team-id>140</team-id>
<college-id>1640</college-id>
<retired>0</retired>
</TB_players>
<TB_players>
<id>5157</id>
<lastname>Mac Lain</lastname>
<firstname>Eric</firstname>
<height>604</height>
<weight>305</weight>
<year>2016</year>
<team-id>140</team-id>
<college-id>595</college-id>
<retired>0</retired>
</TB_players>
<TB_players>
<id>5160</id>
<lastname>Richard</lastname>
<firstname>Milan</firstname>
<height>602</height>
<weight>245</weight>
<year>2019</year>
<team-id>140</team-id>
<college-id>251</college-id>
<retired>0</retired>
</TB_players>
<TB_players>
<id>5161</id>
<lastname>Seckinger</lastname>
<firstname>Stanton</firstname>
<height>605</height>
<weight>240</weight>
<year>2016</year>
<team-id>140</team-id>
<college-id>1644</college-id>
<retired>0</retired>
</TB_players>
<TB_players>
<id>5162</id>
<lastname>Dunn</lastname>
<firstname>Adrien</firstname>
<height>507</height>
<weight>170</weight>
<year>2018</year>
<team-id>140</team-id>
<college-id>1627</college-id>
<retired>0</retired>
</TB_players>
<TB_players>
<id>5164</id>
<lastname>Smith</lastname>
<firstname>Cannon</firstname>
<height>604</height>
<weight>240</weight>
<year>2019</year>
<team-id>140</team-id>
<college-id>903</college-id>
<retired>0</retired>
</TB_players>
<TB_players>
<id>5166</id>
<lastname>Ryan</lastname>
<firstname>Seth</firstname>
<height>511</height>
<weight>170</weight>
<year>2018</year>
<team-id>140</team-id>
<college-id>1646</college-id>
<retired>0</retired>
</TB_players>
<TB_players>
<id>5168</id>
<lastname>Greenlee</lastname>
<firstname>D.J.</firstname>
<height>601</height>
<weight>235</weight>
<year>2018</year>
<team-id>140</team-id>
<college-id>1627</college-id>
<retired>0</retired>
</TB_players>
<TB_players>
<id>5169</id>
<lastname>Mac Lain</lastname>
<firstname>Sean</firstname>
<height>604</height>
<weight>210</weight>
<year>2018</year>
<team-id>140</team-id>
<college-id>1616</college-id>
<retired>0</retired>
</TB_players>
<TB_players>
<id>5170</id>
<lastname>McCullough</lastname>
<firstname>Jay Jay</firstname>
<height>603</height>
<weight>245</weight>
<year>2017</year>
<team-id>140</team-id>
<college-id>1354</college-id>
<retired>0</retired>
</TB_players>
<TB_players>
<id>5171</id>
<lastname>Gallman</lastname>
<firstname>Wayne</firstname>
<height>601</height>
<weight>205</weight>
<year>2018</year>
<team-id>140</team-id>
<college-id>370</college-id>
<retired>0</retired>
</TB_players>
<TB_players>
<id>5172</id>
<lastname>Cockerill</lastname>
<firstname>William</firstname>
<height>606</height>
<weight>250</weight>
<year>2016</year>
<team-id>140</team-id>
<college-id>1610</college-id>
<retired>0</retired>
</TB_players>
<TB_players>
<id>5174</id>
<lastname>Boulware</lastname>
<firstname>Ben</firstname>
<height>600</height>
<weight>235</weight>
<year>2017</year>
<team-id>140</team-id>
<college-id>1614</college-id>
<retired>0</retired>
</TB_players>
<TB_players>
<id>5175</id>
<lastname>Blanks</lastname>
<firstname>Travis</firstname>
<height>601</height>
<weight>205</weight>
<year>2017</year>
<team-id>140</team-id>
<college-id>149</college-id>
<retired>0</retired>
</TB_players>
<TB_players>
<id>5176</id>
<lastname>Wiggins</lastname>
<firstname>Korrin</firstname>
<height>511</height>
<weight>195</weight>
<year>2017</year>
<team-id>140</team-id>
<college-id>355</college-id>
<retired>0</retired>
</TB_players>
<TB_players>
<id>5178</id>
<lastname>Green</lastname>
<firstname>T.J.</firstname>
<height>603</height>
<weight>205</weight>
<year>2017</year>
<team-id>140</team-id>
<college-id>1621</college-id>
<retired>0</retired>
</TB_players>
<TB_players>
<id>5179</id>
<lastname>Johnson</lastname>
<firstname>Jadar</firstname>
<height>600</height>
<weight>200</weight>
<year>2017</year>
<team-id>140</team-id>
<college-id>238</college-id>
<retired>0</retired>
</TB_players>
<TB_players>
<id>5180</id>
<lastname>Alexander</lastname>
<firstname>Mackensie</firstname>
<height>510</height>
<weight>190</weight>
<year>2018</year>
<team-id>140</team-id>
<college-id>741</college-id>
<retired>0</retired>
</TB_players>
<TB_players>
<id>5181</id>
<lastname>Kearse</lastname>
<firstname>Jayron</firstname>
<height>604</height>
<weight>210</weight>
<year>2017</year>
<team-id>140</team-id>
<college-id>218</college-id>
<retired>0</retired>
</TB_players>
<TB_players>
<id>5182</id>
<lastname>Baker</lastname>
<firstname>Adrian</firstname>
<height>511</height>
<weight>180</weight>
<year>2018</year>
<team-id>140</team-id>
<college-id>252</college-id>
<retired>0</retired>
</TB_players>
<TB_players>
<id>5183</id>
<lastname>Tankersley</lastname>
<firstname>Cordrea</firstname>
<height>601</height>
<weight>195</weight>
<year>2017</year>
<team-id>140</team-id>
<college-id>362</college-id>
<retired>0</retired>
</TB_players>
<TB_players>
<id>5186</id>
<lastname>Edmond</lastname>
<firstname>Marcus</firstname>
<height>511</height>
<weight>170</weight>
<year>2018</year>
<team-id>140</team-id>
<college-id>1490</college-id>
<retired>0</retired>
</TB_players>
<TB_players>
<id>5189</id>
<lastname>Carter</lastname>
<firstname>Ryan</firstname>
<height>509</height>
<weight>180</weight>
<year>2018</year>
<team-id>140</team-id>
<college-id>404</college-id>
<retired>0</retired>
</TB_players>
<TB_players>
<id>5190</id>
<lastname>Joseph</lastname>
<firstname>Kendall</firstname>
<height>511</height>
<weight>225</weight>
<year>2019</year>
<team-id>140</team-id>
<college-id>320</college-id>
<retired>0</retired>
</TB_players>
<TB_players>
<id>5191</id>
<lastname>Hall</lastname>
<firstname>Quintin</firstname>
<height>511</height>
<weight>225</weight>
<year>2016</year>
<team-id>140</team-id>
<college-id>1628</college-id>
<retired>0</retired>
</TB_players>
<TB_players>
<id>5192</id>
<lastname>Gibson</lastname>
<firstname>Jefferie</firstname>
<height>604</height>
<weight>200</weight>
<year>2019</year>
<team-id>140</team-id>
<college-id>595</college-id>
<retired>0</retired>
</TB_players>
<TB_players>
<id>5193</id>
<lastname>Burrell</lastname>
<firstname>T.J.</firstname>
<height>511</height>
<weight>215</weight>
<year>2017</year>
<team-id>140</team-id>
<college-id>1492</college-id>
<retired>0</retired>
</TB_players>
<TB_players>
<id>5196</id>
<lastname>Goodson</lastname>
<firstname>B.J.</firstname>
<height>600</height>
<weight>240</weight>
<year>2016</year>
<team-id>140</team-id>
<college-id>1632</college-id>
<retired>0</retired>
</TB_players>
<TB_players>
<id>5197</id>
<lastname>Register</lastname>
<firstname>Chris</firstname>
<height>602</height>
<weight>245</weight>
<year>2019</year>
<team-id>140</team-id>
<college-id>1353</college-id>
<retired>0</retired>
</TB_players>
<TB_players>
<id>5200</id>
<lastname>Reader</lastname>
<firstname>D.J.</firstname>
<height>602</height>
<weight>325</weight>
<year>2016</year>
<team-id>140</team-id>
<college-id>337</college-id>
<retired>0</retired>
</TB_players>
<TB_players>
<id>5201</id>
<lastname>Yeargin</lastname>
<firstname>Richard</firstname>
<height>604</height>
<weight>225</weight>
<year>2019</year>
<team-id>140</team-id>
<college-id>885</college-id>
<retired>0</retired>
</TB_players>
<TB_players>
<id>5202</id>
<lastname>Brown</lastname>
<firstname>Beau</firstname>
<height>600</height>
<weight>195</weight>
<year>2016</year>
<team-id>140</team-id>
<college-id>1588</college-id>
<retired>0</retired>
</TB_players>
<TB_players>
<id>5205</id>
<lastname>Aiken</lastname>
<firstname>Martin</firstname>
<height>602</height>
<weight>225</weight>
<year>2017</year>
<team-id>140</team-id>
<college-id>1635</college-id>
<retired>0</retired>
</TB_players>
<TB_players>
<id>5206</id>
<lastname>Byers</lastname>
<firstname>Roderick</firstname>
<height>603</height>
<weight>290</weight>
<year>2016</year>
<team-id>140</team-id>
<college-id>678</college-id>
<retired>0</retired>
</TB_players>
<TB_players>
<id>5207</id>
<lastname>Pagano</lastname>
<firstname>Scott</firstname>
<height>603</height>
<weight>295</weight>
<year>2018</year>
<team-id>140</team-id>
<college-id>106</college-id>
<retired>0</retired>
</TB_players>
<TB_players>
<id>5208</id>
<lastname>O&apos;Daniel</lastname>
<firstname>Dorian</firstname>
<height>602</height>
<weight>215</weight>
<year>2018</year>
<team-id>140</team-id>
<college-id>1618</college-id>
<retired>0</retired>
</TB_players>
<TB_players>
<id>5210</id>
<lastname>Stone</lastname>
<firstname>Daniel</firstname>
<height>604</height>
<weight>265</weight>
<year>2016</year>
<team-id>140</team-id>
<college-id>358</college-id>
<retired>0</retired>
</TB_players>
<TB_players>
<id>5211</id>
<lastname>Rogers</lastname>
<firstname>Dane</firstname>
<height>603</height>
<weight>260</weight>
<year>2018</year>
<team-id>140</team-id>
<college-id>366</college-id>
<retired>0</retired>
</TB_players>
<TB_players>
<id>5213</id>
<lastname>Lawson</lastname>
<firstname>Shaq</firstname>
<height>603</height>
<weight>275</weight>
<year>2017</year>
<team-id>140</team-id>
<college-id>1483</college-id>
<retired>0</retired>
</TB_players>
<TB_players>
<id>5216</id>
<lastname>Watkins</lastname>
<firstname>Carlos</firstname>
<height>603</height>
<weight>295</weight>
<year>2017</year>
<team-id>140</team-id>
<college-id>1649</college-id>
<retired>0</retired>
</TB_players>
<TB_players>
<id>5217</id>
<lastname>Robinson</lastname>
<firstname>Jabril</firstname>
<height>603</height>
<weight>255</weight>
<year>2019</year>
<team-id>140</team-id>
<college-id>1650</college-id>
<retired>0</retired>
</TB_players>
<TB_players>
<id>5218</id>
<lastname>Dodd</lastname>
<firstname>Kevin</firstname>
<height>605</height>
<weight>275</weight>
<year>2017</year>
<team-id>140</team-id>
<college-id>1488</college-id>
<retired>0</retired>
</TB_players>
<TB_players>
<id>5221</id>
<lastname>Lakip</lastname>
<firstname>Ammon</firstname>
<height>511</height>
<weight>200</weight>
<year>2016</year>
<team-id>140</team-id>
<college-id>1629</college-id>
<retired>0</retired>
</TB_players>
<TB_players>
<id>5222</id>
<lastname>Groomes</lastname>
<firstname>Christian</firstname>
<height>509</height>
<weight>190</weight>
<year>2019</year>
<team-id>140</team-id>
<college-id>1483</college-id>
<retired>0</retired>
</TB_players>
<TB_players>
<id>5223</id>
<lastname>Spence</lastname>
<firstname>Alex</firstname>
<height>602</height>
<weight>190</weight>
<year>2018</year>
<team-id>140</team-id>
<college-id>997</college-id>
<retired>0</retired>
</TB_players>
<TB_players>
<id>5224</id>
<lastname>Brown</lastname>
<firstname>Jim</firstname>
<height>604</height>
<weight>230</weight>
<year>2016</year>
<team-id>140</team-id>
<college-id>1598</college-id>
<retired>0</retired>
</TB_players>
<TB_players>
<id>5225</id>
<lastname>Estes</lastname>
<firstname>David</firstname>
<height>601</height>
<weight>205</weight>
<year>2017</year>
<team-id>140</team-id>
<college-id>475</college-id>
<retired>0</retired>
</TB_players>
<TB_players>
<id>5228</id>
<lastname>Teasdall</lastname>
<firstname>Andy</firstname>
<height>511</height>
<weight>185</weight>
<year>2017</year>
<team-id>140</team-id>
<college-id>365</college-id>
<retired>0</retired>
</TB_players>
<TB_players>
<id>6454</id>
<lastname>Caruso</lastname>
<firstname>J.P.</firstname>
<height>601</height>
<weight>200</weight>
<year>2018</year>
<team-id>108</team-id>
<college-id>328</college-id>
<retired>0</retired>
</TB_players>
<TB_players>
<id>6455</id>
<lastname>Lamb</lastname>
<firstname>Taylor</firstname>
<height>602</height>
<weight>200</weight>
<year>2018</year>
<team-id>108</team-id>
<college-id>356</college-id>
<retired>0</retired>
</TB_players>
<TB_players>
<id>6456</id>
<lastname>Barbour</lastname>
<firstname>Jaylan</firstname>
<height>510</height>
<weight>165</weight>
<year>2018</year>
<team-id>108</team-id>
<college-id>315</college-id>
<retired>0</retired>
</TB_players>
<TB_players>
<id>6457</id>
<lastname>Cox</lastname>
<firstname>Marcus</firstname>
<height>510</height>
<weight>200</weight>
<year>2017</year>
<team-id>108</team-id>
<college-id>334</college-id>
<retired>0</retired>
</TB_players>
<TB_players>
<id>6458</id>
<lastname>Armstrong</lastname>
<firstname>Mykelti</firstname>
<height>602</height>
<weight>180</weight>
<year>2018</year>
<team-id>108</team-id>
<college-id>313</college-id>
<retired>0</retired>
</TB_players>
<TB_players>
<id>6461</id>
<lastname>Cathey</lastname>
<firstname>Nikia</firstname>
<height>509</height>
<weight>180</weight>
<year>2018</year>
<team-id>108</team-id>
<college-id>229</college-id>
<retired>0</retired>
</TB_players>
<TB_players>
<id>6462</id>
<lastname>Lewis</lastname>
<firstname>Ike</firstname>
<height>510</height>
<weight>175</weight>
<year>2018</year>
<team-id>108</team-id>
<college-id>358</college-id>
<retired>0</retired>
</TB_players>
<TB_players>
<id>6463</id>
<lastname>Upshaw</lastname>
<firstname>Terrence</firstname>
<height>510</height>
<weight>200</weight>
<year>2018</year>
<team-id>108</team-id>
<college-id>367</college-id>
<retired>0</retired>
</TB_players>
<TB_players>
<id>6464</id>
<lastname>Moore</lastname>
<firstname>Jalin</firstname>
<height>511</height>
<weight>190</weight>
<year>2018</year>
<team-id>108</team-id>
<college-id>366</college-id>
<retired>0</retired>
</TB_players>
<TB_players>
<id>6465</id>
<lastname>Fergerson</lastname>
<firstname>Ricky</firstname>
<height>508</height>
<weight>185</weight>
<year>2016</year>
<team-id>108</team-id>
<college-id>342</college-id>
<retired>0</retired>
</TB_players>
<TB_players>
<id>6466</id>
<lastname>Hopkins</lastname>
<firstname>Deltron</firstname>
<height>508</height>
<weight>160</weight>
<year>2018</year>
<team-id>108</team-id>
<college-id>172</college-id>
<retired>0</retired>
</TB_players>
<TB_players>
<id>6468</id>
<lastname>Davidson</lastname>
<firstname>Eric</firstname>
<height>510</height>
<weight>200</weight>
<year>2016</year>
<team-id>108</team-id>
<college-id>337</college-id>
<retired>0</retired>
</TB_players>
<TB_players>
<id>6471</id>
<lastname>Nunn</lastname>
<firstname>Beau</firstname>
<height>604</height>
<weight>290</weight>
<year>2018</year>
<team-id>108</team-id>
<college-id>369</college-id>
<retired>0</retired>
</TB_players>
<TB_players>
<id>6472</id>
<lastname>Edge-Campbell</lastname>
<firstname>Tobias</firstname>
<height>602</height>
<weight>305</weight>
<year>2018</year>
<team-id>108</team-id>
<college-id>339</college-id>
<retired>0</retired>
</TB_players>
<TB_players>
<id>6474</id>
<lastname>Meadors</lastname>
<firstname>Shaedon</firstname>
<height>602</height>
<weight>180</weight>
<year>2018</year>
<team-id>108</team-id>
<college-id>364</college-id>
<retired>0</retired>
</TB_players>
<TB_players>
<id>6475</id>
<lastname>Chapman</lastname>
<firstname>Jesse</firstname>
<height>601</height>
<weight>275</weight>
<year>2016</year>
<team-id>108</team-id>
<college-id>330</college-id>
<retired>0</retired>
</TB_players>
<TB_players>
<id>6478</id>
<lastname>Collmar</lastname>
<firstname>Jamie</firstname>
<height>602</height>
<weight>295</weight>
<year>2017</year>
<team-id>108</team-id>
<college-id>313</college-id>
<retired>0</retired>
</TB_players>
<TB_players>
<id>6479</id>
<lastname>Counts</lastname>
<firstname>Shaq</firstname>
<height>602</height>
<weight>275</weight>
<year>2016</year>
<team-id>108</team-id>
<college-id>333</college-id>
<retired>0</retired>
</TB_players>
<TB_players>
<id>6480</id>
<lastname>Jones</lastname>
<firstname>Malachi</firstname>
<height>602</height>
<weight>210</weight>
<year>2016</year>
<team-id>108</team-id>
<college-id>129</college-id>
<retired>0</retired>
</TB_players>
<TB_players>
<id>6481</id>
<lastname>Gossett</lastname>
<firstname>Colby</firstname>
<height>606</height>
<weight>315</weight>
<year>2018</year>
<team-id>108</team-id>
<college-id>347</college-id>
<retired>0</retired>
</TB_players>
<TB_players>
<id>6482</id>
<lastname>Harris</lastname>
<firstname>Davante</firstname>
<height>606</height>
<weight>275</weight>
<year>2016</year>
<team-id>108</team-id>
<college-id>351</college-id>
<retired>0</retired>
</TB_players>
<TB_players>
<id>6484</id>
<lastname>Collins</lastname>
<firstname>Parker</firstname>
<height>603</height>
<weight>295</weight>
<year>2017</year>
<team-id>108</team-id>
<college-id>331</college-id>
<retired>0</retired>
</TB_players>
<TB_players>
<id>6485</id>
<lastname>Malone</lastname>
<firstname>Madison</firstname>
<height>605</height>
<weight>270</weight>
<year>2018</year>
<team-id>108</team-id>
<college-id>229</college-id>
<retired>0</retired>
</TB_players>
<TB_players>
<id>6487</id>
<lastname>Greer</lastname>
<firstname>Chandler</firstname>
<height>605</height>
<weight>275</weight>
<year>2018</year>
<team-id>108</team-id>
<college-id>348</college-id>
<retired>0</retired>
</TB_players>
<TB_players>
<id>6489</id>
<lastname>Boyd</lastname>
<firstname>Josh</firstname>
<height>510</height>
<weight>180</weight>
<year>2018</year>
<team-id>108</team-id>
<college-id>322</college-id>
<retired>0</retired>
</TB_players>
<TB_players>
<id>6490</id>
<lastname>Nunn</lastname>
<firstname>Hunter</firstname>
<height>603</height>
<weight>215</weight>
<year>2018</year>
<team-id>108</team-id>
<college-id>369</college-id>
<retired>0</retired>
</TB_players>
<TB_players>
<id>6491</id>
<lastname>Beathard</lastname>
<firstname>Bobo</firstname>
<height>510</height>
<weight>185</weight>
<year>2016</year>
<team-id>108</team-id>
<college-id>316</college-id>
<retired>0</retired>
</TB_players>
<TB_players>
<id>6492</id>
<lastname>Jones</lastname>
<firstname>Dante</firstname>
<height>511</height>
<weight>180</weight>
<year>2018</year>
<team-id>108</team-id>
<college-id>317</college-id>
<retired>0</retired>
</TB_players>
<TB_players>
<id>6493</id>
<lastname>McElfresh</lastname>
<firstname>Simms</firstname>
<height>510</height>
<weight>180</weight>
<year>2016</year>
<team-id>108</team-id>
<college-id>357</college-id>
<retired>0</retired>
</TB_players>
<TB_players>
<id>6494</id>
<lastname>Burns</lastname>
<firstname>Barrett</firstname>
<height>604</height>
<weight>235</weight>
<year>2017</year>
<team-id>108</team-id>
<college-id>141</college-id>
<retired>0</retired>
</TB_players>
<TB_players>
<id>6495</id>
<lastname>McGuire</lastname>
<firstname>Montez</firstname>
<height>601</height>
<weight>215</weight>
<year>2016</year>
<team-id>108</team-id>
<college-id>362</college-id>
<retired>0</retired>
</TB_players>
<TB_players>
<id>6496</id>
<lastname>Capel</lastname>
<firstname>Jaquil</firstname>
<height>511</height>
<weight>190</weight>
<year>2017</year>
<team-id>108</team-id>
<college-id>327</college-id>
<retired>0</retired>
</TB_players>
<TB_players>
<id>6499</id>
<lastname>Moll</lastname>
<firstname>Michael</firstname>
<height>601</height>
<weight>225</weight>
<year>2017</year>
<team-id>108</team-id>
<college-id>357</college-id>
<retired>0</retired>
</TB_players>
<TB_players>
<id>6500</id>
<lastname>Howard</lastname>
<firstname>A.J.</firstname>
<height>511</height>
<weight>185</weight>
<year>2018</year>
<team-id>108</team-id>
<college-id>353</college-id>
<retired>0</retired>
</TB_players>
<TB_players>
<id>6501</id>
<lastname>Stringer</lastname>
<firstname>Devan</firstname>
<height>511</height>
<weight>195</weight>
<year>2018</year>
<team-id>108</team-id>
<college-id>375</college-id>
<retired>0</retired>
</TB_players>
<TB_players>
<id>6502</id>
<lastname>Ford</lastname>
<firstname>Jordan</firstname>
<height>602</height>
<weight>190</weight>
<year>2017</year>
<team-id>108</team-id>
<college-id>344</college-id>
<retired>0</retired>
</TB_players>
<TB_players>
<id>6504</id>
<lastname>Garnett</lastname>
<firstname>Treyon</firstname>
<height>601</height>
<weight>195</weight>
<year>2018</year>
<team-id>108</team-id>
<college-id>172</college-id>
<retired>0</retired>
</TB_players>
<TB_players>
<id>6505</id>
<lastname>Pinckney</lastname>
<firstname>Brandon</firstname>
<height>600</height>
<weight>185</weight>
<year>2018</year>
<team-id>108</team-id>
<college-id>314</college-id>
<retired>0</retired>
</TB_players>
<TB_players>
<id>6508</id>
<lastname>Middleton</lastname>
<firstname>Doug</firstname>
<height>600</height>
<weight>205</weight>
<year>2016</year>
<team-id>108</team-id>
<college-id>365</college-id>
<retired>0</retired>
</TB_players>
<TB_players>
<id>6512</id>
<lastname>Gibbs</lastname>
<firstname>Latrell</firstname>
<height>510</height>
<weight>170</weight>
<year>2018</year>
<team-id>108</team-id>
<college-id>345</college-id>
<retired>0</retired>
</TB_players>
<TB_players>
<id>6513</id>
<lastname>Krah</lastname>
<firstname>Aaron</firstname>
<height>511</height>
<weight>185</weight>
<year>2016</year>
<team-id>108</team-id>
<college-id>355</college-id>
<retired>0</retired>
</TB_players>
<TB_players>
<id>6514</id>
<lastname>Sombo</lastname>
<firstname>Osvaldo</firstname>
<height>602</height>
<weight>235</weight>
<year>2016</year>
<team-id>108</team-id>
<college-id>373</college-id>
<retired>0</retired>
</TB_players>
<TB_players>
<id>6515</id>
<lastname>Townes</lastname>
<firstname>Rashaad</firstname>
<height>602</height>
<weight>205</weight>
<year>2017</year>
<team-id>108</team-id>
<college-id>377</college-id>
<retired>0</retired>
</TB_players>
<TB_players>
<id>6516</id>
<lastname>Exford</lastname>
<firstname>Austin</firstname>
<height>602</height>
<weight>195</weight>
<year>2018</year>
<team-id>108</team-id>
<college-id>341</college-id>
<retired>0</retired>
</TB_players>
<TB_players>
<id>6517</id>
<lastname>Thomas</lastname>
<firstname>Toronto</firstname>
<height>600</height>
<weight>235</weight>
<year>2017</year>
<team-id>108</team-id>
<college-id>376</college-id>
<retired>0</retired>
</TB_players>
<TB_players>
<id>6518</id>
<lastname>Dada</lastname>
<firstname>Olawale</firstname>
<height>600</height>
<weight>235</weight>
<year>2017</year>
<team-id>108</team-id>
<college-id>336</college-id>
<retired>0</retired>
</TB_players>
<TB_players>
<id>6519</id>
<lastname>Sigalo</lastname>
<firstname>Junior</firstname>
<height>600</height>
<weight>185</weight>
<year>2018</year>
<team-id>108</team-id>
<college-id>350</college-id>
<retired>0</retired>
</TB_players>
<TB_players>
<id>6520</id>
<lastname>Norwood</lastname>
<firstname>Nate</firstname>
<height>602</height>
<weight>235</weight>
<year>2017</year>
<team-id>108</team-id>
<college-id>368</college-id>
<retired>0</retired>
</TB_players>
<TB_players>
<id>6521</id>
<lastname>Harkness</lastname>
<firstname>Alanmicheal</firstname>
<height>603</height>
<weight>235</weight>
<year>2018</year>
<team-id>108</team-id>
<college-id>350</college-id>
<retired>0</retired>
</TB_players>
<TB_players>
<id>6523</id>
<lastname>Ward</lastname>
<firstname>D.J.</firstname>
<height>511</height>
<weight>235</weight>
<year>2016</year>
<team-id>108</team-id>
<college-id>380</college-id>
<retired>0</retired>
</TB_players>
<TB_players>
<id>6524</id>
<lastname>Boggs</lastname>
<firstname>Eric</firstname>
<height>603</height>
<weight>235</weight>
<year>2018</year>
<team-id>108</team-id>
<college-id>320</college-id>
<retired>0</retired>
</TB_players>
<TB_players>
<id>6525</id>
<lastname>Fuller</lastname>
<firstname>Teh&apos;Ron</firstname>
<height>602</height>
<weight>205</weight>
<year>2018</year>
<team-id>108</team-id>
<college-id>218</college-id>
<retired>0</retired>
</TB_players>
<TB_players>
<id>6526</id>
<lastname>Godwin</lastname>
<firstname>Okon</firstname>
<height>602</height>
<weight>230</weight>
<year>2018</year>
<team-id>108</team-id>
<college-id>318</college-id>
<retired>0</retired>
</TB_players>
<TB_players>
<id>6528</id>
<lastname>Blair</lastname>
<firstname>Ronald</firstname>
<height>604</height>
<weight>275</weight>
<year>2016</year>
<team-id>108</team-id>
<college-id>319</college-id>
<retired>0</retired>
</TB_players>
<TB_players>
<id>6530</id>
<lastname>Fuller</lastname>
<firstname>Caleb</firstname>
<height>600</height>
<weight>225</weight>
<year>2018</year>
<team-id>108</team-id>
<college-id>321</college-id>
<retired>0</retired>
</TB_players>
<TB_players>
<id>6531</id>
<lastname>Cecil</lastname>
<firstname>Bill</firstname>
<height>600</height>
<weight>205</weight>
<year>2018</year>
<team-id>108</team-id>
<college-id>329</college-id>
<retired>0</retired>
</TB_players>
<TB_players>
<id>6532</id>
<lastname>McKinney</lastname>
<firstname>Cody</firstname>
<height>510</height>
<weight>210</weight>
<year>2017</year>
<team-id>108</team-id>
<college-id>363</college-id>
<retired>0</retired>
</TB_players>
<TB_players>
<id>6533</id>
<lastname>Small</lastname>
<firstname>Darian</firstname>
<height>602</height>
<weight>325</weight>
<year>2017</year>
<team-id>108</team-id>
<college-id>368</college-id>
<retired>0</retired>
</TB_players>
<TB_players>
<id>6534</id>
<lastname>Bronson</lastname>
<firstname>Thomas</firstname>
<height>603</height>
<weight>245</weight>
<year>2016</year>
<team-id>108</team-id>
<college-id>324</college-id>
<retired>0</retired>
</TB_players>
<TB_players>
<id>6536</id>
<lastname>Duffield</lastname>
<firstname>Levi</firstname>
<height>602</height>
<weight>195</weight>
<year>2018</year>
<team-id>108</team-id>
<college-id>338</college-id>
<retired>0</retired>
</TB_players>
<TB_players>
<id>6537</id>
<lastname>Gilchrist</lastname>
<firstname>Kennan</firstname>
<height>602</height>
<weight>210</weight>
<year>2017</year>
<team-id>108</team-id>
<college-id>346</college-id>
<retired>0</retired>
</TB_players>
<TB_players>
<id>6538</id>
<lastname>Fernandez</lastname>
<firstname>Tyson</firstname>
<height>602</height>
<weight>345</weight>
<year>2017</year>
<team-id>108</team-id>
<college-id>342</college-id>
<retired>0</retired>
</TB_players>
<TB_players>
<id>6539</id>
<lastname>Law</lastname>
<firstname>John</firstname>
<height>600</height>
<weight>235</weight>
<year>2017</year>
<team-id>108</team-id>
<college-id>88</college-id>
<retired>0</retired>
</TB_players>
<TB_players>
<id>6540</id>
<lastname>Singleton</lastname>
<firstname>Tashion</firstname>
<height>603</height>
<weight>255</weight>
<year>2017</year>
<team-id>108</team-id>
<college-id>357</college-id>
<retired>0</retired>
</TB_players>
<TB_players>
<id>6542</id>
<lastname>Stout</lastname>
<firstname>Myquon</firstname>
<height>601</height>
<weight>260</weight>
<year>2018</year>
<team-id>108</team-id>
<college-id>374</college-id>
<retired>0</retired>
</TB_players>
<TB_players>
<id>6543</id>
<lastname>Burns</lastname>
<firstname>Stephen</firstname>
<height>602</height>
<weight>260</weight>
<year>2016</year>
<team-id>108</team-id>
<college-id>326</college-id>
<retired>0</retired>
</TB_players>
<TB_players>
<id>6544</id>
<lastname>Matics</lastname>
<firstname>Zach</firstname>
<height>602</height>
<weight>195</weight>
<year>2016</year>
<team-id>108</team-id>
<college-id>360</college-id>
<retired>0</retired>
</TB_players>
<TB_players>
<id>6545</id>
<lastname>Edwards</lastname>
<firstname>Isaac</firstname>
<height>601</height>
<weight>240</weight>
<year>2016</year>
<team-id>108</team-id>
<college-id>340</college-id>
<retired>0</retired>
</TB_players>
<TB_players>
<id>6546</id>
<lastname>Critcher</lastname>
<firstname>Bentlee</firstname>
<height>601</height>
<weight>190</weight>
<year>2017</year>
<team-id>108</team-id>
<college-id>335</college-id>
<retired>0</retired>
</TB_players>
<TB_players>
<id>6551</id>
<lastname>Wilson</lastname>
<firstname>Justin</firstname>
<height>510</height>
<weight>180</weight>
<year>2018</year>
<team-id>108</team-id>
<college-id>381</college-id>
<retired>0</retired>
</TB_players>
<TB_players>
<id>6555</id>
<lastname>Fitch</lastname>
<firstname>Curtis</firstname>
<height>600</height>
<weight>190</weight>
<year>2018</year>
<team-id>108</team-id>
<college-id>343</college-id>
<retired>0</retired>
</TB_players>
<TB_players>
<id>6556</id>
<lastname>Absher</lastname>
<firstname>Brad</firstname>
<height>510</height>
<weight>170</weight>
<year>2018</year>
<team-id>108</team-id>
<college-id>309</college-id>
<retired>0</retired>
</TB_players>
<TB_players>
<id>19893</id>
<lastname>Gray</lastname>
<firstname>Alex</firstname>
<height>603</height>
<weight>210</weight>
<year>2018</year>
<team-id>108</team-id>
<college-id>351</college-id>
<retired>0</retired>
</TB_players>
<TB_players>
<id>19894</id>
<lastname>Anderson</lastname>
<firstname>Dustin</firstname>
<height>510</height>
<weight>210</weight>
<year>2017</year>
<team-id>108</team-id>
<college-id>311</college-id>
<retired>0</retired>
</TB_players>
<TB_players>
<id>21424</id>
<lastname>Reader (Off.)</lastname>
<firstname>D.J.</firstname>
<height>602</height>
<weight>325</weight>
<year>2016</year>
<team-id>140</team-id>
<college-id>337</college-id>
<retired>0</retired>
</TB_players>
<TB_players>
<id>21460</id>
<lastname>Collmar (Off.)</lastname>
<firstname>Jamie</firstname>
<height>602</height>
<weight>295</weight>
<year>2017</year>
<team-id>108</team-id>
<college-id>313</college-id>
<retired>0</retired>
</TB_players>
<TB_players>
<id>21620</id>
<lastname>Trapp</lastname>
<firstname>Amir</firstname>
<height>508</height>
<weight>155</weight>
<year>2019</year>
<team-id>140</team-id>
<college-id>1627</college-id>
<retired>0</retired>
</TB_players>
<TB_players>
<id>22043</id>
<lastname>Cote</lastname>
<firstname>Kyle</firstname>
<height>510</height>
<weight>170</weight>
<year>2019</year>
<team-id>140</team-id>
<college-id>1637</college-id>
<retired>0</retired>
</TB_players>
<TB_players>
<id>22383</id>
<lastname>McCloud</lastname>
<firstname>Ray-Ray</firstname>
<height>510</height>
<weight>175</weight>
<year>2019</year>
<team-id>140</team-id>
<college-id>384</college-id>
<retired>0</retired>
</TB_players>
<TB_players>
<id>22401</id>
<lastname>Hayes</lastname>
<firstname>Tae</firstname>
<height>511</height>
<weight>175</weight>
<year>2019</year>
<team-id>108</team-id>
<college-id>3369</college-id>
<retired>0</retired>
</TB_players>
<TB_players>
<id>22408</id>
<lastname>Williams</lastname>
<firstname>Mondo</firstname>
<height>511</height>
<weight>175</weight>
<year>2017</year>
<team-id>108</team-id>
<college-id>465</college-id>
<retired>0</retired>
</TB_players>
<TB_players>
<id>22711</id>
<lastname>Fields</lastname>
<firstname>Mark</firstname>
<height>510</height>
<weight>180</weight>
<year>2019</year>
<team-id>140</team-id>
<college-id>853</college-id>
<retired>0</retired>
</TB_players>
<TB_players>
<id>22840</id>
<lastname>Chalmers</lastname>
<firstname>Kaleb</firstname>
<height>600</height>
<weight>180</weight>
<year>2019</year>
<team-id>140</team-id>
<college-id>1476</college-id>
<retired>0</retired>
</TB_players>
<TB_players>
<id>22938</id>
<lastname>Smith</lastname>
<firstname>Van</firstname>
<height>602</height>
<weight>180</weight>
<year>2019</year>
<team-id>140</team-id>
<college-id>853</college-id>
<retired>0</retired>
</TB_players>
<TB_players>
<id>23219</id>
<lastname>Huegel</lastname>
<firstname>Greg</firstname>
<height>511</height>
<weight>185</weight>
<year>2019</year>
<team-id>140</team-id>
<college-id>351</college-id>
<retired>0</retired>
</TB_players>
<TB_players>
<id>23500</id>
<lastname>Easter</lastname>
<firstname>Jake</firstname>
<height>602</height>
<weight>186</weight>
<year>2019</year>
<team-id>108</team-id>
<college-id>838</college-id>
<retired>0</retired>
</TB_players>
<TB_players>
<id>23538</id>
<lastname>Adams</lastname>
<firstname>Mock</firstname>
<height>604</height>
<weight>187</weight>
<year>2019</year>
<team-id>108</team-id>
<college-id>1476</college-id>
<retired>0</retired>
</TB_players>
<TB_players>
<id>23710</id>
<lastname>Israel</lastname>
<firstname>Tucker</firstname>
<height>511</height>
<weight>190</weight>
<year>2019</year>
<team-id>140</team-id>
<college-id>312</college-id>
<retired>0</retired>
</TB_players>
<TB_players>
<id>23862</id>
<lastname>Johnson</lastname>
<firstname>Denzel</firstname>
<height>602</height>
<weight>190</weight>
<year>2019</year>
<team-id>140</team-id>
<college-id>903</college-id>
<retired>0</retired>
</TB_players>
<TB_players>
<id>23878</id>
<lastname>Franklin</lastname>
<firstname>Desmond</firstname>
<height>602</height>
<weight>190</weight>
<year>2019</year>
<team-id>108</team-id>
<college-id>1609</college-id>
<retired>0</retired>
</TB_players>
<TB_players>
<id>23911</id>
<lastname>Speir</lastname>
<firstname>Zeb</firstname>
<height>602</height>
<weight>190</weight>
<year>2019</year>
<team-id>108</team-id>
<college-id>6171</college-id>
<retired>0</retired>
</TB_players>
<TB_players>
<id>23913</id>
<lastname>Cain</lastname>
<firstname>Deon</firstname>
<height>602</height>
<weight>190</weight>
<year>2019</year>
<team-id>140</team-id>
<college-id>384</college-id>
<retired>0</retired>
</TB_players>
<TB_players>
<id>24017</id>
<lastname>David</lastname>
<firstname>Daniel</firstname>
<height>601</height>
<weight>192</weight>
<year>2019</year>
<team-id>108</team-id>
<college-id>2403</college-id>
<retired>0</retired>
</TB_players>
<TB_players>
<id>24119</id>
<lastname>Batson</lastname>
<firstname>Michael</firstname>
<height>510</height>
<weight>195</weight>
<year>2019</year>
<team-id>140</team-id>
<college-id>1483</college-id>
<retired>0</retired>
</TB_players>
<TB_players>
<id>24285</id>
<lastname>Spence</lastname>
<firstname>Austin</firstname>
<height>602</height>
<weight>195</weight>
<year>2019</year>
<team-id>140</team-id>
<college-id>997</college-id>
<retired>0</retired>
</TB_players>
<TB_players>
<id>24326</id>
<lastname>Letman</lastname>
<firstname>Zy</firstname>
<height>603</height>
<weight>195</weight>
<year>2017</year>
<team-id>108</team-id>
<college-id>2359</college-id>
<retired>0</retired>
</TB_players>
<TB_players>
<id>24528</id>
<lastname>Scott</lastname>
<firstname>Cameron</firstname>
<height>511</height>
<weight>200</weight>
<year>2019</year>
<team-id>140</team-id>
<college-id>997</college-id>
<retired>0</retired>
</TB_players>
<TB_players>
<id>24715</id>
<lastname>Davis</lastname>
<firstname>Akeem</firstname>
<height>602</height>
<weight>200</weight>
<year>2019</year>
<team-id>108</team-id>
<college-id>2125</college-id>
<retired>0</retired>
</TB_players>
<TB_players>
<id>24728</id>
<lastname>Bell</lastname>
<firstname>Shadell</firstname>
<height>603</height>
<weight>200</weight>
<year>2019</year>
<team-id>140</team-id>
<college-id>731</college-id>
<retired>0</retired>
</TB_players>
<TB_players>
<id>24991</id>
<lastname>Thomas</lastname>
<firstname>Josh</firstname>
<height>600</height>
<weight>205</weight>
<year>2019</year>
<team-id>108</team-id>
<college-id>228</college-id>
<retired>0</retired>
</TB_players>
<TB_players>
<id>25102</id>
<lastname>Rubino</lastname>
<firstname>Michael</firstname>
<height>603</height>
<weight>205</weight>
<year>2019</year>
<team-id>108</team-id>
<college-id>139</college-id>
<retired>0</retired>
</TB_players>
<TB_players>
<id>25134</id>
<lastname>Bryant</lastname>
<firstname>Kelly</firstname>
<height>604</height>
<weight>205</weight>
<year>2019</year>
<team-id>140</team-id>
<college-id>344</college-id>
<retired>0</retired>
</TB_players>
<TB_players>
<id>25292</id>
<lastname>Thomason</lastname>
<firstname>Ty</firstname>
<height>510</height>
<weight>210</weight>
<year>2019</year>
<team-id>140</team-id>
<college-id>774</college-id>
<retired>0</retired>
</TB_players>
<TB_players>
<id>25352</id>
<lastname>Hendrix</lastname>
<firstname>Caleb</firstname>
<height>600</height>
<weight>210</weight>
<year>2019</year>
<team-id>108</team-id>
<college-id>352</college-id>
<retired>0</retired>
</TB_players>
<TB_players>
<id>25497</id>
<lastname>Bianchi</lastname>
<firstname>Jordan</firstname>
<height>606</height>
<weight>210</weight>
<year>2016</year>
<team-id>140</team-id>
<college-id>1493</college-id>
<retired>0</retired>
</TB_players>
<TB_players>
<id>25668</id>
<lastname>Magwood</lastname>
<firstname>Jarvis</firstname>
<height>600</height>
<weight>215</weight>
<year>2019</year>
<team-id>140</team-id>
<college-id>774</college-id>
<retired>0</retired>
</TB_players>
<TB_players>
<id>25758</id>
<lastname>Brice</lastname>
<firstname>Jaquarius</firstname>
<height>602</height>
<weight>215</weight>
<year>2018</year>
<team-id>140</team-id>
<college-id>3965</college-id>
<retired>0</retired>
</TB_players>
<TB_players>
<id>25781</id>
<lastname>Muse</lastname>
<firstname>Tanner</firstname>
<height>603</height>
<weight>215</weight>
<year>2019</year>
<team-id>140</team-id>
<college-id>1902</college-id>
<retired>0</retired>
</TB_players>
<TB_players>
<id>25820</id>
<lastname>Fisher</lastname>
<firstname>Jesse</firstname>
<height>604</height>
<weight>215</weight>
<year>2019</year>
<team-id>140</team-id>
<college-id>1594</college-id>
<retired>0</retired>
</TB_players>
<TB_players>
<id>26063</id>
<lastname>Davis</lastname>
<firstname>J.D.</firstname>
<height>602</height>
<weight>220</weight>
<year>2019</year>
<team-id>140</team-id>
<college-id>1627</college-id>
<retired>0</retired>
</TB_players>
<TB_players>
<id>26064</id>
<lastname>Davis</lastname>
<firstname>Judah</firstname>
<height>602</height>
<weight>220</weight>
<year>2019</year>
<team-id>140</team-id>
<college-id>1627</college-id>
<retired>0</retired>
</TB_players>
<TB_players>
<id>26254</id>
<lastname>Davis</lastname>
<firstname>Edward</firstname>
<height>600</height>
<weight>224</weight>
<year>2019</year>
<team-id>108</team-id>
<college-id>5715</college-id>
<retired>0</retired>
</TB_players>
<TB_players>
<id>26293</id>
<lastname>Williams</lastname>
<firstname>Jalen</firstname>
<height>600</height>
<weight>225</weight>
<year>2019</year>
<team-id>140</team-id>
<college-id>903</college-id>
<retired>0</retired>
</TB_players>
<TB_players>
<id>26297</id>
<lastname>Tatko</lastname>
<firstname>Bradley</firstname>
<height>600</height>
<weight>225</weight>
<year>2018</year>
<team-id>140</team-id>
<college-id>1476</college-id>
<retired>0</retired>
</TB_players>
<TB_players>
<id>26353</id>
<lastname>Flory</lastname>
<firstname>Anthony</firstname>
<height>602</height>
<weight>225</weight>
<year>2019</year>
<team-id>108</team-id>
<college-id>199</college-id>
<retired>0</retired>
</TB_players>
<TB_players>
<id>26369</id>
<lastname>Keeney</lastname>
<firstname>Trey</firstname>
<height>602</height>
<weight>225</weight>
<year>2019</year>
<team-id>108</team-id>
<college-id>317</college-id>
<retired>0</retired>
</TB_players>
<TB_players>
<id>26410</id>
<lastname>Williams</lastname>
<firstname>Garrett</firstname>
<height>603</height>
<weight>225</weight>
<year>2019</year>
<team-id>140</team-id>
<college-id>312</college-id>
<retired>0</retired>
</TB_players>
<TB_players>
<id>26417</id>
<lastname>Smith</lastname>
<firstname>Chad</firstname>
<height>603</height>
<weight>225</weight>
<year>2019</year>
<team-id>140</team-id>
<college-id>2733</college-id>
<retired>0</retired>
</TB_players>
<TB_players>
<id>26463</id>
<lastname>Papenheim</lastname>
<firstname>Devin</firstname>
<height>606</height>
<weight>225</weight>
<year>2019</year>
<team-id>108</team-id>
<college-id>4680</college-id>
<retired>0</retired>
</TB_players>
<TB_players>
<id>26613</id>
<lastname>Reed</lastname>
<firstname>Dezmin</firstname>
<height>602</height>
<weight>230</weight>
<year>2017</year>
<team-id>108</team-id>
<college-id>88</college-id>
<retired>0</retired>
</TB_players>
<TB_players>
<id>26837</id>
<lastname>Filbey</lastname>
<firstname>Josh</firstname>
<height>601</height>
<weight>235</weight>
<year>2019</year>
<team-id>108</team-id>
<college-id>1511</college-id>
<retired>0</retired>
</TB_players>
<TB_players>
<id>26850</id>
<lastname>McMurry</lastname>
<firstname>Elias</firstname>
<height>601</height>
<weight>235</weight>
<year>2019</year>
<team-id>108</team-id>
<college-id>1611</college-id>
<retired>0</retired>
</TB_players>
<TB_players>
<id>26884</id>
<lastname>Reed</lastname>
<firstname>Collin</firstname>
<height>603</height>
<weight>235</weight>
<year>2019</year>
<team-id>108</team-id>
<college-id>1472</college-id>
<retired>0</retired>
</TB_players>
<TB_players>
<id>27082</id>
<lastname>Favoroso</lastname>
<firstname>Chris</firstname>
<height>603</height>
<weight>240</weight>
<year>2019</year>
<team-id>108</team-id>
<college-id>5285</college-id>
<retired>0</retired>
</TB_players>
<TB_players>
<id>27357</id>
<lastname>Sims</lastname>
<firstname>Antonious</firstname>
<height>603</height>
<weight>250</weight>
<year>2017</year>
<team-id>108</team-id>
<college-id>318</college-id>
<retired>0</retired>
</TB_players>
<TB_players>
<id>27377</id>
<lastname>Wilson</lastname>
<firstname>Morgan</firstname>
<height>604</height>
<weight>250</weight>
<year>2019</year>
<team-id>108</team-id>
<college-id>2740</college-id>
<retired>0</retired>
</TB_players>
<TB_players>
<id>27387</id>
<lastname>Bryant</lastname>
<firstname>Austin</firstname>
<height>604</height>
<weight>250</weight>
<year>2019</year>
<team-id>140</team-id>
<college-id>6014</college-id>
<retired>0</retired>
</TB_players>
<TB_players>
<id>27411</id>
<lastname>Ferrell</lastname>
<firstname>Clelin</firstname>
<height>605</height>
<weight>250</weight>
<year>2019</year>
<team-id>140</team-id>
<college-id>699</college-id>
<retired>0</retired>
</TB_players>
<TB_players>
<id>27488</id>
<lastname>Bevelle</lastname>
<firstname>Kaleb</firstname>
<height>604</height>
<weight>255</weight>
<year>2018</year>
<team-id>140</team-id>
<college-id>1041</college-id>
<retired>0</retired>
</TB_players>
<TB_players>
<id>27596</id>
<lastname>Slate</lastname>
<firstname>Devin</firstname>
<height>602</height>
<weight>260</weight>
<year>2016</year>
<team-id>108</team-id>
<college-id>2337</college-id>
<retired>0</retired>
</TB_players>
<TB_players>
<id>27626</id>
<lastname>Bevelle</lastname>
<firstname>Kelby</firstname>
<height>604</height>
<weight>260</weight>
<year>2018</year>
<team-id>140</team-id>
<college-id>1041</college-id>
<retired>0</retired>
</TB_players>
<TB_players>
<id>27638</id>
<lastname>Nesvisky</lastname>
<firstname>Aidan</firstname>
<height>604</height>
<weight>260</weight>
<year>2019</year>
<team-id>108</team-id>
<college-id>317</college-id>
<retired>0</retired>
</TB_players>
<TB_players>
<id>27648</id>
<lastname>Johnson</lastname>
<firstname>Victor</firstname>
<height>605</height>
<weight>260</weight>
<year>2019</year>
<team-id>108</team-id>
<college-id>331</college-id>
<retired>0</retired>
</TB_players>
<TB_players>
<id>27763</id>
<lastname>Stone (Off.)</lastname>
<firstname>Daniel</firstname>
<height>604</height>
<weight>265</weight>
<year>2016</year>
<team-id>140</team-id>
<college-id>358</college-id>
<retired>0</retired>
</TB_players>
<TB_players>
<id>27819</id>
<lastname>Dunlevy</lastname>
<firstname>Michael</firstname>
<height>600</height>
<weight>270</weight>
<year>2019</year>
<team-id>108</team-id>
<college-id>357</college-id>
<retired>0</retired>
</TB_players>
<TB_players>
<id>28010</id>
<lastname>Green</lastname>
<firstname>Noah</firstname>
<height>605</height>
<weight>275</weight>
<year>2019</year>
<team-id>140</team-id>
<college-id>1472</college-id>
<retired>0</retired>
</TB_players>
<TB_players>
<id>28013</id>
<lastname>Johnson</lastname>
<firstname>Sterling</firstname>
<height>605</height>
<weight>275</weight>
<year>2019</year>
<team-id>140</team-id>
<college-id>1998</college-id>
<retired>0</retired>
</TB_players>
<TB_players>
<id>28102</id>
<lastname>Cline</lastname>
<firstname>Hunter</firstname>
<height>601</height>
<weight>280</weight>
<year>2019</year>
<team-id>108</team-id>
<college-id>2324</college-id>
<retired>0</retired>
</TB_players>
<TB_players>
<id>28147</id>
<lastname>Huggins</lastname>
<firstname>Albert</firstname>
<height>603</height>
<weight>280</weight>
<year>2019</year>
<team-id>140</team-id>
<college-id>238</college-id>
<retired>0</retired>
</TB_players>
<TB_players>
<id>28278</id>
<lastname>Tisch</lastname>
<firstname>Logan</firstname>
<height>602</height>
<weight>285</weight>
<year>2019</year>
<team-id>140</team-id>
<college-id>417</college-id>
<retired>0</retired>
</TB_players>
<TB_players>
<id>28335</id>
<lastname>Alexander</lastname>
<firstname>Bo</firstname>
<height>605</height>
<weight>285</weight>
<year>2019</year>
<team-id>108</team-id>
<college-id>312</college-id>
<retired>0</retired>
</TB_players>
<TB_players>
<id>28338</id>
<lastname>Fruhmorgen</lastname>
<firstname>Jake</firstname>
<height>605</height>
<weight>285</weight>
<year>2019</year>
<team-id>140</team-id>
<college-id>384</college-id>
<retired>0</retired>
</TB_players>
<TB_players>
<id>28345</id>
<lastname>Hyatt</lastname>
<firstname>Mitch</firstname>
<height>606</height>
<weight>285</weight>
<year>2019</year>
<team-id>140</team-id>
<college-id>1468</college-id>
<retired>0</retired>
</TB_players>
<TB_players>
<id>28463</id>
<lastname>Giella</lastname>
<firstname>Zach</firstname>
<height>605</height>
<weight>290</weight>
<year>2019</year>
<team-id>140</team-id>
<college-id>2359</college-id>
<retired>0</retired>
</TB_players>
<TB_players>
<id>28538</id>
<lastname>Taylor</lastname>
<firstname>Alex</firstname>
<height>609</height>
<weight>294</weight>
<year>2019</year>
<team-id>108</team-id>
<college-id>2998</college-id>
<retired>0</retired>
</TB_players>
<TB_players>
<id>28572</id>
<lastname>Cervenka</lastname>
<firstname>Gage</firstname>
<height>603</height>
<weight>295</weight>
<year>2019</year>
<team-id>140</team-id>
<college-id>1476</college-id>
<retired>0</retired>
</TB_players>
<TB_players>
<id>28685</id>
<lastname>Tucker</lastname>
<firstname>Harrison</firstname>
<height>603</height>
<weight>300</weight>
<year>2016</year>
<team-id>140</team-id>
<college-id>1495</college-id>
<retired>0</retired>
</TB_players>
<TB_players>
<id>28803</id>
<lastname>Barrett</lastname>
<firstname>Brody</firstname>
<height>603</height>
<weight>305</weight>
<year>2019</year>
<team-id>108</team-id>
<college-id>4088</college-id>
<retired>0</retired>
</TB_players>
<TB_players>
<id>28823</id>
<lastname>Wilkins</lastname>
<firstname>Christian</firstname>
<height>605</height>
<weight>305</weight>
<year>2019</year>
<team-id>140</team-id>
<college-id>1246</college-id>
<retired>0</retired>
</TB_players>
<TB_players>
<id>28902</id>
<lastname>Penner</lastname>
<firstname>Seth</firstname>
<height>603</height>
<weight>310</weight>
<year>2019</year>
<team-id>140</team-id>
<college-id>211</college-id>
<retired>0</retired>
</TB_players>
</dataroot>
