<?xml version="1.0" encoding="UTF-8"?>
<dataroot xmlns:od="urn:schemas-microsoft-com:officedata" generated="2015-06-03T16:07:00">
<LU_concept-type>
<id>1</id>
<abrev>B</abrev>
<description>Base</description>
<display_order>1300</display_order>
</LU_concept-type>
<LU_concept-type>
<id>2</id>
<abrev>C</abrev>
<description>Counter</description>
<display_order>400</display_order>
</LU_concept-type>
<LU_concept-type>
<id>3</id>
<abrev>D</abrev>
<description>Draw</description>
<display_order>600</display_order>
</LU_concept-type>
<LU_concept-type>
<id>4</id>
<abrev>F</abrev>
<description>FB Run</description>
<display_order>900</display_order>
</LU_concept-type>
<LU_concept-type>
<id>5</id>
<abrev>K</abrev>
<description>Trick</description>
<display_order>1100</display_order>
</LU_concept-type>
<LU_concept-type>
<id>6</id>
<abrev>L</abrev>
<description>Lead</description>
<display_order>800</display_order>
</LU_concept-type>
<LU_concept-type>
<id>7</id>
<abrev>O</abrev>
<description>Option</description>
<display_order>100</display_order>
</LU_concept-type>
<LU_concept-type>
<id>8</id>
<abrev>P</abrev>
<description>Pitch</description>
<display_order>200</display_order>
</LU_concept-type>
<LU_concept-type>
<id>9</id>
<abrev>Q</abrev>
<description>QB Runs</description>
<display_order>1000</display_order>
</LU_concept-type>
<LU_concept-type>
<id>10</id>
<abrev>S</abrev>
<description>Stretch</description>
<display_order>1200</display_order>
</LU_concept-type>
<LU_concept-type>
<id>11</id>
<abrev>T</abrev>
<description>Trap</description>
<display_order>300</display_order>
</LU_concept-type>
<LU_concept-type>
<id>12</id>
<abrev>W</abrev>
<description>Wham</description>
<display_order>500</display_order>
</LU_concept-type>
<LU_concept-type>
<id>13</id>
<abrev>U</abrev>
<description>Pull Lead</description>
<display_order>700</display_order>
</LU_concept-type>
<LU_concept-type>
<id>14</id>
<abrev>A</abrev>
<description>Cutback</description>
<display_order>1400</display_order>
</LU_concept-type>
<LU_concept-type>
<id>15</id>
<abrev>X</abrev>
<description>Cross Lead</description>
<display_order>750</display_order>
</LU_concept-type>
</dataroot>
