<?xml version="1.0" encoding="UTF-8"?>
<dataroot xmlns:od="urn:schemas-microsoft-com:officedata" generated="2015-06-03T16:07:01">
<LU_dropback-type>
<id>1</id>
<abrev>SD</abrev>
<description>Straight Drop</description>
</LU_dropback-type>
<LU_dropback-type>
<id>2</id>
<abrev>RR</abrev>
<description>Roll Right</description>
</LU_dropback-type>
<LU_dropback-type>
<id>3</id>
<abrev>RL</abrev>
<description>Roll Left</description>
</LU_dropback-type>
<LU_dropback-type>
<id>4</id>
<abrev>SR</abrev>
<description>Scramble Right</description>
</LU_dropback-type>
<LU_dropback-type>
<id>5</id>
<abrev>SL</abrev>
<description>Scramble Left</description>
</LU_dropback-type>
<LU_dropback-type>
<id>8</id>
<abrev>RSR</abrev>
<description>Roll Scramble Right</description>
</LU_dropback-type>
<LU_dropback-type>
<id>9</id>
<abrev>RSL</abrev>
<description>Roll Scramble Left</description>
</LU_dropback-type>
</dataroot>
