<?xml version="1.0" encoding="UTF-8"?>
<dataroot xmlns:od="urn:schemas-microsoft-com:officedata" generated="2015-06-03T16:07:02">
<LU_PassPosDepth>
<ppd>-70</ppd>
<ppd-Actual>50</ppd-Actual>
<Order>61</Order>
</LU_PassPosDepth>
<LU_PassPosDepth>
<ppd>-69</ppd>
<ppd-Actual>-49</ppd-Actual>
<Order>62</Order>
</LU_PassPosDepth>
<LU_PassPosDepth>
<ppd>-68</ppd>
<ppd-Actual>-48</ppd-Actual>
<Order>63</Order>
</LU_PassPosDepth>
<LU_PassPosDepth>
<ppd>-67</ppd>
<ppd-Actual>-47</ppd-Actual>
<Order>64</Order>
</LU_PassPosDepth>
<LU_PassPosDepth>
<ppd>-66</ppd>
<ppd-Actual>-46</ppd-Actual>
<Order>65</Order>
</LU_PassPosDepth>
<LU_PassPosDepth>
<ppd>-65</ppd>
<ppd-Actual>-45</ppd-Actual>
<Order>66</Order>
</LU_PassPosDepth>
<LU_PassPosDepth>
<ppd>-64</ppd>
<ppd-Actual>-44</ppd-Actual>
<Order>67</Order>
</LU_PassPosDepth>
<LU_PassPosDepth>
<ppd>-63</ppd>
<ppd-Actual>-43</ppd-Actual>
<Order>68</Order>
</LU_PassPosDepth>
<LU_PassPosDepth>
<ppd>-62</ppd>
<ppd-Actual>-42</ppd-Actual>
<Order>69</Order>
</LU_PassPosDepth>
<LU_PassPosDepth>
<ppd>-61</ppd>
<ppd-Actual>-41</ppd-Actual>
<Order>70</Order>
</LU_PassPosDepth>
<LU_PassPosDepth>
<ppd>-60</ppd>
<ppd-Actual>-40</ppd-Actual>
<Order>71</Order>
</LU_PassPosDepth>
<LU_PassPosDepth>
<ppd>-59</ppd>
<ppd-Actual>-39</ppd-Actual>
<Order>72</Order>
</LU_PassPosDepth>
<LU_PassPosDepth>
<ppd>-58</ppd>
<ppd-Actual>-38</ppd-Actual>
<Order>73</Order>
</LU_PassPosDepth>
<LU_PassPosDepth>
<ppd>-57</ppd>
<ppd-Actual>-37</ppd-Actual>
<Order>74</Order>
</LU_PassPosDepth>
<LU_PassPosDepth>
<ppd>-56</ppd>
<ppd-Actual>-36</ppd-Actual>
<Order>75</Order>
</LU_PassPosDepth>
<LU_PassPosDepth>
<ppd>-55</ppd>
<ppd-Actual>-35</ppd-Actual>
<Order>76</Order>
</LU_PassPosDepth>
<LU_PassPosDepth>
<ppd>-54</ppd>
<ppd-Actual>-34</ppd-Actual>
<Order>77</Order>
</LU_PassPosDepth>
<LU_PassPosDepth>
<ppd>-53</ppd>
<ppd-Actual>-33</ppd-Actual>
<Order>78</Order>
</LU_PassPosDepth>
<LU_PassPosDepth>
<ppd>-52</ppd>
<ppd-Actual>-32</ppd-Actual>
<Order>79</Order>
</LU_PassPosDepth>
<LU_PassPosDepth>
<ppd>-51</ppd>
<ppd-Actual>-31</ppd-Actual>
<Order>80</Order>
</LU_PassPosDepth>
<LU_PassPosDepth>
<ppd>-50</ppd>
<ppd-Actual>-30</ppd-Actual>
<Order>81</Order>
</LU_PassPosDepth>
<LU_PassPosDepth>
<ppd>-49</ppd>
<ppd-Actual>-29</ppd-Actual>
<Order>82</Order>
</LU_PassPosDepth>
<LU_PassPosDepth>
<ppd>-48</ppd>
<ppd-Actual>-28</ppd-Actual>
<Order>83</Order>
</LU_PassPosDepth>
<LU_PassPosDepth>
<ppd>-47</ppd>
<ppd-Actual>-27</ppd-Actual>
<Order>84</Order>
</LU_PassPosDepth>
<LU_PassPosDepth>
<ppd>-46</ppd>
<ppd-Actual>-26</ppd-Actual>
<Order>85</Order>
</LU_PassPosDepth>
<LU_PassPosDepth>
<ppd>-45</ppd>
<ppd-Actual>-25</ppd-Actual>
<Order>86</Order>
</LU_PassPosDepth>
<LU_PassPosDepth>
<ppd>-44</ppd>
<ppd-Actual>-24</ppd-Actual>
<Order>87</Order>
</LU_PassPosDepth>
<LU_PassPosDepth>
<ppd>-43</ppd>
<ppd-Actual>-23</ppd-Actual>
<Order>88</Order>
</LU_PassPosDepth>
<LU_PassPosDepth>
<ppd>-42</ppd>
<ppd-Actual>-22</ppd-Actual>
<Order>89</Order>
</LU_PassPosDepth>
<LU_PassPosDepth>
<ppd>-41</ppd>
<ppd-Actual>-21</ppd-Actual>
<Order>90</Order>
</LU_PassPosDepth>
<LU_PassPosDepth>
<ppd>-40</ppd>
<ppd-Actual>-20</ppd-Actual>
<Order>91</Order>
</LU_PassPosDepth>
<LU_PassPosDepth>
<ppd>-39</ppd>
<ppd-Actual>-19</ppd-Actual>
<Order>92</Order>
</LU_PassPosDepth>
<LU_PassPosDepth>
<ppd>-38</ppd>
<ppd-Actual>-18</ppd-Actual>
<Order>93</Order>
</LU_PassPosDepth>
<LU_PassPosDepth>
<ppd>-37</ppd>
<ppd-Actual>-17</ppd-Actual>
<Order>94</Order>
</LU_PassPosDepth>
<LU_PassPosDepth>
<ppd>-36</ppd>
<ppd-Actual>-16</ppd-Actual>
<Order>95</Order>
</LU_PassPosDepth>
<LU_PassPosDepth>
<ppd>-35</ppd>
<ppd-Actual>-15</ppd-Actual>
<Order>96</Order>
</LU_PassPosDepth>
<LU_PassPosDepth>
<ppd>-34</ppd>
<ppd-Actual>-14</ppd-Actual>
<Order>97</Order>
</LU_PassPosDepth>
<LU_PassPosDepth>
<ppd>-33</ppd>
<ppd-Actual>-13</ppd-Actual>
<Order>98</Order>
</LU_PassPosDepth>
<LU_PassPosDepth>
<ppd>-32</ppd>
<ppd-Actual>-12</ppd-Actual>
<Order>99</Order>
</LU_PassPosDepth>
<LU_PassPosDepth>
<ppd>-31</ppd>
<ppd-Actual>-11</ppd-Actual>
<Order>100</Order>
</LU_PassPosDepth>
<LU_PassPosDepth>
<ppd>-30</ppd>
<ppd-Actual>-10</ppd-Actual>
<Order>101</Order>
</LU_PassPosDepth>
<LU_PassPosDepth>
<ppd>-29</ppd>
<ppd-Actual>-9</ppd-Actual>
<Order>102</Order>
</LU_PassPosDepth>
<LU_PassPosDepth>
<ppd>-28</ppd>
<ppd-Actual>-8</ppd-Actual>
<Order>103</Order>
</LU_PassPosDepth>
<LU_PassPosDepth>
<ppd>-27</ppd>
<ppd-Actual>-7</ppd-Actual>
<Order>104</Order>
</LU_PassPosDepth>
<LU_PassPosDepth>
<ppd>-26</ppd>
<ppd-Actual>-6</ppd-Actual>
<Order>105</Order>
</LU_PassPosDepth>
<LU_PassPosDepth>
<ppd>-25</ppd>
<ppd-Actual>-5</ppd-Actual>
<Order>106</Order>
</LU_PassPosDepth>
<LU_PassPosDepth>
<ppd>-24</ppd>
<ppd-Actual>-4</ppd-Actual>
<Order>107</Order>
</LU_PassPosDepth>
<LU_PassPosDepth>
<ppd>-23</ppd>
<ppd-Actual>-3</ppd-Actual>
<Order>108</Order>
</LU_PassPosDepth>
<LU_PassPosDepth>
<ppd>-22</ppd>
<ppd-Actual>-2</ppd-Actual>
<Order>109</Order>
</LU_PassPosDepth>
<LU_PassPosDepth>
<ppd>-21</ppd>
<ppd-Actual>-1</ppd-Actual>
<Order>110</Order>
</LU_PassPosDepth>
<LU_PassPosDepth>
<ppd>-20</ppd>
<ppd-Actual>Hm GL</ppd-Actual>
<Order>111</Order>
</LU_PassPosDepth>
<LU_PassPosDepth>
<ppd>-19</ppd>
<ppd-Actual>Hm EZ 01</ppd-Actual>
<Order>112</Order>
</LU_PassPosDepth>
<LU_PassPosDepth>
<ppd>-18</ppd>
<ppd-Actual>Hm EZ 02</ppd-Actual>
<Order>113</Order>
</LU_PassPosDepth>
<LU_PassPosDepth>
<ppd>-17</ppd>
<ppd-Actual>Hm EZ 03</ppd-Actual>
<Order>114</Order>
</LU_PassPosDepth>
<LU_PassPosDepth>
<ppd>-16</ppd>
<ppd-Actual>Hm EZ 04</ppd-Actual>
<Order>115</Order>
</LU_PassPosDepth>
<LU_PassPosDepth>
<ppd>-15</ppd>
<ppd-Actual>Hm EZ 05</ppd-Actual>
<Order>116</Order>
</LU_PassPosDepth>
<LU_PassPosDepth>
<ppd>-14</ppd>
<ppd-Actual>Hm EZ 06</ppd-Actual>
<Order>117</Order>
</LU_PassPosDepth>
<LU_PassPosDepth>
<ppd>-13</ppd>
<ppd-Actual>Hm EZ 07</ppd-Actual>
<Order>118</Order>
</LU_PassPosDepth>
<LU_PassPosDepth>
<ppd>-12</ppd>
<ppd-Actual>Hm EZ 08</ppd-Actual>
<Order>119</Order>
</LU_PassPosDepth>
<LU_PassPosDepth>
<ppd>-11</ppd>
<ppd-Actual>Hm EZ 09</ppd-Actual>
<Order>120</Order>
</LU_PassPosDepth>
<LU_PassPosDepth>
<ppd>-10</ppd>
<ppd-Actual>Hm OOB</ppd-Actual>
<Order>121</Order>
</LU_PassPosDepth>
<LU_PassPosDepth>
<ppd>10</ppd>
<ppd-Actual>Aw OOB</ppd-Actual>
<Order>1</Order>
</LU_PassPosDepth>
<LU_PassPosDepth>
<ppd>11</ppd>
<ppd-Actual>Aw EZ 09</ppd-Actual>
<Order>2</Order>
</LU_PassPosDepth>
<LU_PassPosDepth>
<ppd>12</ppd>
<ppd-Actual>Aw EZ 08</ppd-Actual>
<Order>3</Order>
</LU_PassPosDepth>
<LU_PassPosDepth>
<ppd>13</ppd>
<ppd-Actual>Aw EZ 07</ppd-Actual>
<Order>4</Order>
</LU_PassPosDepth>
<LU_PassPosDepth>
<ppd>14</ppd>
<ppd-Actual>Aw EZ 06</ppd-Actual>
<Order>5</Order>
</LU_PassPosDepth>
<LU_PassPosDepth>
<ppd>15</ppd>
<ppd-Actual>Aw EZ 05</ppd-Actual>
<Order>6</Order>
</LU_PassPosDepth>
<LU_PassPosDepth>
<ppd>16</ppd>
<ppd-Actual>Aw EZ 04</ppd-Actual>
<Order>7</Order>
</LU_PassPosDepth>
<LU_PassPosDepth>
<ppd>17</ppd>
<ppd-Actual>Aw EZ 03</ppd-Actual>
<Order>8</Order>
</LU_PassPosDepth>
<LU_PassPosDepth>
<ppd>18</ppd>
<ppd-Actual>Aw EZ 02</ppd-Actual>
<Order>9</Order>
</LU_PassPosDepth>
<LU_PassPosDepth>
<ppd>19</ppd>
<ppd-Actual>Aw EZ 01</ppd-Actual>
<Order>10</Order>
</LU_PassPosDepth>
<LU_PassPosDepth>
<ppd>20</ppd>
<ppd-Actual>Aw GL</ppd-Actual>
<Order>11</Order>
</LU_PassPosDepth>
<LU_PassPosDepth>
<ppd>21</ppd>
<ppd-Actual>1</ppd-Actual>
<Order>12</Order>
</LU_PassPosDepth>
<LU_PassPosDepth>
<ppd>22</ppd>
<ppd-Actual>2</ppd-Actual>
<Order>13</Order>
</LU_PassPosDepth>
<LU_PassPosDepth>
<ppd>23</ppd>
<ppd-Actual>3</ppd-Actual>
<Order>14</Order>
</LU_PassPosDepth>
<LU_PassPosDepth>
<ppd>24</ppd>
<ppd-Actual>4</ppd-Actual>
<Order>15</Order>
</LU_PassPosDepth>
<LU_PassPosDepth>
<ppd>25</ppd>
<ppd-Actual>5</ppd-Actual>
<Order>16</Order>
</LU_PassPosDepth>
<LU_PassPosDepth>
<ppd>26</ppd>
<ppd-Actual>6</ppd-Actual>
<Order>17</Order>
</LU_PassPosDepth>
<LU_PassPosDepth>
<ppd>27</ppd>
<ppd-Actual>7</ppd-Actual>
<Order>18</Order>
</LU_PassPosDepth>
<LU_PassPosDepth>
<ppd>28</ppd>
<ppd-Actual>8</ppd-Actual>
<Order>19</Order>
</LU_PassPosDepth>
<LU_PassPosDepth>
<ppd>29</ppd>
<ppd-Actual>9</ppd-Actual>
<Order>20</Order>
</LU_PassPosDepth>
<LU_PassPosDepth>
<ppd>30</ppd>
<ppd-Actual>10</ppd-Actual>
<Order>21</Order>
</LU_PassPosDepth>
<LU_PassPosDepth>
<ppd>31</ppd>
<ppd-Actual>11</ppd-Actual>
<Order>22</Order>
</LU_PassPosDepth>
<LU_PassPosDepth>
<ppd>32</ppd>
<ppd-Actual>12</ppd-Actual>
<Order>23</Order>
</LU_PassPosDepth>
<LU_PassPosDepth>
<ppd>33</ppd>
<ppd-Actual>13</ppd-Actual>
<Order>24</Order>
</LU_PassPosDepth>
<LU_PassPosDepth>
<ppd>34</ppd>
<ppd-Actual>14</ppd-Actual>
<Order>25</Order>
</LU_PassPosDepth>
<LU_PassPosDepth>
<ppd>35</ppd>
<ppd-Actual>15</ppd-Actual>
<Order>26</Order>
</LU_PassPosDepth>
<LU_PassPosDepth>
<ppd>36</ppd>
<ppd-Actual>16</ppd-Actual>
<Order>27</Order>
</LU_PassPosDepth>
<LU_PassPosDepth>
<ppd>37</ppd>
<ppd-Actual>17</ppd-Actual>
<Order>28</Order>
</LU_PassPosDepth>
<LU_PassPosDepth>
<ppd>38</ppd>
<ppd-Actual>18</ppd-Actual>
<Order>29</Order>
</LU_PassPosDepth>
<LU_PassPosDepth>
<ppd>39</ppd>
<ppd-Actual>19</ppd-Actual>
<Order>30</Order>
</LU_PassPosDepth>
<LU_PassPosDepth>
<ppd>40</ppd>
<ppd-Actual>20</ppd-Actual>
<Order>31</Order>
</LU_PassPosDepth>
<LU_PassPosDepth>
<ppd>41</ppd>
<ppd-Actual>21</ppd-Actual>
<Order>32</Order>
</LU_PassPosDepth>
<LU_PassPosDepth>
<ppd>42</ppd>
<ppd-Actual>22</ppd-Actual>
<Order>33</Order>
</LU_PassPosDepth>
<LU_PassPosDepth>
<ppd>43</ppd>
<ppd-Actual>23</ppd-Actual>
<Order>34</Order>
</LU_PassPosDepth>
<LU_PassPosDepth>
<ppd>44</ppd>
<ppd-Actual>24</ppd-Actual>
<Order>35</Order>
</LU_PassPosDepth>
<LU_PassPosDepth>
<ppd>45</ppd>
<ppd-Actual>25</ppd-Actual>
<Order>36</Order>
</LU_PassPosDepth>
<LU_PassPosDepth>
<ppd>46</ppd>
<ppd-Actual>26</ppd-Actual>
<Order>37</Order>
</LU_PassPosDepth>
<LU_PassPosDepth>
<ppd>47</ppd>
<ppd-Actual>27</ppd-Actual>
<Order>38</Order>
</LU_PassPosDepth>
<LU_PassPosDepth>
<ppd>48</ppd>
<ppd-Actual>28</ppd-Actual>
<Order>39</Order>
</LU_PassPosDepth>
<LU_PassPosDepth>
<ppd>49</ppd>
<ppd-Actual>29</ppd-Actual>
<Order>40</Order>
</LU_PassPosDepth>
<LU_PassPosDepth>
<ppd>50</ppd>
<ppd-Actual>30</ppd-Actual>
<Order>41</Order>
</LU_PassPosDepth>
<LU_PassPosDepth>
<ppd>51</ppd>
<ppd-Actual>31</ppd-Actual>
<Order>42</Order>
</LU_PassPosDepth>
<LU_PassPosDepth>
<ppd>52</ppd>
<ppd-Actual>32</ppd-Actual>
<Order>43</Order>
</LU_PassPosDepth>
<LU_PassPosDepth>
<ppd>53</ppd>
<ppd-Actual>33</ppd-Actual>
<Order>44</Order>
</LU_PassPosDepth>
<LU_PassPosDepth>
<ppd>54</ppd>
<ppd-Actual>34</ppd-Actual>
<Order>45</Order>
</LU_PassPosDepth>
<LU_PassPosDepth>
<ppd>55</ppd>
<ppd-Actual>35</ppd-Actual>
<Order>46</Order>
</LU_PassPosDepth>
<LU_PassPosDepth>
<ppd>56</ppd>
<ppd-Actual>36</ppd-Actual>
<Order>47</Order>
</LU_PassPosDepth>
<LU_PassPosDepth>
<ppd>57</ppd>
<ppd-Actual>37</ppd-Actual>
<Order>48</Order>
</LU_PassPosDepth>
<LU_PassPosDepth>
<ppd>58</ppd>
<ppd-Actual>38</ppd-Actual>
<Order>49</Order>
</LU_PassPosDepth>
<LU_PassPosDepth>
<ppd>59</ppd>
<ppd-Actual>39</ppd-Actual>
<Order>50</Order>
</LU_PassPosDepth>
<LU_PassPosDepth>
<ppd>60</ppd>
<ppd-Actual>40</ppd-Actual>
<Order>51</Order>
</LU_PassPosDepth>
<LU_PassPosDepth>
<ppd>61</ppd>
<ppd-Actual>41</ppd-Actual>
<Order>52</Order>
</LU_PassPosDepth>
<LU_PassPosDepth>
<ppd>62</ppd>
<ppd-Actual>42</ppd-Actual>
<Order>53</Order>
</LU_PassPosDepth>
<LU_PassPosDepth>
<ppd>63</ppd>
<ppd-Actual>43</ppd-Actual>
<Order>54</Order>
</LU_PassPosDepth>
<LU_PassPosDepth>
<ppd>64</ppd>
<ppd-Actual>44</ppd-Actual>
<Order>55</Order>
</LU_PassPosDepth>
<LU_PassPosDepth>
<ppd>65</ppd>
<ppd-Actual>45</ppd-Actual>
<Order>56</Order>
</LU_PassPosDepth>
<LU_PassPosDepth>
<ppd>66</ppd>
<ppd-Actual>46</ppd-Actual>
<Order>57</Order>
</LU_PassPosDepth>
<LU_PassPosDepth>
<ppd>67</ppd>
<ppd-Actual>47</ppd-Actual>
<Order>58</Order>
</LU_PassPosDepth>
<LU_PassPosDepth>
<ppd>68</ppd>
<ppd-Actual>48</ppd-Actual>
<Order>59</Order>
</LU_PassPosDepth>
<LU_PassPosDepth>
<ppd>69</ppd>
<ppd-Actual>49</ppd-Actual>
<Order>60</Order>
</LU_PassPosDepth>
<LU_PassPosDepth>
<ppd>70</ppd>
<ppd-Actual>50</ppd-Actual>
<Order>61</Order>
</LU_PassPosDepth>
</dataroot>
