<?xml version="1.0" encoding="UTF-8"?>
<dataroot xmlns:od="urn:schemas-microsoft-com:officedata" generated="2015-06-03T16:07:10">
<TB_colleges>
<id>150</id>
<name>Columbia</name>
</TB_colleges>
<TB_colleges>
<id>155</id>
<name>Connecticut</name>
</TB_colleges>
<TB_colleges>
<id>185</id>
<name>Duke</name>
</TB_colleges>
<TB_colleges>
<id>1</id>
<name>Abilene Christian</name>
</TB_colleges>
<TB_colleges>
<id>28</id>
<name>Arkansas</name>
</TB_colleges>
<TB_colleges>
<id>354</id>
<name>LSU</name>
</TB_colleges>
<TB_colleges>
<id>381</id>
<name>Miami (Fla.)</name>
</TB_colleges>
<TB_colleges>
<id>382</id>
<name>Miami (Ohio)</name>
</TB_colleges>
<TB_colleges>
<id>383</id>
<name>Michigan</name>
</TB_colleges>
<TB_colleges>
<id>384</id>
<name>Michigan State</name>
</TB_colleges>
<TB_colleges>
<id>587</id>
<name>Southern Illinois</name>
</TB_colleges>
<TB_colleges>
<id>588</id>
<name>Southern Methodist</name>
</TB_colleges>
<TB_colleges>
<id>714</id>
<name>West Virginia</name>
</TB_colleges>
<TB_colleges>
<id>451</id>
<name>North Carolina</name>
</TB_colleges>
<TB_colleges>
<id>485</id>
<name>Ohio State</name>
</TB_colleges>
<TB_colleges>
<id>488</id>
<name>Oklahoma</name>
</TB_colleges>
<TB_colleges>
<id>494</id>
<name>Oregon</name>
</TB_colleges>
<TB_colleges>
<id>6</id>
<name>Alabama</name>
</TB_colleges>
<TB_colleges>
<id>26</id>
<name>Arizona</name>
</TB_colleges>
<TB_colleges>
<id>740</id>
<name>William &amp; Mary</name>
</TB_colleges>
<TB_colleges>
<id>750</id>
<name>Wisconsin</name>
</TB_colleges>
<TB_colleges>
<id>790</id>
<name>Texas State University - San Marcos</name>
</TB_colleges>
<TB_colleges>
<id>111</id>
<name>Catawba</name>
</TB_colleges>
<TB_colleges>
<id>117</id>
<name>Central Florida</name>
</TB_colleges>
<TB_colleges>
<id>622</id>
<name>Stanford</name>
</TB_colleges>
<TB_colleges>
<id>623</id>
<name>Stephen F. Austin</name>
</TB_colleges>
<TB_colleges>
<id>635</id>
<name>Tennessee</name>
</TB_colleges>
<TB_colleges>
<id>636</id>
<name>Tennessee - Chattanooga</name>
</TB_colleges>
<TB_colleges>
<id>643</id>
<name>Texas A &amp; M</name>
</TB_colleges>
<TB_colleges>
<id>646</id>
<name>Texas Christian</name>
</TB_colleges>
<TB_colleges>
<id>664</id>
<name>Tulsa</name>
</TB_colleges>
<TB_colleges>
<id>669</id>
<name>UCLA</name>
</TB_colleges>
<TB_colleges>
<id>677</id>
<name>USC</name>
</TB_colleges>
<TB_colleges>
<id>684</id>
<name>Vanderbilt</name>
</TB_colleges>
<TB_colleges>
<id>688</id>
<name>Virginia</name>
</TB_colleges>
<TB_colleges>
<id>691</id>
<name>Virginia Tech.</name>
</TB_colleges>
<TB_colleges>
<id>696</id>
<name>Wake Forest</name>
</TB_colleges>
<TB_colleges>
<id>429</id>
<name>Nebraska</name>
</TB_colleges>
<TB_colleges>
<id>27</id>
<name>Arizona State</name>
</TB_colleges>
<TB_colleges>
<id>31</id>
<name>Arkansas State</name>
</TB_colleges>
<TB_colleges>
<id>36</id>
<name>Auburn</name>
</TB_colleges>
<TB_colleges>
<id>51</id>
<name>Baylor</name>
</TB_colleges>
<TB_colleges>
<id>65</id>
<name>Boise State</name>
</TB_colleges>
<TB_colleges>
<id>398</id>
<name>Mississippi</name>
</TB_colleges>
<TB_colleges>
<id>508</id>
<name>Penn State</name>
</TB_colleges>
<TB_colleges>
<id>517</id>
<name>Pittsburgh</name>
</TB_colleges>
<TB_colleges>
<id>240</id>
<name>Georgia</name>
</TB_colleges>
<TB_colleges>
<id>263</id>
<name>Harvard</name>
</TB_colleges>
<TB_colleges>
<id>283</id>
<name>Illinois</name>
</TB_colleges>
<TB_colleges>
<id>292</id>
<name>Iowa</name>
</TB_colleges>
<TB_colleges>
<id>307</id>
<name>Kansas</name>
</TB_colleges>
<TB_colleges>
<id>308</id>
<name>Kansas State</name>
</TB_colleges>
<TB_colleges>
<id>544</id>
<name>Rutgers</name>
</TB_colleges>
<TB_colleges>
<id>575</id>
<name>South Carolina</name>
</TB_colleges>
<TB_colleges>
<id>93</id>
<name>California</name>
</TB_colleges>
<TB_colleges>
<id>217</id>
<name>Florida</name>
</TB_colleges>
<TB_colleges>
<id>132</id>
<name>Cincinnati</name>
</TB_colleges>
<TB_colleges>
<id>138</id>
<name>Clemson</name>
</TB_colleges>
</dataroot>
