<?xml version="1.0" encoding="UTF-8"?>
<dataroot xmlns:od="urn:schemas-microsoft-com:officedata" generated="2015-06-03T16:07:11">
<TB_games>
<id>3239</id>
<date>2014-11-23T00:00:00</date>
<season>2014</season>
<type>REG</type>
<is_preseason>0</is_preseason>
<week>12</week>
<ateam-id>7</ateam-id>
<hteam-id>13</hteam-id>
<gamebook-link>http://www.nfl.com/liveupdate/gamecenter/56335/HST_Gamebook.pdf</gamebook-link>
<nflgsis-gameid>56335</nflgsis-gameid>
<home-off-play-count>68</home-off-play-count>
<home-def-play-count>83</home-def-play-count>
</TB_games>
</dataroot>
