<?xml version="1.0" encoding="UTF-8"?>
<dataroot xmlns:od="urn:schemas-microsoft-com:officedata" generated="2015-06-03T16:07:11">
<TB_players>
<id>8700</id>
<lastname>Fiedorowicz</lastname>
<firstname>C.J.</firstname>
<dob>1991-10-22T00:00:00</dob>
<height>605</height>
<weight>265</weight>
<draft-id>1</draft-id>
<year>2014</year>
<team-id>13</team-id>
<round>3</round>
<selection>65</selection>
<college-id>292</college-id>
<retired>0</retired>
</TB_players>
<TB_players>
<id>8723</id>
<lastname>Clarke</lastname>
<firstname>Will</firstname>
<dob>1991-05-04T00:00:00</dob>
<height>606</height>
<weight>271</weight>
<draft-id>1</draft-id>
<year>2014</year>
<team-id>7</team-id>
<round>3</round>
<selection>88</selection>
<college-id>714</college-id>
<retired>0</retired>
</TB_players>
<TB_players>
<id>8746</id>
<lastname>Bodine</lastname>
<firstname>Russell</firstname>
<dob>1992-06-30T00:00:00</dob>
<height>603</height>
<weight>306</weight>
<draft-id>1</draft-id>
<year>2014</year>
<team-id>7</team-id>
<round>4</round>
<selection>111</selection>
<college-id>451</college-id>
<retired>0</retired>
</TB_players>
<TB_players>
<id>8770</id>
<lastname>Savage</lastname>
<firstname>Tom</firstname>
<dob>1990-04-26T00:00:00</dob>
<height>604</height>
<weight>228</weight>
<draft-id>1</draft-id>
<year>2014</year>
<team-id>13</team-id>
<round>4</round>
<selection>135</selection>
<college-id>517</college-id>
<retired>0</retired>
</TB_players>
<TB_players>
<id>9107</id>
<lastname>Hewitt</lastname>
<firstname>Ryan</firstname>
<dob>1991-01-24T00:00:00</dob>
<height>604</height>
<weight>254</weight>
<draft-id>2</draft-id>
<year>2014</year>
<team-id>7</team-id>
<college-id>622</college-id>
<retired>0</retired>
</TB_players>
<TB_players>
<id>8659</id>
<lastname>Dennard</lastname>
<firstname>Darqueze</firstname>
<dob>1991-10-10T00:00:00</dob>
<height>511</height>
<weight>202</weight>
<draft-id>1</draft-id>
<year>2014</year>
<team-id>7</team-id>
<round>1</round>
<selection>24</selection>
<college-id>384</college-id>
<retired>0</retired>
</TB_players>
<TB_players>
<id>8668</id>
<lastname>Su&apos;a-Filo</lastname>
<firstname>Xavier</firstname>
<dob>1991-01-01T00:00:00</dob>
<height>604</height>
<weight>307</weight>
<draft-id>1</draft-id>
<year>2014</year>
<team-id>13</team-id>
<round>2</round>
<selection>33</selection>
<college-id>669</college-id>
<retired>0</retired>
</TB_players>
<TB_players>
<id>8690</id>
<lastname>Hill</lastname>
<firstname>Jeremy</firstname>
<dob>1992-10-20T00:00:00</dob>
<height>601</height>
<weight>238</weight>
<draft-id>1</draft-id>
<year>2014</year>
<team-id>7</team-id>
<round>2</round>
<selection>55</selection>
<college-id>354</college-id>
<retired>0</retired>
</TB_players>
<TB_players>
<id>8812</id>
<lastname>Pagan</lastname>
<firstname>Jeoffrey</firstname>
<dob>1993-06-10T00:00:00</dob>
<height>603</height>
<weight>310</weight>
<draft-id>1</draft-id>
<year>2014</year>
<team-id>13</team-id>
<round>6</round>
<selection>177</selection>
<college-id>6</college-id>
<retired>0</retired>
</TB_players>
<TB_players>
<id>8816</id>
<lastname>Blue</lastname>
<firstname>Alfred</firstname>
<dob>1991-04-27T00:00:00</dob>
<height>602</height>
<weight>223</weight>
<draft-id>1</draft-id>
<year>2014</year>
<team-id>13</team-id>
<round>6</round>
<selection>181</selection>
<college-id>354</college-id>
<retired>0</retired>
</TB_players>
<TB_players>
<id>8845</id>
<lastname>Prosch</lastname>
<firstname>Jay</firstname>
<dob>1992-08-21T00:00:00</dob>
<height>601</height>
<weight>256</weight>
<draft-id>1</draft-id>
<year>2014</year>
<team-id>13</team-id>
<round>6</round>
<selection>211</selection>
<college-id>36</college-id>
<retired>0</retired>
</TB_players>
<TB_players>
<id>8846</id>
<lastname>Flowers</lastname>
<firstname>Marquis</firstname>
<dob>1992-02-16T00:00:00</dob>
<height>603</height>
<weight>240</weight>
<draft-id>1</draft-id>
<year>2014</year>
<team-id>7</team-id>
<round>6</round>
<selection>212</selection>
<college-id>26</college-id>
<retired>0</retired>
</TB_players>
<TB_players>
<id>8850</id>
<lastname>Hal</lastname>
<firstname>Andre</firstname>
<dob>1992-05-30T00:00:00</dob>
<height>510</height>
<weight>188</weight>
<draft-id>1</draft-id>
<year>2014</year>
<team-id>13</team-id>
<round>7</round>
<selection>216</selection>
<college-id>684</college-id>
<retired>0</retired>
</TB_players>
<TB_players>
<id>8873</id>
<lastname>Wright</lastname>
<firstname>James</firstname>
<dob>1991-12-31T00:00:00</dob>
<height>601</height>
<weight>201</weight>
<draft-id>1</draft-id>
<year>2014</year>
<team-id>7</team-id>
<round>7</round>
<selection>239</selection>
<college-id>354</college-id>
<retired>0</retired>
</TB_players>
<TB_players>
<id>8919</id>
<lastname>Bullough</lastname>
<firstname>Max</firstname>
<dob>1992-02-11T00:00:00</dob>
<height>603</height>
<weight>249</weight>
<draft-id>2</draft-id>
<year>2014</year>
<team-id>13</team-id>
<college-id>384</college-id>
<retired>0</retired>
</TB_players>
<TB_players>
<id>2969</id>
<lastname>Joseph</lastname>
<firstname>Johnathan</firstname>
<dob>1984-04-16T00:00:00</dob>
<height>511</height>
<weight>193</weight>
<speed>4.31</speed>
<draft-id>1</draft-id>
<year>2006</year>
<team-id>7</team-id>
<round>1</round>
<selection>24</selection>
<college-id>575</college-id>
<retired>0</retired>
</TB_players>
<TB_players>
<id>2987</id>
<lastname>Manning</lastname>
<firstname>Danieal</firstname>
<dob>1982-08-09T00:00:00</dob>
<height>511</height>
<weight>196</weight>
<speed>4.49</speed>
<draft-id>1</draft-id>
<year>2006</year>
<team-id>6</team-id>
<round>2</round>
<selection>42</selection>
<college-id>1</college-id>
<retired>0</retired>
</TB_players>
<TB_players>
<id>3000</id>
<lastname>Whitworth</lastname>
<firstname>Andrew</firstname>
<dob>1981-12-18T00:00:00</dob>
<height>607</height>
<weight>334</weight>
<speed>5.17</speed>
<draft-id>1</draft-id>
<year>2006</year>
<team-id>7</team-id>
<round>2</round>
<selection>55</selection>
<college-id>354</college-id>
<retired>0</retired>
</TB_players>
<TB_players>
<id>1838</id>
<lastname>Geathers</lastname>
<firstname>Robert</firstname>
<dob>1983-08-11T00:00:00</dob>
<height>603</height>
<weight>280</weight>
<speed>4.91</speed>
<draft-id>1</draft-id>
<year>2004</year>
<team-id>7</team-id>
<round>4</round>
<selection>117</selection>
<college-id>240</college-id>
<retired>0</retired>
</TB_players>
<TB_players>
<id>673</id>
<lastname>Lechler</lastname>
<firstname>Shane</firstname>
<dob>1976-08-07T00:00:00</dob>
<height>602</height>
<weight>225</weight>
<draft-id>1</draft-id>
<year>2000</year>
<team-id>23</team-id>
<round>5</round>
<selection>142</selection>
<college-id>643</college-id>
<retired>0</retired>
</TB_players>
<TB_players>
<id>799</id>
<lastname>Pickett</lastname>
<firstname>Ryan</firstname>
<dob>1979-10-08T00:00:00</dob>
<height>602</height>
<weight>310</weight>
<speed>4.88</speed>
<draft-id>1</draft-id>
<year>2001</year>
<team-id>26</team-id>
<round>1</round>
<selection>29</selection>
<college-id>485</college-id>
<retired>0</retired>
</TB_players>
<TB_players>
<id>1319</id>
<lastname>Johnson</lastname>
<firstname>Andre</firstname>
<dob>1981-07-11T00:00:00</dob>
<height>602</height>
<weight>219</weight>
<speed>4.42</speed>
<draft-id>1</draft-id>
<year>2003</year>
<team-id>13</team-id>
<round>1</round>
<selection>3</selection>
<college-id>381</college-id>
<retired>0</retired>
</TB_players>
<TB_players>
<id>1321</id>
<lastname>Newman</lastname>
<firstname>Terence</firstname>
<dob>1978-09-04T00:00:00</dob>
<height>510</height>
<weight>195</weight>
<speed>4.27</speed>
<draft-id>1</draft-id>
<year>2003</year>
<team-id>9</team-id>
<round>1</round>
<selection>5</selection>
<college-id>308</college-id>
<retired>0</retired>
</TB_players>
<TB_players>
<id>2011</id>
<lastname>Clabo</lastname>
<firstname>Tyson</firstname>
<dob>1981-10-17T00:00:00</dob>
<height>607</height>
<weight>314</weight>
<draft-id>2</draft-id>
<year>2004</year>
<team-id>10</team-id>
<college-id>696</college-id>
<retired>0</retired>
</TB_players>
<TB_players>
<id>2223</id>
<lastname>Jones</lastname>
<firstname>Adam</firstname>
<dob>1983-09-30T00:00:00</dob>
<height>509</height>
<weight>189</weight>
<speed>4.41</speed>
<draft-id>1</draft-id>
<year>2005</year>
<team-id>31</team-id>
<round>1</round>
<selection>6</selection>
<college-id>714</college-id>
<retired>0</retired>
</TB_players>
<TB_players>
<id>2242</id>
<lastname>Campbell</lastname>
<firstname>Jason</firstname>
<dob>1981-12-31T00:00:00</dob>
<height>605</height>
<weight>228</weight>
<speed>4.69</speed>
<draft-id>1</draft-id>
<year>2005</year>
<team-id>32</team-id>
<round>1</round>
<selection>25</selection>
<college-id>36</college-id>
<retired>0</retired>
</TB_players>
<TB_players>
<id>2264</id>
<lastname>Nugent</lastname>
<firstname>Mike</firstname>
<dob>1982-03-02T00:00:00</dob>
<height>510</height>
<weight>182</weight>
<draft-id>1</draft-id>
<year>2005</year>
<team-id>22</team-id>
<round>2</round>
<selection>47</selection>
<college-id>485</college-id>
<retired>0</retired>
</TB_players>
<TB_players>
<id>2417</id>
<lastname>Myers</lastname>
<firstname>Chris</firstname>
<dob>1981-09-15T00:00:00</dob>
<height>605</height>
<weight>300</weight>
<speed>5.15</speed>
<draft-id>1</draft-id>
<year>2005</year>
<team-id>10</team-id>
<round>6</round>
<selection>200</selection>
<college-id>381</college-id>
<retired>0</retired>
</TB_players>
<TB_players>
<id>2467</id>
<lastname>Fitzpatrick</lastname>
<firstname>Ryan</firstname>
<dob>1982-11-24T00:00:00</dob>
<height>602</height>
<weight>221</weight>
<speed>4.86</speed>
<draft-id>1</draft-id>
<year>2005</year>
<team-id>26</team-id>
<round>7</round>
<selection>250</selection>
<college-id>263</college-id>
<retired>0</retired>
</TB_players>
<TB_players>
<id>3068</id>
<lastname>Peko</lastname>
<firstname>Domata</firstname>
<dob>1984-11-27T00:00:00</dob>
<height>603</height>
<weight>322</weight>
<speed>5.27</speed>
<draft-id>1</draft-id>
<year>2006</year>
<team-id>7</team-id>
<round>4</round>
<selection>123</selection>
<college-id>384</college-id>
<retired>0</retired>
</TB_players>
<TB_players>
<id>3634</id>
<lastname>Hall</lastname>
<firstname>Leon</firstname>
<dob>1984-12-09T00:00:00</dob>
<height>511</height>
<weight>199</weight>
<speed>4.41</speed>
<draft-id>1</draft-id>
<year>2007</year>
<team-id>7</team-id>
<round>1</round>
<selection>18</selection>
<college-id>383</college-id>
<retired>0</retired>
</TB_players>
<TB_players>
<id>3637</id>
<lastname>Nelson</lastname>
<firstname>Reggie</firstname>
<dob>1983-09-21T00:00:00</dob>
<height>511</height>
<weight>198</weight>
<speed>4.53</speed>
<draft-id>1</draft-id>
<year>2007</year>
<team-id>15</team-id>
<round>1</round>
<selection>21</selection>
<college-id>217</college-id>
<retired>0</retired>
</TB_players>
<TB_players>
<id>3859</id>
<lastname>Harris</lastname>
<firstname>Clark</firstname>
<dob>1984-07-10T00:00:00</dob>
<height>605</height>
<weight>256</weight>
<speed>4.83</speed>
<draft-id>1</draft-id>
<year>2007</year>
<team-id>12</team-id>
<round>7</round>
<selection>243</selection>
<college-id>544</college-id>
<retired>0</retired>
</TB_players>
<TB_players>
<id>4340</id>
<lastname>Brown</lastname>
<firstname>Duane</firstname>
<dob>1985-08-30T00:00:00</dob>
<height>604</height>
<weight>315</weight>
<speed>5.09</speed>
<draft-id>1</draft-id>
<year>2008</year>
<team-id>13</team-id>
<round>1</round>
<selection>26</selection>
<college-id>691</college-id>
<retired>0</retired>
</TB_players>
<TB_players>
<id>4373</id>
<lastname>Pollak</lastname>
<firstname>Mike</firstname>
<dob>1985-02-16T00:00:00</dob>
<height>604</height>
<weight>299</weight>
<speed>5.05</speed>
<draft-id>1</draft-id>
<year>2008</year>
<team-id>14</team-id>
<round>2</round>
<selection>59</selection>
<college-id>27</college-id>
<retired>0</retired>
</TB_players>
<TB_players>
<id>4763</id>
<lastname>Gilberry</lastname>
<firstname>Wallace</firstname>
<dob>1984-12-05T00:00:00</dob>
<height>602</height>
<weight>267</weight>
<speed>4.94</speed>
<draft-id>2</draft-id>
<year>2008</year>
<team-id>21</team-id>
<college-id>6</college-id>
<retired>0</retired>
</TB_players>
<TB_players>
<id>4929</id>
<lastname>Smith Jr.</lastname>
<firstname>Andre</firstname>
<dob>1987-01-25T00:00:00</dob>
<height>604</height>
<weight>332</weight>
<draft-id>1</draft-id>
<year>2009</year>
<team-id>7</team-id>
<round>1</round>
<selection>6</selection>
<college-id>6</college-id>
<retired>0</retired>
</TB_players>
<TB_players>
<id>4938</id>
<lastname>Cushing</lastname>
<firstname>Brian</firstname>
<dob>1987-01-24T00:00:00</dob>
<height>603</height>
<weight>243</weight>
<draft-id>1</draft-id>
<year>2009</year>
<team-id>13</team-id>
<round>1</round>
<selection>15</selection>
<college-id>677</college-id>
<retired>0</retired>
</TB_players>
<TB_players>
<id>5006</id>
<lastname>Tate</lastname>
<firstname>Brandon</firstname>
<dob>1987-10-05T00:00:00</dob>
<height>600</height>
<weight>210</weight>
<draft-id>1</draft-id>
<year>2009</year>
<team-id>19</team-id>
<round>3</round>
<selection>83</selection>
<college-id>451</college-id>
<retired>0</retired>
</TB_players>
<TB_players>
<id>5066</id>
<lastname>Huber</lastname>
<firstname>Kevin</firstname>
<dob>1985-07-16T00:00:00</dob>
<height>601</height>
<weight>210</weight>
<draft-id>1</draft-id>
<year>2009</year>
<team-id>7</team-id>
<round>5</round>
<selection>142</selection>
<college-id>132</college-id>
<retired>0</retired>
</TB_players>
<TB_players>
<id>5109</id>
<lastname>Peerman</lastname>
<firstname>Cedric</firstname>
<dob>1986-10-10T00:00:00</dob>
<height>509</height>
<weight>216</weight>
<draft-id>1</draft-id>
<year>2009</year>
<team-id>3</team-id>
<round>6</round>
<selection>185</selection>
<college-id>688</college-id>
<retired>0</retired>
</TB_players>
<TB_players>
<id>4961</id>
<lastname>Maualuga</lastname>
<firstname>Rey</firstname>
<dob>1987-01-20T00:00:00</dob>
<height>602</height>
<weight>249</weight>
<draft-id>1</draft-id>
<year>2009</year>
<team-id>7</team-id>
<round>2</round>
<selection>38</selection>
<college-id>677</college-id>
<retired>0</retired>
</TB_players>
<TB_players>
<id>5328</id>
<lastname>Brock</lastname>
<firstname>Kevin</firstname>
<dob>1986-04-09T00:00:00</dob>
<height>605</height>
<weight>255</weight>
<draft-id>2</draft-id>
<year>2009</year>
<team-id>22</team-id>
<college-id>544</college-id>
<retired>0</retired>
</TB_players>
<TB_players>
<id>5398</id>
<lastname>Foster</lastname>
<firstname>Arian</firstname>
<dob>1986-08-24T00:00:00</dob>
<height>601</height>
<weight>217</weight>
<draft-id>2</draft-id>
<year>2009</year>
<team-id>13</team-id>
<college-id>635</college-id>
<retired>0</retired>
</TB_players>
<TB_players>
<id>5400</id>
<lastname>Jamison</lastname>
<firstname>Tim</firstname>
<dob>1986-02-26T00:00:00</dob>
<height>602</height>
<weight>263</weight>
<draft-id>2</draft-id>
<year>2009</year>
<team-id>13</team-id>
<college-id>383</college-id>
<retired>0</retired>
</TB_players>
<TB_players>
<id>5545</id>
<lastname>Jackson</lastname>
<firstname>Kareem</firstname>
<dob>1988-04-10T00:00:00</dob>
<height>511</height>
<weight>196</weight>
<draft-id>1</draft-id>
<year>2010</year>
<team-id>13</team-id>
<round>1</round>
<selection>20</selection>
<college-id>6</college-id>
<retired>0</retired>
</TB_players>
<TB_players>
<id>5546</id>
<lastname>Gresham</lastname>
<firstname>Jermaine</firstname>
<dob>1988-06-16T00:00:00</dob>
<height>606</height>
<weight>261</weight>
<draft-id>1</draft-id>
<year>2010</year>
<team-id>7</team-id>
<round>1</round>
<selection>21</selection>
<college-id>488</college-id>
<retired>0</retired>
</TB_players>
<TB_players>
<id>5574</id>
<lastname>Mays</lastname>
<firstname>Taylor</firstname>
<dob>1988-02-07T00:00:00</dob>
<height>603</height>
<weight>230</weight>
<draft-id>1</draft-id>
<year>2010</year>
<team-id>28</team-id>
<round>2</round>
<selection>49</selection>
<college-id>677</college-id>
<retired>0</retired>
</TB_players>
<TB_players>
<id>5579</id>
<lastname>Dunlap</lastname>
<firstname>Carlos</firstname>
<dob>1989-02-28T00:00:00</dob>
<height>606</height>
<weight>277</weight>
<draft-id>1</draft-id>
<year>2010</year>
<team-id>7</team-id>
<round>2</round>
<selection>54</selection>
<college-id>217</college-id>
<retired>0</retired>
</TB_players>
<TB_players>
<id>5642</id>
<lastname>Graham</lastname>
<firstname>Garrett</firstname>
<dob>1986-08-04T00:00:00</dob>
<height>603</height>
<weight>243</weight>
<draft-id>1</draft-id>
<year>2010</year>
<team-id>13</team-id>
<round>4</round>
<selection>118</selection>
<college-id>750</college-id>
<retired>0</retired>
</TB_players>
<TB_players>
<id>5643</id>
<lastname>Atkins</lastname>
<firstname>Geno</firstname>
<dob>1988-03-28T00:00:00</dob>
<height>601</height>
<weight>293</weight>
<draft-id>1</draft-id>
<year>2010</year>
<team-id>7</team-id>
<round>4</round>
<selection>120</selection>
<college-id>240</college-id>
<retired>0</retired>
</TB_players>
<TB_players>
<id>5659</id>
<lastname>Lewis</lastname>
<firstname>Kendrick</firstname>
<dob>1986-06-16T00:00:00</dob>
<height>600</height>
<weight>198</weight>
<draft-id>1</draft-id>
<year>2010</year>
<team-id>16</team-id>
<round>5</round>
<selection>136</selection>
<college-id>398</college-id>
<retired>0</retired>
</TB_players>
<TB_players>
<id>5692</id>
<lastname>Newhouse</lastname>
<firstname>Marshall</firstname>
<dob>1988-09-29T00:00:00</dob>
<height>604</height>
<weight>319</weight>
<draft-id>1</draft-id>
<year>2010</year>
<team-id>12</team-id>
<round>5</round>
<selection>169</selection>
<college-id>646</college-id>
<retired>0</retired>
</TB_players>
<TB_players>
<id>5800</id>
<lastname>Weeks</lastname>
<firstname>Jonathan</firstname>
<dob>1986-02-17T00:00:00</dob>
<height>510</height>
<weight>251</weight>
<draft-id>2</draft-id>
<year>2010</year>
<team-id>13</team-id>
<college-id>51</college-id>
<retired>0</retired>
</TB_players>
<TB_players>
<id>5811</id>
<lastname>Rey</lastname>
<firstname>Vincent</firstname>
<dob>1987-09-06T00:00:00</dob>
<height>602</height>
<weight>240</weight>
<draft-id>2</draft-id>
<year>2010</year>
<team-id>7</team-id>
<college-id>185</college-id>
<retired>0</retired>
</TB_players>
<TB_players>
<id>6156</id>
<lastname>Green</lastname>
<firstname>A.J.</firstname>
<dob>1988-07-20T00:00:00</dob>
<height>604</height>
<weight>211</weight>
<draft-id>1</draft-id>
<year>2011</year>
<team-id>7</team-id>
<round>1</round>
<selection>4</selection>
<college-id>240</college-id>
<retired>0</retired>
</TB_players>
<TB_players>
<id>6163</id>
<lastname>Watt</lastname>
<firstname>J.J.</firstname>
<dob>1989-02-01T00:00:00</dob>
<height>605</height>
<weight>290</weight>
<draft-id>1</draft-id>
<year>2011</year>
<team-id>13</team-id>
<round>1</round>
<selection>11</selection>
<college-id>750</college-id>
<retired>0</retired>
</TB_players>
<TB_players>
<id>6187</id>
<lastname>Dalton</lastname>
<firstname>Andy</firstname>
<dob>1987-10-15T00:00:00</dob>
<height>602</height>
<weight>215</weight>
<draft-id>1</draft-id>
<year>2011</year>
<team-id>7</team-id>
<round>2</round>
<selection>35</selection>
<college-id>646</college-id>
<retired>0</retired>
</TB_players>
<TB_players>
<id>6194</id>
<lastname>Reed</lastname>
<firstname>Brooks</firstname>
<dob>1987-02-25T00:00:00</dob>
<height>602</height>
<weight>262</weight>
<draft-id>1</draft-id>
<year>2011</year>
<team-id>13</team-id>
<round>2</round>
<selection>42</selection>
<college-id>26</college-id>
<retired>0</retired>
</TB_players>
<TB_players>
<id>6211</id>
<lastname>Little</lastname>
<firstname>Greg</firstname>
<dob>1989-05-30T00:00:00</dob>
<height>602</height>
<weight>231</weight>
<draft-id>1</draft-id>
<year>2011</year>
<team-id>8</team-id>
<round>2</round>
<selection>59</selection>
<college-id>451</college-id>
<retired>0</retired>
</TB_players>
<TB_players>
<id>6226</id>
<lastname>Mallett</lastname>
<firstname>Ryan</firstname>
<dob>1988-05-11T00:00:00</dob>
<height>607</height>
<weight>253</weight>
<draft-id>1</draft-id>
<year>2011</year>
<team-id>19</team-id>
<round>3</round>
<selection>74</selection>
<college-id>28</college-id>
<retired>0</retired>
</TB_players>
<TB_players>
<id>6243</id>
<lastname>Dent</lastname>
<firstname>Akeem</firstname>
<dob>1987-09-19T00:00:00</dob>
<height>601</height>
<weight>242</weight>
<draft-id>1</draft-id>
<year>2011</year>
<team-id>2</team-id>
<round>3</round>
<selection>91</selection>
<college-id>240</college-id>
<retired>0</retired>
</TB_players>
<TB_players>
<id>6253</id>
<lastname>Boling</lastname>
<firstname>Clint</firstname>
<dob>1989-04-01T00:00:00</dob>
<height>605</height>
<weight>306</weight>
<draft-id>1</draft-id>
<year>2011</year>
<team-id>7</team-id>
<round>4</round>
<selection>101</selection>
<college-id>240</college-id>
<retired>0</retired>
</TB_players>
<TB_players>
<id>6341</id>
<lastname>Mohamed</lastname>
<firstname>Mike</firstname>
<dob>1988-02-23T00:00:00</dob>
<height>603</height>
<weight>239</weight>
<draft-id>1</draft-id>
<year>2011</year>
<team-id>10</team-id>
<round>6</round>
<selection>189</selection>
<college-id>93</college-id>
<retired>0</retired>
</TB_players>
<TB_players>
<id>6351</id>
<lastname>Powe</lastname>
<firstname>Jerrell</firstname>
<dob>1987-02-28T00:00:00</dob>
<height>602</height>
<weight>335</weight>
<draft-id>1</draft-id>
<year>2011</year>
<team-id>16</team-id>
<round>6</round>
<selection>199</selection>
<college-id>398</college-id>
<retired>0</retired>
</TB_players>
<TB_players>
<id>6366</id>
<lastname>Newton</lastname>
<firstname>Derek</firstname>
<dob>1987-10-29T00:00:00</dob>
<height>605</height>
<weight>311</weight>
<draft-id>1</draft-id>
<year>2011</year>
<team-id>13</team-id>
<round>7</round>
<selection>214</selection>
<college-id>31</college-id>
<retired>0</retired>
</TB_players>
<TB_players>
<id>6478</id>
<lastname>Tarpinian</lastname>
<firstname>Jeff</firstname>
<dob>1987-10-16T00:00:00</dob>
<height>603</height>
<weight>238</weight>
<draft-id>2</draft-id>
<year>2011</year>
<team-id>19</team-id>
<college-id>292</college-id>
<retired>0</retired>
</TB_players>
<TB_players>
<id>6570</id>
<lastname>Sanzenbacher</lastname>
<firstname>Dane</firstname>
<dob>1988-09-26T00:00:00</dob>
<height>511</height>
<weight>180</weight>
<draft-id>2</draft-id>
<year>2011</year>
<team-id>6</team-id>
<college-id>485</college-id>
<retired>0</retired>
</TB_players>
<TB_players>
<id>6960</id>
<lastname>Peko (Off.)</lastname>
<firstname>Domata</firstname>
<dob>1984-11-27T00:00:00</dob>
<height>603</height>
<weight>322</weight>
<speed>5.27</speed>
<draft-id>1</draft-id>
<year>2006</year>
<team-id>7</team-id>
<round>4</round>
<selection>123</selection>
<college-id>384</college-id>
<retired>0</retired>
</TB_players>
<TB_players>
<id>7023</id>
<lastname>Kirkpatrick</lastname>
<firstname>Dre</firstname>
<dob>1989-10-26T00:00:00</dob>
<height>602</height>
<weight>186</weight>
<draft-id>1</draft-id>
<year>2012</year>
<team-id>7</team-id>
<round>1</round>
<selection>17</selection>
<college-id>6</college-id>
<retired>0</retired>
</TB_players>
<TB_players>
<id>7093</id>
<lastname>Thompson</lastname>
<firstname>Brandon</firstname>
<dob>1989-10-19T00:00:00</dob>
<height>602</height>
<weight>314</weight>
<draft-id>1</draft-id>
<year>2012</year>
<team-id>7</team-id>
<round>3</round>
<selection>93</selection>
<college-id>138</college-id>
<retired>0</retired>
</TB_players>
<TB_players>
<id>7099</id>
<lastname>Jones</lastname>
<firstname>Ben</firstname>
<dob>1989-07-02T00:00:00</dob>
<height>603</height>
<weight>316</weight>
<draft-id>1</draft-id>
<year>2012</year>
<team-id>13</team-id>
<round>4</round>
<selection>99</selection>
<college-id>240</college-id>
<retired>0</retired>
</TB_players>
<TB_players>
<id>7031</id>
<lastname>Mercilus</lastname>
<firstname>Whitney</firstname>
<dob>1990-07-21T00:00:00</dob>
<height>604</height>
<weight>261</weight>
<draft-id>1</draft-id>
<year>2012</year>
<team-id>13</team-id>
<round>1</round>
<selection>26</selection>
<college-id>283</college-id>
<retired>0</retired>
</TB_players>
<TB_players>
<id>7561</id>
<lastname>Lamur</lastname>
<firstname>Emmanuel</firstname>
<dob>1989-06-08T00:00:00</dob>
<height>604</height>
<weight>232</weight>
<draft-id>2</draft-id>
<year>2012</year>
<team-id>7</team-id>
<college-id>308</college-id>
<retired>0</retired>
</TB_players>
<TB_players>
<id>7078</id>
<lastname>Brooks</lastname>
<firstname>Brandon</firstname>
<dob>1989-08-19T00:00:00</dob>
<height>605</height>
<weight>343</weight>
<draft-id>1</draft-id>
<year>2012</year>
<team-id>13</team-id>
<round>3</round>
<selection>76</selection>
<college-id>382</college-id>
<retired>0</retired>
</TB_players>
<TB_players>
<id>7121</id>
<lastname>Martin</lastname>
<firstname>Keshawn</firstname>
<dob>1990-03-15T00:00:00</dob>
<height>511</height>
<weight>189</weight>
<draft-id>1</draft-id>
<year>2012</year>
<team-id>13</team-id>
<round>4</round>
<selection>121</selection>
<college-id>384</college-id>
<retired>0</retired>
</TB_players>
<TB_players>
<id>7126</id>
<lastname>Crick</lastname>
<firstname>Jared</firstname>
<dob>1989-08-21T00:00:00</dob>
<height>604</height>
<weight>279</weight>
<draft-id>1</draft-id>
<year>2012</year>
<team-id>13</team-id>
<round>4</round>
<selection>126</selection>
<college-id>429</college-id>
<retired>0</retired>
</TB_players>
<TB_players>
<id>7070</id>
<lastname>Posey</lastname>
<firstname>DeVier</firstname>
<dob>1990-03-15T00:00:00</dob>
<height>602</height>
<weight>210</weight>
<draft-id>1</draft-id>
<year>2012</year>
<team-id>13</team-id>
<round>3</round>
<selection>68</selection>
<college-id>485</college-id>
<retired>0</retired>
</TB_players>
<TB_players>
<id>7593</id>
<lastname>Pleasant</lastname>
<firstname>Eddie</firstname>
<dob>1988-12-17T00:00:00</dob>
<height>510</height>
<weight>213</weight>
<draft-id>2</draft-id>
<year>2012</year>
<team-id>13</team-id>
<college-id>494</college-id>
<retired>0</retired>
</TB_players>
<TB_players>
<id>7056</id>
<lastname>Still</lastname>
<firstname>Devon</firstname>
<dob>1989-07-11T00:00:00</dob>
<height>605</height>
<weight>303</weight>
<draft-id>1</draft-id>
<year>2012</year>
<team-id>7</team-id>
<round>2</round>
<selection>53</selection>
<college-id>508</college-id>
<retired>0</retired>
</TB_players>
<TB_players>
<id>7084</id>
<lastname>Sanu</lastname>
<firstname>Mohamed</firstname>
<dob>1989-08-22T00:00:00</dob>
<height>601</height>
<weight>211</weight>
<draft-id>1</draft-id>
<year>2012</year>
<team-id>7</team-id>
<round>3</round>
<selection>83</selection>
<college-id>544</college-id>
<retired>0</retired>
</TB_players>
<TB_players>
<id>7280</id>
<lastname>Burfict</lastname>
<firstname>Vontaze</firstname>
<dob>1990-09-24T00:00:00</dob>
<height>601</height>
<weight>248</weight>
<draft-id>2</draft-id>
<year>2012</year>
<team-id>7</team-id>
<college-id>27</college-id>
<retired>0</retired>
</TB_players>
<TB_players>
<id>7159</id>
<lastname>Iloka</lastname>
<firstname>George</firstname>
<dob>1990-03-31T00:00:00</dob>
<height>604</height>
<weight>225</weight>
<draft-id>1</draft-id>
<year>2012</year>
<team-id>7</team-id>
<round>5</round>
<selection>167</selection>
<college-id>65</college-id>
<retired>0</retired>
</TB_players>
<TB_players>
<id>7624</id>
<lastname>Lewis-Harris</lastname>
<firstname>Chris</firstname>
<dob>1989-02-11T00:00:00</dob>
<height>511</height>
<weight>175</weight>
<draft-id>2</draft-id>
<year>2012</year>
<team-id>7</team-id>
<college-id>636</college-id>
<retired>0</retired>
</TB_players>
<TB_players>
<id>7154</id>
<lastname>Bullock</lastname>
<firstname>Randy</firstname>
<dob>1989-12-16T00:00:00</dob>
<height>509</height>
<weight>205</weight>
<draft-id>1</draft-id>
<year>2012</year>
<team-id>13</team-id>
<round>5</round>
<selection>161</selection>
<college-id>643</college-id>
<retired>0</retired>
</TB_players>
<TB_players>
<id>7530</id>
<lastname>Johnson</lastname>
<firstname>Damaris</firstname>
<dob>1989-11-22T00:00:00</dob>
<height>508</height>
<weight>175</weight>
<draft-id>2</draft-id>
<year>2012</year>
<team-id>24</team-id>
<college-id>664</college-id>
<retired>0</retired>
</TB_players>
<TB_players>
<id>7585</id>
<lastname>Grimes</lastname>
<firstname>Jonathan</firstname>
<dob>1989-12-21T00:00:00</dob>
<height>510</height>
<weight>201</weight>
<draft-id>2</draft-id>
<year>2012</year>
<team-id>13</team-id>
<college-id>740</college-id>
<retired>0</retired>
</TB_players>
<TB_players>
<id>7032</id>
<lastname>Zeitler</lastname>
<firstname>Kevin</firstname>
<dob>1990-03-08T00:00:00</dob>
<height>604</height>
<weight>314</weight>
<draft-id>1</draft-id>
<year>2012</year>
<team-id>7</team-id>
<round>1</round>
<selection>27</selection>
<college-id>750</college-id>
<retired>0</retired>
</TB_players>
<TB_players>
<id>7680</id>
<lastname>Adams</lastname>
<firstname>Jeff</firstname>
<dob>1989-09-06T00:00:00</dob>
<height>605</height>
<weight>305</weight>
<draft-id>2</draft-id>
<year>2012</year>
<team-id>9</team-id>
<college-id>150</college-id>
<retired>0</retired>
</TB_players>
<TB_players>
<id>7808</id>
<lastname>Hopkins</lastname>
<firstname>DeAndre</firstname>
<dob>1992-06-06T00:00:00</dob>
<height>601</height>
<weight>207</weight>
<draft-id>1</draft-id>
<year>2013</year>
<team-id>13</team-id>
<round>1</round>
<selection>27</selection>
<college-id>138</college-id>
<retired>0</retired>
</TB_players>
<TB_players>
<id>7818</id>
<lastname>Bernard</lastname>
<firstname>Giovani</firstname>
<dob>1991-11-22T00:00:00</dob>
<height>509</height>
<weight>208</weight>
<draft-id>1</draft-id>
<year>2013</year>
<team-id>7</team-id>
<round>2</round>
<selection>37</selection>
<college-id>451</college-id>
<retired>0</retired>
</TB_players>
<TB_players>
<id>7834</id>
<lastname>Hunt</lastname>
<firstname>Margus</firstname>
<dob>1987-07-14T00:00:00</dob>
<height>608</height>
<weight>280</weight>
<draft-id>1</draft-id>
<year>2013</year>
<team-id>7</team-id>
<round>2</round>
<selection>53</selection>
<college-id>588</college-id>
<retired>0</retired>
</TB_players>
<TB_players>
<id>7838</id>
<lastname>Swearinger</lastname>
<firstname>D.J.</firstname>
<dob>1991-09-01T00:00:00</dob>
<height>510</height>
<weight>217</weight>
<draft-id>1</draft-id>
<year>2013</year>
<team-id>13</team-id>
<round>2</round>
<selection>57</selection>
<college-id>575</college-id>
<retired>0</retired>
</TB_players>
<TB_players>
<id>7865</id>
<lastname>Williams</lastname>
<firstname>Shawn</firstname>
<dob>1991-05-13T00:00:00</dob>
<height>600</height>
<weight>211</weight>
<draft-id>1</draft-id>
<year>2013</year>
<team-id>7</team-id>
<round>3</round>
<selection>84</selection>
<college-id>240</college-id>
<retired>0</retired>
</TB_players>
<TB_players>
<id>7881</id>
<lastname>Johnson</lastname>
<firstname>Nico</firstname>
<dob>1990-06-19T00:00:00</dob>
<height>602</height>
<weight>249</weight>
<draft-id>1</draft-id>
<year>2013</year>
<team-id>16</team-id>
<round>4</round>
<selection>99</selection>
<college-id>6</college-id>
<retired>0</retired>
</TB_players>
<TB_players>
<id>7911</id>
<lastname>Simon</lastname>
<firstname>John</firstname>
<dob>1990-10-14T00:00:00</dob>
<height>601</height>
<weight>257</weight>
<draft-id>1</draft-id>
<year>2013</year>
<team-id>3</team-id>
<round>4</round>
<selection>129</selection>
<college-id>485</college-id>
<retired>0</retired>
</TB_players>
<TB_players>
<id>7938</id>
<lastname>Hawkinson</lastname>
<firstname>Tanner</firstname>
<dob>1990-05-14T00:00:00</dob>
<height>605</height>
<weight>300</weight>
<draft-id>1</draft-id>
<year>2013</year>
<team-id>7</team-id>
<round>5</round>
<selection>156</selection>
<college-id>307</college-id>
<retired>0</retired>
</TB_players>
<TB_players>
<id>7971</id>
<lastname>Burkhead</lastname>
<firstname>Rex</firstname>
<dob>1990-07-02T00:00:00</dob>
<height>510</height>
<weight>218</weight>
<draft-id>1</draft-id>
<year>2013</year>
<team-id>7</team-id>
<round>6</round>
<selection>190</selection>
<college-id>429</college-id>
<retired>0</retired>
</TB_players>
<TB_players>
<id>7982</id>
<lastname>Griffin</lastname>
<firstname>Ryan</firstname>
<dob>1990-01-11T00:00:00</dob>
<height>606</height>
<weight>256</weight>
<draft-id>1</draft-id>
<year>2013</year>
<team-id>13</team-id>
<round>6</round>
<selection>201</selection>
<college-id>155</college-id>
<retired>0</retired>
</TB_players>
<TB_players>
<id>8034</id>
<lastname>Johnson</lastname>
<firstname>T.J.</firstname>
<dob>1990-07-17T00:00:00</dob>
<height>604</height>
<weight>310</weight>
<draft-id>1</draft-id>
<year>2013</year>
<team-id>7</team-id>
<round>7</round>
<selection>251</selection>
<college-id>575</college-id>
<retired>0</retired>
</TB_players>
<TB_players>
<id>8105</id>
<lastname>Rolle</lastname>
<firstname>Jumal</firstname>
<dob>1990-05-28T00:00:00</dob>
<height>600</height>
<weight>185</weight>
<draft-id>2</draft-id>
<year>2013</year>
<team-id>4</team-id>
<college-id>111</college-id>
<retired>0</retired>
</TB_players>
<TB_players>
<id>8110</id>
<lastname>Bouye</lastname>
<firstname>A.J.</firstname>
<dob>1991-08-16T00:00:00</dob>
<height>600</height>
<weight>183</weight>
<draft-id>2</draft-id>
<year>2013</year>
<team-id>13</team-id>
<college-id>117</college-id>
<retired>0</retired>
</TB_players>
<TB_players>
<id>8225</id>
<lastname>Tuggle</lastname>
<firstname>Justin</firstname>
<dob>1990-01-04T00:00:00</dob>
<height>603</height>
<weight>247</weight>
<draft-id>2</draft-id>
<year>2013</year>
<team-id>13</team-id>
<college-id>308</college-id>
<retired>0</retired>
</TB_players>
<TB_players>
<id>8414</id>
<lastname>DiManche</lastname>
<firstname>Jayson</firstname>
<dob>1990-09-22T00:00:00</dob>
<height>601</height>
<weight>240</weight>
<draft-id>2</draft-id>
<year>2013</year>
<team-id>7</team-id>
<college-id>587</college-id>
<retired>0</retired>
</TB_players>
<TB_players>
<id>8428</id>
<lastname>Aubrey</lastname>
<firstname>Josh</firstname>
<dob>1991-04-09T00:00:00</dob>
<height>510</height>
<weight>200</weight>
<draft-id>2</draft-id>
<year>2013</year>
<team-id>8</team-id>
<college-id>623</college-id>
<retired>0</retired>
</TB_players>
<TB_players>
<id>8456</id>
<lastname>Morris</lastname>
<firstname>Darryl</firstname>
<dob>1990-09-04T00:00:00</dob>
<height>510</height>
<weight>188</weight>
<draft-id>2</draft-id>
<year>2013</year>
<team-id>28</team-id>
<college-id>790</college-id>
<retired>0</retired>
</TB_players>
<TB_players>
<id>8636</id>
<lastname>Clowney</lastname>
<firstname>Jadeveon</firstname>
<dob>1993-02-14T00:00:00</dob>
<height>605</height>
<weight>266</weight>
<draft-id>1</draft-id>
<year>2014</year>
<team-id>13</team-id>
<round>1</round>
<selection>1</selection>
<college-id>575</college-id>
<retired>0</retired>
</TB_players>
</dataroot>
