<?xml version="1.0" encoding="UTF-8"?>
<dataroot xmlns:od="urn:schemas-microsoft-com:officedata" generated="2015-09-12T23:30:05">
<TB_players>
<id>382</id>
<lastname>Roberts</lastname>
<firstname>Marcquis</firstname>
<height>601</height>
<weight>216</weight>
<year>2017</year>
<team-id>198</team-id>
<college-id>544</college-id>
<retired>0</retired>
</TB_players>
<TB_players>
<id>4827</id>
<lastname>Perdue</lastname>
<firstname>Quincy</firstname>
<height>603</height>
<weight>210</weight>
<year>2018</year>
<team-id>198</team-id>
<college-id>112</college-id>
<retired>0</retired>
</TB_players>
<TB_players>
<id>8949</id>
<lastname>Guzman</lastname>
<firstname>Ruben</firstname>
<height>508</height>
<weight>190</weight>
<year>2015</year>
<team-id>198</team-id>
<college-id>103</college-id>
<retired>0</retired>
</TB_players>
<TB_players>
<id>10121</id>
<lastname>Mack</lastname>
<firstname>Ryan</firstname>
<height>605</height>
<weight>309</weight>
<year>2016</year>
<team-id>218</team-id>
<college-id>229</college-id>
<retired>0</retired>
</TB_players>
<TB_players>
<id>10474</id>
<lastname>Holgorsen</lastname>
<firstname>Clay</firstname>
<height>601</height>
<weight>190</weight>
<year>2018</year>
<team-id>218</team-id>
<college-id>55</college-id>
<retired>0</retired>
</TB_players>
<TB_players>
<id>10475</id>
<lastname>Craft</lastname>
<firstname>Sam</firstname>
<height>600</height>
<weight>210</weight>
<year>2017</year>
<team-id>218</team-id>
<college-id>229</college-id>
<retired>0</retired>
</TB_players>
<TB_players>
<id>10476</id>
<lastname>Lynch</lastname>
<firstname>Paxton</firstname>
<height>607</height>
<weight>230</weight>
<year>2017</year>
<team-id>218</team-id>
<college-id>3057</college-id>
<retired>0</retired>
</TB_players>
<TB_players>
<id>10478</id>
<lastname>Stewart</lastname>
<firstname>Jason</firstname>
<height>603</height>
<weight>205</weight>
<year>2016</year>
<team-id>218</team-id>
<college-id>1801</college-id>
<retired>0</retired>
</TB_players>
<TB_players>
<id>10480</id>
<lastname>Proctor</lastname>
<firstname>Roderick</firstname>
<height>511</height>
<weight>165</weight>
<year>2018</year>
<team-id>218</team-id>
<college-id>312</college-id>
<retired>0</retired>
</TB_players>
<TB_players>
<id>10482</id>
<lastname>Dorceus</lastname>
<firstname>Doroland</firstname>
<height>510</height>
<weight>205</weight>
<year>2017</year>
<team-id>218</team-id>
<college-id>241</college-id>
<retired>0</retired>
</TB_players>
<TB_players>
<id>10483</id>
<lastname>Wallace</lastname>
<firstname>Tearris</firstname>
<height>510</height>
<weight>215</weight>
<year>2018</year>
<team-id>218</team-id>
<college-id>450</college-id>
<retired>0</retired>
</TB_players>
<TB_players>
<id>10484</id>
<lastname>Cooper</lastname>
<firstname>Jarvis</firstname>
<height>601</height>
<weight>250</weight>
<year>2018</year>
<team-id>218</team-id>
<college-id>520</college-id>
<retired>0</retired>
</TB_players>
<TB_players>
<id>10485</id>
<lastname>Miller</lastname>
<firstname>Anthony</firstname>
<height>511</height>
<weight>190</weight>
<year>2018</year>
<team-id>218</team-id>
<college-id>3056</college-id>
<retired>0</retired>
</TB_players>
<TB_players>
<id>10486</id>
<lastname>Wims</lastname>
<firstname>Frank</firstname>
<height>507</height>
<weight>180</weight>
<year>2017</year>
<team-id>218</team-id>
<college-id>102</college-id>
<retired>0</retired>
</TB_players>
<TB_players>
<id>10488</id>
<lastname>Cross</lastname>
<firstname>Alan</firstname>
<height>601</height>
<weight>245</weight>
<year>2016</year>
<team-id>218</team-id>
<college-id>800</college-id>
<retired>0</retired>
</TB_players>
<TB_players>
<id>10489</id>
<lastname>Farris</lastname>
<firstname>Isaiah</firstname>
<height>509</height>
<weight>166</weight>
<year>2016</year>
<team-id>218</team-id>
<college-id>229</college-id>
<retired>0</retired>
</TB_players>
<TB_players>
<id>10491</id>
<lastname>Frazier</lastname>
<firstname>Mose</firstname>
<height>511</height>
<weight>185</weight>
<year>2016</year>
<team-id>218</team-id>
<college-id>229</college-id>
<retired>0</retired>
</TB_players>
<TB_players>
<id>10492</id>
<lastname>Neville</lastname>
<firstname>Jace</firstname>
<height>606</height>
<weight>275</weight>
<year>2018</year>
<team-id>218</team-id>
<college-id>2404</college-id>
<retired>0</retired>
</TB_players>
<TB_players>
<id>10494</id>
<lastname>Karr</lastname>
<firstname>Alexander</firstname>
<height>605</height>
<weight>280</weight>
<year>2018</year>
<team-id>218</team-id>
<college-id>1387</college-id>
<retired>0</retired>
</TB_players>
<TB_players>
<id>10495</id>
<lastname>Aloizos</lastname>
<firstname>Christos</firstname>
<height>604</height>
<weight>295</weight>
<year>2017</year>
<team-id>218</team-id>
<college-id>3063</college-id>
<retired>0</retired>
</TB_players>
<TB_players>
<id>10496</id>
<lastname>Uselton</lastname>
<firstname>Tyler</firstname>
<height>603</height>
<weight>310</weight>
<year>2016</year>
<team-id>218</team-id>
<college-id>3064</college-id>
<retired>0</retired>
</TB_players>
<TB_players>
<id>10497</id>
<lastname>Collins</lastname>
<firstname>Zach</firstname>
<height>604</height>
<weight>285</weight>
<year>2018</year>
<team-id>218</team-id>
<college-id>229</college-id>
<retired>0</retired>
</TB_players>
<TB_players>
<id>10498</id>
<lastname>Roberson</lastname>
<firstname>Christopher</firstname>
<height>607</height>
<weight>325</weight>
<year>2017</year>
<team-id>218</team-id>
<college-id>229</college-id>
<retired>0</retired>
</TB_players>
<TB_players>
<id>10499</id>
<lastname>Mays II</lastname>
<firstname>Tony</firstname>
<height>604</height>
<weight>305</weight>
<year>2017</year>
<team-id>218</team-id>
<college-id>229</college-id>
<retired>0</retired>
</TB_players>
<TB_players>
<id>10504</id>
<lastname>Simmons</lastname>
<firstname>Micah</firstname>
<height>603</height>
<weight>295</weight>
<year>2016</year>
<team-id>218</team-id>
<college-id>3066</college-id>
<retired>0</retired>
</TB_players>
<TB_players>
<id>10505</id>
<lastname>Kuhn</lastname>
<firstname>Gabe</firstname>
<height>604</height>
<weight>290</weight>
<year>2018</year>
<team-id>218</team-id>
<college-id>639</college-id>
<retired>0</retired>
</TB_players>
<TB_players>
<id>10506</id>
<lastname>Stannard</lastname>
<firstname>Michael</firstname>
<height>602</height>
<weight>280</weight>
<year>2017</year>
<team-id>218</team-id>
<college-id>2404</college-id>
<retired>0</retired>
</TB_players>
<TB_players>
<id>10508</id>
<lastname>Fallin</lastname>
<firstname>Taylor</firstname>
<height>606</height>
<weight>325</weight>
<year>2016</year>
<team-id>218</team-id>
<college-id>1939</college-id>
<retired>0</retired>
</TB_players>
<TB_players>
<id>10511</id>
<lastname>McKillion</lastname>
<firstname>Greg</firstname>
<height>605</height>
<weight>225</weight>
<year>2017</year>
<team-id>218</team-id>
<college-id>513</college-id>
<retired>0</retired>
</TB_players>
<TB_players>
<id>10512</id>
<lastname>Montiel</lastname>
<firstname>Daniel</firstname>
<height>603</height>
<weight>235</weight>
<year>2017</year>
<team-id>218</team-id>
<college-id>44</college-id>
<retired>0</retired>
</TB_players>
<TB_players>
<id>10515</id>
<lastname>Hurd</lastname>
<firstname>Daniel</firstname>
<height>602</height>
<weight>215</weight>
<year>2017</year>
<team-id>218</team-id>
<college-id>229</college-id>
<retired>0</retired>
</TB_players>
<TB_players>
<id>10516</id>
<lastname>Young</lastname>
<firstname>Robby</firstname>
<height>604</height>
<weight>255</weight>
<year>2018</year>
<team-id>218</team-id>
<college-id>545</college-id>
<retired>0</retired>
</TB_players>
<TB_players>
<id>10518</id>
<lastname>Jones</lastname>
<firstname>Tevin</firstname>
<height>602</height>
<weight>218</weight>
<year>2016</year>
<team-id>218</team-id>
<college-id>2481</college-id>
<retired>0</retired>
</TB_players>
<TB_players>
<id>10519</id>
<lastname>Bishop</lastname>
<firstname>Drew</firstname>
<height>600</height>
<weight>185</weight>
<year>2017</year>
<team-id>218</team-id>
<college-id>229</college-id>
<retired>0</retired>
</TB_players>
<TB_players>
<id>10520</id>
<lastname>Mayhue</lastname>
<firstname>Phil</firstname>
<height>603</height>
<weight>205</weight>
<year>2018</year>
<team-id>218</team-id>
<college-id>3067</college-id>
<retired>0</retired>
</TB_players>
<TB_players>
<id>10521</id>
<lastname>Nelson</lastname>
<firstname>Dontrell</firstname>
<height>601</height>
<weight>170</weight>
<year>2017</year>
<team-id>218</team-id>
<college-id>569</college-id>
<retired>0</retired>
</TB_players>
<TB_players>
<id>10522</id>
<lastname>Lanier</lastname>
<firstname>Chauncey</firstname>
<height>510</height>
<weight>183</weight>
<year>2017</year>
<team-id>218</team-id>
<college-id>870</college-id>
<retired>0</retired>
</TB_players>
<TB_players>
<id>10524</id>
<lastname>Brady</lastname>
<firstname>Latarius</firstname>
<height>602</height>
<weight>275</weight>
<year>2017</year>
<team-id>218</team-id>
<college-id>229</college-id>
<retired>0</retired>
</TB_players>
<TB_players>
<id>10526</id>
<lastname>McManis</lastname>
<firstname>Wynton</firstname>
<height>601</height>
<weight>225</weight>
<year>2017</year>
<team-id>218</team-id>
<college-id>569</college-id>
<retired>0</retired>
</TB_players>
<TB_players>
<id>10527</id>
<lastname>Morley</lastname>
<firstname>Chris</firstname>
<height>511</height>
<weight>192</weight>
<year>2017</year>
<team-id>218</team-id>
<college-id>1543</college-id>
<retired>0</retired>
</TB_players>
<TB_players>
<id>10529</id>
<lastname>Ross</lastname>
<firstname>B.J.</firstname>
<height>509</height>
<weight>175</weight>
<year>2017</year>
<team-id>218</team-id>
<college-id>1608</college-id>
<retired>0</retired>
</TB_players>
<TB_players>
<id>10531</id>
<lastname>Witty</lastname>
<firstname>Dion</firstname>
<height>510</height>
<weight>190</weight>
<year>2016</year>
<team-id>218</team-id>
<college-id>1757</college-id>
<retired>0</retired>
</TB_players>
<TB_players>
<id>10534</id>
<lastname>White</lastname>
<firstname>Shareef</firstname>
<height>601</height>
<weight>226</weight>
<year>2018</year>
<team-id>218</team-id>
<college-id>1251</college-id>
<retired>0</retired>
</TB_players>
<TB_players>
<id>10535</id>
<lastname>Young</lastname>
<firstname>Anthony</firstname>
<height>600</height>
<weight>195</weight>
<year>2018</year>
<team-id>218</team-id>
<college-id>229</college-id>
<retired>0</retired>
</TB_players>
<TB_players>
<id>10536</id>
<lastname>Terry</lastname>
<firstname>DaShaughn</firstname>
<height>600</height>
<weight>180</weight>
<year>2017</year>
<team-id>218</team-id>
<college-id>1758</college-id>
<retired>0</retired>
</TB_players>
<TB_players>
<id>10537</id>
<lastname>Sumpter</lastname>
<firstname>Phillip</firstname>
<height>511</height>
<weight>195</weight>
<year>2018</year>
<team-id>218</team-id>
<college-id>136</college-id>
<retired>0</retired>
</TB_players>
<TB_players>
<id>10538</id>
<lastname>Dillon</lastname>
<firstname>Jackson</firstname>
<height>606</height>
<weight>230</weight>
<year>2017</year>
<team-id>218</team-id>
<college-id>3060</college-id>
<retired>0</retired>
</TB_players>
<TB_players>
<id>10541</id>
<lastname>Ball</lastname>
<firstname>Reggis</firstname>
<height>511</height>
<weight>210</weight>
<year>2016</year>
<team-id>218</team-id>
<college-id>744</college-id>
<retired>0</retired>
</TB_players>
<TB_players>
<id>10543</id>
<lastname>Robinson</lastname>
<firstname>Noah</firstname>
<height>604</height>
<weight>235</weight>
<year>2018</year>
<team-id>218</team-id>
<college-id>983</college-id>
<retired>0</retired>
</TB_players>
<TB_players>
<id>10544</id>
<lastname>Suttles</lastname>
<firstname>Ernest</firstname>
<height>605</height>
<weight>250</weight>
<year>2018</year>
<team-id>218</team-id>
<college-id>384</college-id>
<retired>0</retired>
</TB_players>
<TB_players>
<id>10546</id>
<lastname>Harden</lastname>
<firstname>Lenard</firstname>
<height>511</height>
<weight>195</weight>
<year>2017</year>
<team-id>218</team-id>
<college-id>229</college-id>
<retired>0</retired>
</TB_players>
<TB_players>
<id>10547</id>
<lastname>Scott</lastname>
<firstname>Austin</firstname>
<height>510</height>
<weight>240</weight>
<year>2017</year>
<team-id>218</team-id>
<college-id>229</college-id>
<retired>0</retired>
</TB_players>
<TB_players>
<id>10548</id>
<lastname>Pegues</lastname>
<firstname>Leonard</firstname>
<height>511</height>
<weight>240</weight>
<year>2016</year>
<team-id>218</team-id>
<college-id>569</college-id>
<retired>0</retired>
</TB_players>
<TB_players>
<id>10549</id>
<lastname>Johnson</lastname>
<firstname>Christian</firstname>
<height>605</height>
<weight>245</weight>
<year>2018</year>
<team-id>218</team-id>
<college-id>229</college-id>
<retired>0</retired>
</TB_players>
<TB_players>
<id>10551</id>
<lastname>Pennington</lastname>
<firstname>Donald</firstname>
<height>602</height>
<weight>295</weight>
<year>2017</year>
<team-id>218</team-id>
<college-id>3062</college-id>
<retired>0</retired>
</TB_players>
<TB_players>
<id>10553</id>
<lastname>Avery</lastname>
<firstname>Genard</firstname>
<height>601</height>
<weight>245</weight>
<year>2018</year>
<team-id>218</team-id>
<college-id>1251</college-id>
<retired>0</retired>
</TB_players>
<TB_players>
<id>10556</id>
<lastname>Collins</lastname>
<firstname>Jamil</firstname>
<height>511</height>
<weight>170</weight>
<year>2018</year>
<team-id>218</team-id>
<college-id>569</college-id>
<retired>0</retired>
</TB_players>
<TB_players>
<id>10557</id>
<lastname>Hunter</lastname>
<firstname>Ricky</firstname>
<height>603</height>
<weight>275</weight>
<year>2016</year>
<team-id>218</team-id>
<college-id>230</college-id>
<retired>0</retired>
</TB_players>
<TB_players>
<id>10559</id>
<lastname>Crosby</lastname>
<firstname>Cortez</firstname>
<height>601</height>
<weight>275</weight>
<year>2018</year>
<team-id>218</team-id>
<college-id>3068</college-id>
<retired>0</retired>
</TB_players>
<TB_players>
<id>10560</id>
<lastname>Outing</lastname>
<firstname>Isadore</firstname>
<height>604</height>
<weight>255</weight>
<year>2018</year>
<team-id>218</team-id>
<college-id>24</college-id>
<retired>0</retired>
</TB_players>
<TB_players>
<id>10564</id>
<lastname>Michael</lastname>
<firstname>Evan</firstname>
<height>601</height>
<weight>230</weight>
<year>2018</year>
<team-id>218</team-id>
<college-id>545</college-id>
<retired>0</retired>
</TB_players>
<TB_players>
<id>10565</id>
<lastname>Smith</lastname>
<firstname>Spencer</firstname>
<height>601</height>
<weight>175</weight>
<year>2018</year>
<team-id>218</team-id>
<college-id>753</college-id>
<retired>0</retired>
</TB_players>
<TB_players>
<id>10566</id>
<lastname>Morgan</lastname>
<firstname>Trevor</firstname>
<height>601</height>
<weight>210</weight>
<year>2017</year>
<team-id>218</team-id>
<college-id>592</college-id>
<retired>0</retired>
</TB_players>
<TB_players>
<id>10567</id>
<lastname>Elliott</lastname>
<firstname>Jake</firstname>
<height>510</height>
<weight>165</weight>
<year>2017</year>
<team-id>218</team-id>
<college-id>2597</college-id>
<retired>0</retired>
</TB_players>
<TB_players>
<id>10568</id>
<lastname>Jacobs</lastname>
<firstname>Nick</firstname>
<height>601</height>
<weight>190</weight>
<year>2018</year>
<team-id>218</team-id>
<college-id>3061</college-id>
<retired>0</retired>
</TB_players>
<TB_players>
<id>11174</id>
<lastname>Rupert</lastname>
<firstname>Shaun</firstname>
<height>601</height>
<weight>185</weight>
<year>2018</year>
<team-id>218</team-id>
<college-id>228</college-id>
<retired>0</retired>
</TB_players>
<TB_players>
<id>16396</id>
<lastname>Stanford</lastname>
<firstname>Joshua</firstname>
<height>601</height>
<weight>200</weight>
<year>2017</year>
<team-id>198</team-id>
<college-id>1993</college-id>
<retired>0</retired>
</TB_players>
<TB_players>
<id>18086</id>
<lastname>Millweard</lastname>
<firstname>T.J.</firstname>
<height>603</height>
<weight>230</weight>
<year>2017</year>
<team-id>198</team-id>
<college-id>66</college-id>
<retired>0</retired>
</TB_players>
<TB_players>
<id>18087</id>
<lastname>Parmalee</lastname>
<firstname>Tre&apos;</firstname>
<height>510</height>
<weight>175</weight>
<year>2016</year>
<team-id>198</team-id>
<college-id>2553</college-id>
<retired>0</retired>
</TB_players>
<TB_players>
<id>18088</id>
<lastname>Crawley</lastname>
<firstname>Darious</firstname>
<height>511</height>
<weight>190</weight>
<year>2018</year>
<team-id>198</team-id>
<college-id>24</college-id>
<retired>0</retired>
</TB_players>
<TB_players>
<id>18089</id>
<lastname>Cummings</lastname>
<firstname>Michael</firstname>
<height>510</height>
<weight>210</weight>
<year>2016</year>
<team-id>198</team-id>
<college-id>26</college-id>
<retired>0</retired>
</TB_players>
<TB_players>
<id>18090</id>
<lastname>Conway</lastname>
<firstname>Seth</firstname>
<height>511</height>
<weight>177</weight>
<year>2016</year>
<team-id>198</team-id>
<college-id>2751</college-id>
<retired>0</retired>
</TB_players>
<TB_players>
<id>18093</id>
<lastname>Cozart</lastname>
<firstname>Montell</firstname>
<height>602</height>
<weight>200</weight>
<year>2017</year>
<team-id>198</team-id>
<college-id>248</college-id>
<retired>0</retired>
</TB_players>
<TB_players>
<id>18094</id>
<lastname>Mann</lastname>
<firstname>De&apos;Andre</firstname>
<height>509</height>
<weight>198</weight>
<year>2016</year>
<team-id>198</team-id>
<college-id>172</college-id>
<retired>0</retired>
</TB_players>
<TB_players>
<id>18097</id>
<lastname>Plump</lastname>
<firstname>Aaron</firstname>
<height>510</height>
<weight>219</weight>
<year>2016</year>
<team-id>198</team-id>
<college-id>1234</college-id>
<retired>0</retired>
</TB_players>
<TB_players>
<id>18098</id>
<lastname>Cox</lastname>
<firstname>Taylor</firstname>
<height>511</height>
<weight>212</weight>
<year>2015</year>
<team-id>198</team-id>
<college-id>2756</college-id>
<retired>0</retired>
</TB_players>
<TB_players>
<id>18099</id>
<lastname>Patrick</lastname>
<firstname>Tyler</firstname>
<height>600</height>
<weight>176</weight>
<year>2018</year>
<team-id>198</team-id>
<college-id>489</college-id>
<retired>0</retired>
</TB_players>
<TB_players>
<id>18100</id>
<lastname>Randall</lastname>
<firstname>Preston</firstname>
<height>601</height>
<weight>195</weight>
<year>2017</year>
<team-id>198</team-id>
<college-id>2749</college-id>
<retired>0</retired>
</TB_players>
<TB_players>
<id>18102</id>
<lastname>Hartzog Jr.</lastname>
<firstname>Bobby</firstname>
<height>511</height>
<weight>180</weight>
<year>2018</year>
<team-id>198</team-id>
<college-id>24</college-id>
<retired>0</retired>
</TB_players>
<TB_players>
<id>18103</id>
<lastname>Bragg</lastname>
<firstname>Jacob</firstname>
<height>604</height>
<weight>295</weight>
<year>2018</year>
<team-id>198</team-id>
<college-id>962</college-id>
<retired>0</retired>
</TB_players>
<TB_players>
<id>18109</id>
<lastname>Neal</lastname>
<firstname>Derrick</firstname>
<height>510</height>
<weight>155</weight>
<year>2018</year>
<team-id>198</team-id>
<college-id>19</college-id>
<retired>0</retired>
</TB_players>
<TB_players>
<id>18110</id>
<lastname>Haughton</lastname>
<firstname>Keyon</firstname>
<height>602</height>
<weight>300</weight>
<year>2016</year>
<team-id>198</team-id>
<college-id>273</college-id>
<retired>0</retired>
</TB_players>
<TB_players>
<id>18111</id>
<lastname>Williams</lastname>
<firstname>Devon</firstname>
<height>604</height>
<weight>360</weight>
<year>2016</year>
<team-id>198</team-id>
<college-id>1048</college-id>
<retired>0</retired>
</TB_players>
<TB_players>
<id>18115</id>
<lastname>Peters</lastname>
<firstname>Bryan</firstname>
<height>603</height>
<weight>295</weight>
<year>2016</year>
<team-id>198</team-id>
<college-id>419</college-id>
<retired>0</retired>
</TB_players>
<TB_players>
<id>18116</id>
<lastname>Gibson</lastname>
<firstname>Joe</firstname>
<height>603</height>
<weight>295</weight>
<year>2018</year>
<team-id>198</team-id>
<college-id>2768</college-id>
<retired>0</retired>
</TB_players>
<TB_players>
<id>18117</id>
<lastname>Mazyck</lastname>
<firstname>Larry</firstname>
<height>608</height>
<weight>360</weight>
<year>2016</year>
<team-id>198</team-id>
<college-id>214</college-id>
<retired>0</retired>
</TB_players>
<TB_players>
<id>18119</id>
<lastname>Hentges</lastname>
<firstname>Matt</firstname>
<height>602</height>
<weight>190</weight>
<year>2017</year>
<team-id>198</team-id>
<college-id>2550</college-id>
<retired>0</retired>
</TB_players>
<TB_players>
<id>18120</id>
<lastname>Taylor</lastname>
<firstname>Kent</firstname>
<height>605</height>
<weight>230</weight>
<year>2017</year>
<team-id>198</team-id>
<college-id>384</college-id>
<retired>0</retired>
</TB_players>
<TB_players>
<id>18121</id>
<lastname>Barbel</lastname>
<firstname>Shakiem</firstname>
<height>603</height>
<weight>196</weight>
<year>2016</year>
<team-id>198</team-id>
<college-id>411</college-id>
<retired>0</retired>
</TB_players>
<TB_players>
<id>18122</id>
<lastname>Johnson</lastname>
<firstname>Ben</firstname>
<height>605</height>
<weight>235</weight>
<year>2018</year>
<team-id>198</team-id>
<college-id>2769</college-id>
<retired>0</retired>
</TB_players>
<TB_players>
<id>18126</id>
<lastname>Boateng</lastname>
<firstname>Matthew</firstname>
<height>511</height>
<weight>185</weight>
<year>2018</year>
<team-id>198</team-id>
<college-id>1844</college-id>
<retired>0</retired>
</TB_players>
<TB_players>
<id>18128</id>
<lastname>Mosby</lastname>
<firstname>Damani</firstname>
<height>603</height>
<weight>228</weight>
<year>2016</year>
<team-id>198</team-id>
<college-id>88</college-id>
<retired>0</retired>
</TB_players>
<TB_players>
<id>18129</id>
<lastname>Ehambe</lastname>
<firstname>Josh</firstname>
<height>603</height>
<weight>232</weight>
<year>2018</year>
<team-id>198</team-id>
<college-id>44</college-id>
<retired>0</retired>
</TB_players>
<TB_players>
<id>18130</id>
<lastname>Allen</lastname>
<firstname>Greg</firstname>
<height>511</height>
<weight>210</weight>
<year>2017</year>
<team-id>198</team-id>
<college-id>24</college-id>
<retired>0</retired>
</TB_players>
<TB_players>
<id>18131</id>
<lastname>Davis</lastname>
<firstname>Ronnie</firstname>
<height>600</height>
<weight>195</weight>
<year>2016</year>
<team-id>198</team-id>
<college-id>244</college-id>
<retired>0</retired>
</TB_players>
<TB_players>
<id>18133</id>
<lastname>Spencer</lastname>
<firstname>Colin</firstname>
<height>510</height>
<weight>185</weight>
<year>2018</year>
<team-id>198</team-id>
<college-id>19</college-id>
<retired>0</retired>
</TB_players>
<TB_players>
<id>18135</id>
<lastname>Arnick</lastname>
<firstname>Courtney</firstname>
<height>602</height>
<weight>205</weight>
<year>2017</year>
<team-id>198</team-id>
<college-id>19</college-id>
<retired>0</retired>
</TB_players>
<TB_players>
<id>18136</id>
<lastname>Dineen Jr.</lastname>
<firstname>Joe</firstname>
<height>602</height>
<weight>210</weight>
<year>2018</year>
<team-id>198</team-id>
<college-id>2749</college-id>
<retired>0</retired>
</TB_players>
<TB_players>
<id>18137</id>
<lastname>Shaw</lastname>
<firstname>Tevin</firstname>
<height>511</height>
<weight>192</weight>
<year>2017</year>
<team-id>198</team-id>
<college-id>1925</college-id>
<retired>0</retired>
</TB_players>
<TB_players>
<id>18139</id>
<lastname>Miles</lastname>
<firstname>Schyler</firstname>
<height>602</height>
<weight>235</weight>
<year>2016</year>
<team-id>198</team-id>
<college-id>384</college-id>
<retired>0</retired>
</TB_players>
<TB_players>
<id>18141</id>
<lastname>Semke</lastname>
<firstname>T.J.</firstname>
<height>602</height>
<weight>265</weight>
<year>2016</year>
<team-id>198</team-id>
<college-id>1394</college-id>
<retired>0</retired>
</TB_players>
<TB_players>
<id>18142</id>
<lastname>Graham</lastname>
<firstname>Chevy</firstname>
<height>509</height>
<weight>189</weight>
<year>2017</year>
<team-id>198</team-id>
<college-id>1919</college-id>
<retired>0</retired>
</TB_players>
<TB_players>
<id>18143</id>
<lastname>Bell</lastname>
<firstname>Beau</firstname>
<height>511</height>
<weight>225</weight>
<year>2016</year>
<team-id>198</team-id>
<college-id>493</college-id>
<retired>0</retired>
</TB_players>
<TB_players>
<id>18145</id>
<lastname>Glatczak</lastname>
<firstname>Michael</firstname>
<height>510</height>
<weight>171</weight>
<year>2016</year>
<team-id>198</team-id>
<college-id>2758</college-id>
<retired>0</retired>
</TB_players>
<TB_players>
<id>18147</id>
<lastname>Zunica</lastname>
<firstname>Michael</firstname>
<height>511</height>
<weight>220</weight>
<year>2017</year>
<team-id>198</team-id>
<college-id>2761</college-id>
<retired>0</retired>
</TB_players>
<TB_players>
<id>18148</id>
<lastname>Ash</lastname>
<firstname>Kellen</firstname>
<height>603</height>
<weight>240</weight>
<year>2018</year>
<team-id>198</team-id>
<college-id>2762</college-id>
<retired>0</retired>
</TB_players>
<TB_players>
<id>18152</id>
<lastname>Olobia</lastname>
<firstname>Anthony</firstname>
<height>605</height>
<weight>241</weight>
<year>2016</year>
<team-id>198</team-id>
<college-id>2144</college-id>
<retired>0</retired>
</TB_players>
<TB_players>
<id>18154</id>
<lastname>Rosser</lastname>
<firstname>Cameron</firstname>
<height>601</height>
<weight>225</weight>
<year>2017</year>
<team-id>198</team-id>
<college-id>101</college-id>
<retired>0</retired>
</TB_players>
<TB_players>
<id>18155</id>
<lastname>Watson</lastname>
<firstname>Kyron</firstname>
<height>600</height>
<weight>235</weight>
<year>2018</year>
<team-id>198</team-id>
<college-id>778</college-id>
<retired>0</retired>
</TB_players>
<TB_players>
<id>18156</id>
<lastname>Pullia</lastname>
<firstname>Kyle</firstname>
<height>604</height>
<weight>254</weight>
<year>2017</year>
<team-id>198</team-id>
<college-id>2765</college-id>
<retired>0</retired>
</TB_players>
<TB_players>
<id>18157</id>
<lastname>Smithson</lastname>
<firstname>Fish</firstname>
<height>511</height>
<weight>190</weight>
<year>2017</year>
<team-id>198</team-id>
<college-id>273</college-id>
<retired>0</retired>
</TB_players>
<TB_players>
<id>18158</id>
<lastname>Fletcher</lastname>
<firstname>Kapil</firstname>
<height>603</height>
<weight>275</weight>
<year>2016</year>
<team-id>198</team-id>
<college-id>199</college-id>
<retired>0</retired>
</TB_players>
<TB_players>
<id>18159</id>
<lastname>Williams</lastname>
<firstname>D.J.</firstname>
<height>605</height>
<weight>292</weight>
<year>2018</year>
<team-id>198</team-id>
<college-id>2497</college-id>
<retired>0</retired>
</TB_players>
<TB_players>
<id>18160</id>
<lastname>Jones</lastname>
<firstname>Lay&apos;Trion</firstname>
<height>603</height>
<weight>295</weight>
<year>2018</year>
<team-id>198</team-id>
<college-id>75</college-id>
<retired>0</retired>
</TB_players>
<TB_players>
<id>18162</id>
<lastname>Holmes</lastname>
<firstname>Tyler</firstname>
<height>603</height>
<weight>280</weight>
<year>2017</year>
<team-id>198</team-id>
<college-id>75</college-id>
<retired>0</retired>
</TB_players>
<TB_players>
<id>18164</id>
<lastname>Wise</lastname>
<firstname>Daniel</firstname>
<height>603</height>
<weight>260</weight>
<year>2018</year>
<team-id>198</team-id>
<college-id>33</college-id>
<retired>0</retired>
</TB_players>
<TB_players>
<id>18170</id>
<lastname>Wyman</lastname>
<firstname>Matthew</firstname>
<height>601</height>
<weight>200</weight>
<year>2017</year>
<team-id>198</team-id>
<college-id>1435</college-id>
<retired>0</retired>
</TB_players>
<TB_players>
<id>18171</id>
<lastname>Kahn</lastname>
<firstname>Eric</firstname>
<height>605</height>
<weight>194</weight>
<year>2016</year>
<team-id>198</team-id>
<college-id>2752</college-id>
<retired>0</retired>
</TB_players>
<TB_players>
<id>18173</id>
<lastname>Randall</lastname>
<firstname>Reese</firstname>
<height>511</height>
<weight>215</weight>
<year>2018</year>
<team-id>198</team-id>
<college-id>2749</college-id>
<retired>0</retired>
</TB_players>
<TB_players>
<id>18175</id>
<lastname>Goldenberg</lastname>
<firstname>Jordan</firstname>
<height>600</height>
<weight>208</weight>
<year>2017</year>
<team-id>198</team-id>
<college-id>2764</college-id>
<retired>0</retired>
</TB_players>
<TB_players>
<id>18176</id>
<lastname>Wirtel</lastname>
<firstname>John</firstname>
<height>603</height>
<weight>220</weight>
<year>2017</year>
<team-id>198</team-id>
<college-id>1458</college-id>
<retired>0</retired>
</TB_players>
<TB_players>
<id>21094</id>
<lastname>Shelley-Smith</lastname>
<firstname>Jordan</firstname>
<height>605</height>
<weight>262</weight>
<year>2017</year>
<team-id>198</team-id>
<college-id>69</college-id>
<retired>0</retired>
</TB_players>
<TB_players>
<id>21137</id>
<lastname>Davis</lastname>
<firstname>Robert</firstname>
<height>509</height>
<weight>175</weight>
<year>2018</year>
<team-id>218</team-id>
<college-id>384</college-id>
<retired>0</retired>
</TB_players>
<TB_players>
<id>21784</id>
<lastname>Slade</lastname>
<firstname>Mechane</firstname>
<height>508</height>
<weight>165</weight>
<year>2019</year>
<team-id>218</team-id>
<college-id>129</college-id>
<retired>0</retired>
</TB_players>
<TB_players>
<id>21849</id>
<lastname>Thomas</lastname>
<firstname>Malik</firstname>
<height>600</height>
<weight>165</weight>
<year>2019</year>
<team-id>218</team-id>
<college-id>229</college-id>
<retired>0</retired>
</TB_players>
<TB_players>
<id>21957</id>
<lastname>Rivers</lastname>
<firstname>Eric</firstname>
<height>509</height>
<weight>170</weight>
<year>2018</year>
<team-id>198</team-id>
<college-id>44</college-id>
<retired>0</retired>
</TB_players>
<TB_players>
<id>21961</id>
<lastname>Howard</lastname>
<firstname>Devonte</firstname>
<height>509</height>
<weight>170</weight>
<year>2019</year>
<team-id>218</team-id>
<college-id>1388</college-id>
<retired>0</retired>
</TB_players>
<TB_players>
<id>22012</id>
<lastname>Sims Jr.</lastname>
<firstname>Steven</firstname>
<height>510</height>
<weight>170</weight>
<year>2019</year>
<team-id>198</team-id>
<college-id>24</college-id>
<retired>0</retired>
</TB_players>
<TB_players>
<id>22028</id>
<lastname>Ford</lastname>
<firstname>DeAnte</firstname>
<height>510</height>
<weight>170</weight>
<year>2019</year>
<team-id>198</team-id>
<college-id>1264</college-id>
<retired>0</retired>
</TB_players>
<TB_players>
<id>22172</id>
<lastname>Bell</lastname>
<firstname>Chris</firstname>
<height>510</height>
<weight>171</weight>
<year>2019</year>
<team-id>198</team-id>
<college-id>489</college-id>
<retired>0</retired>
</TB_players>
<TB_players>
<id>22181</id>
<lastname>Stewart</lastname>
<firstname>Brandon</firstname>
<height>600</height>
<weight>171</weight>
<year>2017</year>
<team-id>198</team-id>
<college-id>95</college-id>
<retired>0</retired>
</TB_players>
<TB_players>
<id>22326</id>
<lastname>Lee</lastname>
<firstname>Darius</firstname>
<height>509</height>
<weight>175</weight>
<year>2016</year>
<team-id>218</team-id>
<college-id>384</college-id>
<retired>0</retired>
</TB_players>
<TB_players>
<id>22335</id>
<lastname>Gonzales</lastname>
<firstname>LaQuivionte</firstname>
<height>510</height>
<weight>175</weight>
<year>2017</year>
<team-id>198</team-id>
<college-id>95</college-id>
<retired>0</retired>
</TB_players>
<TB_players>
<id>22397</id>
<lastname>Oglesby</lastname>
<firstname>Jae&apos;Lon</firstname>
<height>511</height>
<weight>175</weight>
<year>2019</year>
<team-id>218</team-id>
<college-id>1483</college-id>
<retired>0</retired>
</TB_players>
<TB_players>
<id>22425</id>
<lastname>Prewitt</lastname>
<firstname>Kam</firstname>
<height>511</height>
<weight>175</weight>
<year>2019</year>
<team-id>218</team-id>
<college-id>3616</college-id>
<retired>0</retired>
</TB_players>
<TB_players>
<id>22436</id>
<lastname>Miller</lastname>
<firstname>Nathan</firstname>
<height>511</height>
<weight>175</weight>
<year>2019</year>
<team-id>198</team-id>
<college-id>1234</college-id>
<retired>0</retired>
</TB_players>
<TB_players>
<id>22495</id>
<lastname>Jones</lastname>
<firstname>Kedarian</firstname>
<height>601</height>
<weight>175</weight>
<year>2019</year>
<team-id>218</team-id>
<college-id>19</college-id>
<retired>0</retired>
</TB_players>
<TB_players>
<id>22498</id>
<lastname>O&apos;Dowd</lastname>
<firstname>Thomas</firstname>
<height>601</height>
<weight>175</weight>
<year>2019</year>
<team-id>218</team-id>
<college-id>1386</college-id>
<retired>0</retired>
</TB_players>
<TB_players>
<id>22673</id>
<lastname>Stevenson</lastname>
<firstname>Joseph</firstname>
<height>509</height>
<weight>180</weight>
<year>2019</year>
<team-id>218</team-id>
<college-id>5547</college-id>
<retired>0</retired>
</TB_players>
<TB_players>
<id>22682</id>
<lastname>Kinner</lastname>
<firstname>Ke&apos;aun</firstname>
<height>509</height>
<weight>180</weight>
<year>2017</year>
<team-id>198</team-id>
<college-id>1401</college-id>
<retired>0</retired>
</TB_players>
<TB_players>
<id>22688</id>
<lastname>Abernathy</lastname>
<firstname>Eric</firstname>
<height>509</height>
<weight>180</weight>
<year>2019</year>
<team-id>218</team-id>
<college-id>801</college-id>
<retired>0</retired>
</TB_players>
<TB_players>
<id>22713</id>
<lastname>Martin</lastname>
<firstname>Taylor</firstname>
<height>510</height>
<weight>180</weight>
<year>2019</year>
<team-id>198</team-id>
<college-id>21</college-id>
<retired>0</retired>
</TB_players>
<TB_players>
<id>22733</id>
<lastname>Garcia</lastname>
<firstname>LeKeron</firstname>
<height>510</height>
<weight>180</weight>
<year>2019</year>
<team-id>218</team-id>
<college-id>800</college-id>
<retired>0</retired>
</TB_players>
<TB_players>
<id>22812</id>
<lastname>Miller Jr.</lastname>
<firstname>Tyrone</firstname>
<height>600</height>
<weight>180</weight>
<year>2019</year>
<team-id>198</team-id>
<college-id>1096</college-id>
<retired>0</retired>
</TB_players>
<TB_players>
<id>22821</id>
<lastname>Terrell</lastname>
<firstname>Tyson</firstname>
<height>600</height>
<weight>180</weight>
<year>2019</year>
<team-id>218</team-id>
<college-id>766</college-id>
<retired>0</retired>
</TB_players>
<TB_players>
<id>22839</id>
<lastname>Richmond</lastname>
<firstname>Shaquille</firstname>
<height>600</height>
<weight>180</weight>
<year>2019</year>
<team-id>198</team-id>
<college-id>113</college-id>
<retired>0</retired>
</TB_players>
<TB_players>
<id>22971</id>
<lastname>January</lastname>
<firstname>Hunter</firstname>
<height>603</height>
<weight>180</weight>
<year>2019</year>
<team-id>198</team-id>
<college-id>476</college-id>
<retired>0</retired>
</TB_players>
<TB_players>
<id>23237</id>
<lastname>Schadler</lastname>
<firstname>Ryan</firstname>
<height>511</height>
<weight>185</weight>
<year>2019</year>
<team-id>198</team-id>
<college-id>5788</college-id>
<retired>0</retired>
</TB_players>
<TB_players>
<id>23410</id>
<lastname>Hall</lastname>
<firstname>Austin</firstname>
<height>602</height>
<weight>185</weight>
<year>2019</year>
<team-id>218</team-id>
<college-id>3205</college-id>
<retired>0</retired>
</TB_players>
<TB_players>
<id>23474</id>
<lastname>Perry</lastname>
<firstname>Keaton</firstname>
<height>510</height>
<weight>186</weight>
<year>2019</year>
<team-id>198</team-id>
<college-id>44</college-id>
<retired>0</retired>
</TB_players>
<TB_players>
<id>23493</id>
<lastname>Bates IV</lastname>
<firstname>Bazie</firstname>
<height>601</height>
<weight>186</weight>
<year>2017</year>
<team-id>198</team-id>
<college-id>30</college-id>
<retired>0</retired>
</TB_players>
<TB_players>
<id>23583</id>
<lastname>Stanley</lastname>
<firstname>Carter</firstname>
<height>602</height>
<weight>188</weight>
<year>2019</year>
<team-id>198</team-id>
<college-id>1853</college-id>
<retired>0</retired>
</TB_players>
<TB_players>
<id>23613</id>
<lastname>Bartolotta</lastname>
<firstname>Nick</firstname>
<height>506</height>
<weight>190</weight>
<year>2018</year>
<team-id>198</team-id>
<college-id>215</college-id>
<retired>0</retired>
</TB_players>
<TB_players>
<id>23659</id>
<lastname>Ogletree</lastname>
<firstname>Marnez</firstname>
<height>510</height>
<weight>190</weight>
<year>2017</year>
<team-id>198</team-id>
<college-id>89</college-id>
<retired>0</retired>
</TB_players>
<TB_players>
<id>23691</id>
<lastname>Maulet</lastname>
<firstname>Arthur</firstname>
<height>511</height>
<weight>190</weight>
<year>2017</year>
<team-id>218</team-id>
<college-id>707</college-id>
<retired>0</retired>
</TB_players>
<TB_players>
<id>23708</id>
<lastname>Seurer Jr.</lastname>
<firstname>Frank</firstname>
<height>511</height>
<weight>190</weight>
<year>2017</year>
<team-id>198</team-id>
<college-id>769</college-id>
<retired>0</retired>
</TB_players>
<TB_players>
<id>23837</id>
<lastname>Northern</lastname>
<firstname>Ty</firstname>
<height>601</height>
<weight>190</weight>
<year>2017</year>
<team-id>218</team-id>
<college-id>3195</college-id>
<retired>0</retired>
</TB_players>
<TB_players>
<id>24085</id>
<lastname>Moses</lastname>
<firstname>Austin</firstname>
<height>601</height>
<weight>194</weight>
<year>2017</year>
<team-id>198</team-id>
<college-id>2553</college-id>
<retired>0</retired>
</TB_players>
<TB_players>
<id>24160</id>
<lastname>Wilkerson</lastname>
<firstname>Vincent</firstname>
<height>511</height>
<weight>195</weight>
<year>2019</year>
<team-id>218</team-id>
<college-id>3639</college-id>
<retired>0</retired>
</TB_players>
<TB_players>
<id>24280</id>
<lastname>Booker</lastname>
<firstname>Jeremiah</firstname>
<height>602</height>
<weight>195</weight>
<year>2019</year>
<team-id>198</team-id>
<college-id>72</college-id>
<retired>0</retired>
</TB_players>
<TB_players>
<id>24315</id>
<lastname>Feaster</lastname>
<firstname>Denzel</firstname>
<height>603</height>
<weight>195</weight>
<year>2019</year>
<team-id>198</team-id>
<college-id>16</college-id>
<retired>0</retired>
</TB_players>
<TB_players>
<id>24537</id>
<lastname>Pollard</lastname>
<firstname>Tony</firstname>
<height>511</height>
<weight>200</weight>
<year>2019</year>
<team-id>218</team-id>
<college-id>229</college-id>
<retired>0</retired>
</TB_players>
<TB_players>
<id>24569</id>
<lastname>Moore</lastname>
<firstname>Emmanuel</firstname>
<height>600</height>
<weight>200</weight>
<year>2019</year>
<team-id>198</team-id>
<college-id>5775</college-id>
<retired>0</retired>
</TB_players>
<TB_players>
<id>24597</id>
<lastname>Jordan</lastname>
<firstname>Deandre</firstname>
<height>600</height>
<weight>200</weight>
<year>2018</year>
<team-id>218</team-id>
<college-id>1730</college-id>
<retired>0</retired>
</TB_players>
<TB_players>
<id>24657</id>
<lastname>Ford</lastname>
<firstname>Deondre</firstname>
<height>601</height>
<weight>200</weight>
<year>2017</year>
<team-id>198</team-id>
<college-id>69</college-id>
<retired>0</retired>
</TB_players>
<TB_players>
<id>24773</id>
<lastname>Harrell</lastname>
<firstname>Chase</firstname>
<height>604</height>
<weight>200</weight>
<year>2019</year>
<team-id>198</team-id>
<college-id>4341</college-id>
<retired>0</retired>
</TB_players>
<TB_players>
<id>24971</id>
<lastname>Ramirez</lastname>
<firstname>Mason</firstname>
<height>511</height>
<weight>205</weight>
<year>2019</year>
<team-id>198</team-id>
<college-id>949</college-id>
<retired>0</retired>
</TB_players>
<TB_players>
<id>24988</id>
<lastname>Rickenbach</lastname>
<firstname>Reed</firstname>
<height>600</height>
<weight>205</weight>
<year>2019</year>
<team-id>218</team-id>
<college-id>471</college-id>
<retired>0</retired>
</TB_players>
<TB_players>
<id>25152</id>
<lastname>Willis</lastname>
<firstname>Ryan</firstname>
<height>604</height>
<weight>205</weight>
<year>2019</year>
<team-id>198</team-id>
<college-id>2553</college-id>
<retired>0</retired>
</TB_players>
<TB_players>
<id>25156</id>
<lastname>Davis</lastname>
<firstname>Brady</firstname>
<height>604</height>
<weight>205</weight>
<year>2019</year>
<team-id>218</team-id>
<college-id>267</college-id>
<retired>0</retired>
</TB_players>
<TB_players>
<id>25228</id>
<lastname>Jolaoso</lastname>
<firstname>J.J.</firstname>
<height>510</height>
<weight>208</weight>
<year>2017</year>
<team-id>198</team-id>
<college-id>4947</college-id>
<retired>0</retired>
</TB_players>
<TB_players>
<id>25309</id>
<lastname>Ferrari</lastname>
<firstname>Hayden</firstname>
<height>511</height>
<weight>210</weight>
<year>2019</year>
<team-id>218</team-id>
<college-id>229</college-id>
<retired>0</retired>
</TB_players>
<TB_players>
<id>25310</id>
<lastname>Henderson</lastname>
<firstname>Jamarius</firstname>
<height>511</height>
<weight>210</weight>
<year>2019</year>
<team-id>218</team-id>
<college-id>5915</college-id>
<retired>0</retired>
</TB_players>
<TB_players>
<id>25371</id>
<lastname>Ogbebor</lastname>
<firstname>Osaze</firstname>
<height>601</height>
<weight>210</weight>
<year>2019</year>
<team-id>198</team-id>
<college-id>28</college-id>
<retired>0</retired>
</TB_players>
<TB_players>
<id>25375</id>
<lastname>Duckworth</lastname>
<firstname>Kendall</firstname>
<height>601</height>
<weight>210</weight>
<year>2019</year>
<team-id>198</team-id>
<college-id>211</college-id>
<retired>0</retired>
</TB_players>
<TB_players>
<id>25480</id>
<lastname>Smith</lastname>
<firstname>Alex</firstname>
<height>604</height>
<weight>210</weight>
<year>2019</year>
<team-id>218</team-id>
<college-id>229</college-id>
<retired>0</retired>
</TB_players>
<TB_players>
<id>25823</id>
<lastname>Burcham</lastname>
<firstname>Ross</firstname>
<height>605</height>
<weight>215</weight>
<year>2019</year>
<team-id>218</team-id>
<college-id>3206</college-id>
<retired>0</retired>
</TB_players>
<TB_players>
<id>26034</id>
<lastname>Prevost</lastname>
<firstname>Joseph</firstname>
<height>601</height>
<weight>220</weight>
<year>2019</year>
<team-id>218</team-id>
<college-id>474</college-id>
<retired>0</retired>
</TB_players>
<TB_players>
<id>26035</id>
<lastname>Charrette</lastname>
<firstname>Tyler</firstname>
<height>601</height>
<weight>220</weight>
<year>2017</year>
<team-id>218</team-id>
<college-id>1253</college-id>
<retired>0</retired>
</TB_players>
<TB_players>
<id>26055</id>
<lastname>Hall</lastname>
<firstname>Hudson</firstname>
<height>602</height>
<weight>220</weight>
<year>2019</year>
<team-id>198</team-id>
<college-id>16</college-id>
<retired>0</retired>
</TB_players>
<TB_players>
<id>26144</id>
<lastname>Sock</lastname>
<firstname>Sebastian</firstname>
<height>604</height>
<weight>220</weight>
<year>2019</year>
<team-id>198</team-id>
<college-id>132</college-id>
<retired>0</retired>
</TB_players>
<TB_players>
<id>26361</id>
<lastname>Loneker Jr.</lastname>
<firstname>Keith</firstname>
<height>602</height>
<weight>225</weight>
<year>2018</year>
<team-id>198</team-id>
<college-id>2749</college-id>
<retired>0</retired>
</TB_players>
<TB_players>
<id>26433</id>
<lastname>Armstrong Jr.</lastname>
<firstname>Dorance</firstname>
<height>604</height>
<weight>225</weight>
<year>2019</year>
<team-id>198</team-id>
<college-id>24</college-id>
<retired>0</retired>
</TB_players>
<TB_players>
<id>26435</id>
<lastname>Sternberger</lastname>
<firstname>Jace</firstname>
<height>604</height>
<weight>225</weight>
<year>2019</year>
<team-id>198</team-id>
<college-id>4575</college-id>
<retired>0</retired>
</TB_players>
<TB_players>
<id>26622</id>
<lastname>Akins</lastname>
<firstname>Curtis</firstname>
<height>602</height>
<weight>230</weight>
<year>2019</year>
<team-id>218</team-id>
<college-id>542</college-id>
<retired>0</retired>
</TB_players>
<TB_players>
<id>26652</id>
<lastname>Davis</lastname>
<firstname>Jacob</firstname>
<height>602</height>
<weight>230</weight>
<year>2017</year>
<team-id>198</team-id>
<college-id>493</college-id>
<retired>0</retired>
</TB_players>
<TB_players>
<id>26672</id>
<lastname>Porter</lastname>
<firstname>Darian</firstname>
<height>603</height>
<weight>230</weight>
<year>2018</year>
<team-id>218</team-id>
<college-id>472</college-id>
<retired>0</retired>
</TB_players>
<TB_players>
<id>26699</id>
<lastname>Magnifico</lastname>
<firstname>Joey</firstname>
<height>604</height>
<weight>230</weight>
<year>2019</year>
<team-id>218</team-id>
<college-id>792</college-id>
<retired>0</retired>
</TB_players>
<TB_players>
<id>26746</id>
<lastname>Aql</lastname>
<firstname>Mazin</firstname>
<height>602</height>
<weight>231</weight>
<year>2019</year>
<team-id>198</team-id>
<college-id>3231</college-id>
<retired>0</retired>
</TB_players>
<TB_players>
<id>26768</id>
<lastname>Gilmore</lastname>
<firstname>Brock</firstname>
<height>603</height>
<weight>232</weight>
<year>2017</year>
<team-id>198</team-id>
<college-id>3419</college-id>
<retired>0</retired>
</TB_players>
<TB_players>
<id>26858</id>
<lastname>Enis</lastname>
<firstname>Steven</firstname>
<height>602</height>
<weight>235</weight>
<year>2019</year>
<team-id>218</team-id>
<college-id>4523</college-id>
<retired>0</retired>
</TB_players>
<TB_players>
<id>26937</id>
<lastname>Jones</lastname>
<firstname>Peyton</firstname>
<height>606</height>
<weight>235</weight>
<year>2019</year>
<team-id>218</team-id>
<college-id>229</college-id>
<retired>0</retired>
</TB_players>
<TB_players>
<id>27057</id>
<lastname>Nix</lastname>
<firstname>Jason</firstname>
<height>602</height>
<weight>240</weight>
<year>2019</year>
<team-id>198</team-id>
<college-id>248</college-id>
<retired>0</retired>
</TB_players>
<TB_players>
<id>27105</id>
<lastname>Raby</lastname>
<firstname>Nick</firstname>
<height>604</height>
<weight>240</weight>
<year>2019</year>
<team-id>218</team-id>
<college-id>863</college-id>
<retired>0</retired>
</TB_players>
<TB_players>
<id>27141</id>
<lastname>Dill</lastname>
<firstname>Scottie</firstname>
<height>607</height>
<weight>240</weight>
<year>2019</year>
<team-id>218</team-id>
<college-id>229</college-id>
<retired>0</retired>
</TB_players>
<TB_players>
<id>27219</id>
<lastname>Montgomery</lastname>
<firstname>DeMarco</firstname>
<height>603</height>
<weight>245</weight>
<year>2017</year>
<team-id>218</team-id>
<college-id>5554</college-id>
<retired>0</retired>
</TB_players>
<TB_players>
<id>27398</id>
<lastname>Johnson</lastname>
<firstname>Khalil</firstname>
<height>605</height>
<weight>250</weight>
<year>2019</year>
<team-id>218</team-id>
<college-id>19</college-id>
<retired>0</retired>
</TB_players>
<TB_players>
<id>27400</id>
<lastname>Belles</lastname>
<firstname>Tim</firstname>
<height>605</height>
<weight>250</weight>
<year>2019</year>
<team-id>218</team-id>
<college-id>545</college-id>
<retired>0</retired>
</TB_players>
<TB_players>
<id>27446</id>
<lastname>Goodman Jr.</lastname>
<firstname>Ben</firstname>
<height>603</height>
<weight>253</weight>
<year>2016</year>
<team-id>198</team-id>
<college-id>271</college-id>
<retired>0</retired>
</TB_players>
<TB_players>
<id>27699</id>
<lastname>Stine</lastname>
<firstname>Taylor</firstname>
<height>600</height>
<weight>265</weight>
<year>2019</year>
<team-id>198</team-id>
<college-id>19</college-id>
<retired>0</retired>
</TB_players>
<TB_players>
<id>27779</id>
<lastname>Hamilton</lastname>
<firstname>Timmy</firstname>
<height>605</height>
<weight>265</weight>
<year>2017</year>
<team-id>198</team-id>
<college-id>493</college-id>
<retired>0</retired>
</TB_players>
<TB_players>
<id>27821</id>
<lastname>Swanton</lastname>
<firstname>Ben</firstname>
<height>600</height>
<weight>270</weight>
<year>2019</year>
<team-id>198</team-id>
<college-id>6300</college-id>
<retired>0</retired>
</TB_players>
<TB_players>
<id>27891</id>
<lastname>Ribordy</lastname>
<firstname>Mesa</firstname>
<height>604</height>
<weight>270</weight>
<year>2019</year>
<team-id>198</team-id>
<college-id>123</college-id>
<retired>0</retired>
</TB_players>
<TB_players>
<id>27951</id>
<lastname>Cooper</lastname>
<firstname>Emmanuel</firstname>
<height>601</height>
<weight>275</weight>
<year>2019</year>
<team-id>218</team-id>
<college-id>5546</college-id>
<retired>0</retired>
</TB_players>
<TB_players>
<id>28095</id>
<lastname>Williams</lastname>
<firstname>Cooper</firstname>
<height>600</height>
<weight>280</weight>
<year>2019</year>
<team-id>218</team-id>
<college-id>229</college-id>
<retired>0</retired>
</TB_players>
<TB_players>
<id>28162</id>
<lastname>Tate</lastname>
<firstname>Trevon</firstname>
<height>604</height>
<weight>280</weight>
<year>2019</year>
<team-id>218</team-id>
<college-id>24</college-id>
<retired>0</retired>
</TB_players>
<TB_players>
<id>28211</id>
<lastname>Hughes</lastname>
<firstname>Larry</firstname>
<height>607</height>
<weight>281</weight>
<year>2019</year>
<team-id>198</team-id>
<college-id>18</college-id>
<retired>0</retired>
</TB_players>
<TB_players>
<id>28276</id>
<lastname>Thomas</lastname>
<firstname>Nick</firstname>
<height>602</height>
<weight>285</weight>
<year>2019</year>
<team-id>218</team-id>
<college-id>1387</college-id>
<retired>0</retired>
</TB_players>
<TB_players>
<id>28350</id>
<lastname>Dezir</lastname>
<firstname>Jacky</firstname>
<height>601</height>
<weight>286</weight>
<year>2018</year>
<team-id>198</team-id>
<college-id>156</college-id>
<retired>0</retired>
</TB_players>
<TB_players>
<id>28435</id>
<lastname>Garza</lastname>
<firstname>Aaron</firstname>
<height>603</height>
<weight>290</weight>
<year>2019</year>
<team-id>198</team-id>
<college-id>960</college-id>
<retired>0</retired>
</TB_players>
<TB_players>
<id>28455</id>
<lastname>Saulsbury</lastname>
<firstname>Hunter</firstname>
<height>604</height>
<weight>290</weight>
<year>2019</year>
<team-id>198</team-id>
<college-id>6299</college-id>
<retired>0</retired>
</TB_players>
<TB_players>
<id>28508</id>
<lastname>McCauley III</lastname>
<firstname>Clyde</firstname>
<height>605</height>
<weight>292</weight>
<year>2019</year>
<team-id>198</team-id>
<college-id>44</college-id>
<retired>0</retired>
</TB_players>
<TB_players>
<id>28547</id>
<lastname>King</lastname>
<firstname>Corey</firstname>
<height>601</height>
<weight>295</weight>
<year>2016</year>
<team-id>198</team-id>
<college-id>263</college-id>
<retired>0</retired>
</TB_players>
<TB_players>
<id>28565</id>
<lastname>Edwards</lastname>
<firstname>Michael</firstname>
<height>602</height>
<weight>295</weight>
<year>2017</year>
<team-id>218</team-id>
<college-id>3345</college-id>
<retired>0</retired>
</TB_players>
<TB_players>
<id>28600</id>
<lastname>Davis</lastname>
<firstname>Keenen</firstname>
<height>605</height>
<weight>295</weight>
<year>2019</year>
<team-id>218</team-id>
<college-id>3124</college-id>
<retired>0</retired>
</TB_players>
<TB_players>
<id>28604</id>
<lastname>Lawrence</lastname>
<firstname>Beau</firstname>
<height>605</height>
<weight>295</weight>
<year>2019</year>
<team-id>198</team-id>
<college-id>2553</college-id>
<retired>0</retired>
</TB_players>
<TB_players>
<id>28697</id>
<lastname>Rhodes</lastname>
<firstname>Jayson</firstname>
<height>604</height>
<weight>300</weight>
<year>2018</year>
<team-id>198</team-id>
<college-id>696</college-id>
<retired>0</retired>
</TB_players>
<TB_players>
<id>28725</id>
<lastname>Kyser</lastname>
<firstname>Drew</firstname>
<height>605</height>
<weight>300</weight>
<year>2019</year>
<team-id>218</team-id>
<college-id>736</college-id>
<retired>0</retired>
</TB_players>
<TB_players>
<id>28804</id>
<lastname>Smith</lastname>
<firstname>Will</firstname>
<height>603</height>
<weight>305</weight>
<year>2017</year>
<team-id>198</team-id>
<college-id>4113</college-id>
<retired>0</retired>
</TB_players>
<TB_players>
<id>28816</id>
<lastname>Jenkins</lastname>
<firstname>Jackson</firstname>
<height>604</height>
<weight>305</weight>
<year>2019</year>
<team-id>198</team-id>
<college-id>2553</college-id>
<retired>0</retired>
</TB_players>
<TB_players>
<id>28874</id>
<lastname>Banks</lastname>
<firstname>D&apos;Andre</firstname>
<height>603</height>
<weight>309</weight>
<year>2017</year>
<team-id>198</team-id>
<college-id>26</college-id>
<retired>0</retired>
</TB_players>
<TB_players>
<id>28920</id>
<lastname>Peddy</lastname>
<firstname>Brytain</firstname>
<height>605</height>
<weight>310</weight>
<year>2019</year>
<team-id>218</team-id>
<college-id>5947</college-id>
<retired>0</retired>
</TB_players>
<TB_players>
<id>28954</id>
<lastname>Pagan</lastname>
<firstname>Jordan</firstname>
<height>603</height>
<weight>313</weight>
<year>2017</year>
<team-id>218</team-id>
<college-id>5722</college-id>
<retired>0</retired>
</TB_players>
<TB_players>
<id>29085</id>
<lastname>Gentry</lastname>
<firstname>Jared</firstname>
<height>602</height>
<weight>325</weight>
<year>2019</year>
<team-id>218</team-id>
<college-id>736</college-id>
<retired>0</retired>
</TB_players>
</dataroot>
