<?xml version="1.0" encoding="UTF-8"?>
<dataroot xmlns:od="urn:schemas-microsoft-com:officedata" generated="2015-09-12T22:36:03">
<LU_rating-type>
<id>1</id>
<type>2</type>
<num>2</num>
<order>8</order>
</LU_rating-type>
<LU_rating-type>
<id>2</id>
<type>1.5</type>
<num>1.5</num>
<order>6</order>
</LU_rating-type>
<LU_rating-type>
<id>3</id>
<type>1</type>
<num>1</num>
<order>4</order>
</LU_rating-type>
<LU_rating-type>
<id>4</id>
<type>.5</type>
<num>0.5</num>
<order>2</order>
</LU_rating-type>
<LU_rating-type>
<id>5</id>
<type>0</type>
<num>0</num>
<order>1</order>
</LU_rating-type>
<LU_rating-type>
<id>6</id>
<type>-.5</type>
<num>-0.5</num>
<order>3</order>
</LU_rating-type>
<LU_rating-type>
<id>7</id>
<type>-1</type>
<num>-1</num>
<order>5</order>
</LU_rating-type>
<LU_rating-type>
<id>8</id>
<type>-1.5</type>
<num>-1.5</num>
<order>7</order>
</LU_rating-type>
<LU_rating-type>
<id>9</id>
<type>-2</type>
<num>-2</num>
<order>9</order>
</LU_rating-type>
</dataroot>
