<?xml version="1.0" encoding="UTF-8"?>
<dataroot xmlns:od="urn:schemas-microsoft-com:officedata" generated="2015-09-12T22:36:05">
<LU_specteam-type>
<id>1</id>
<type>Extra Point</type>
<order>16</order>
<description>Extra Point</description>
<abrev>EP</abrev>
</LU_specteam-type>
<LU_specteam-type>
<id>2</id>
<type>Extra Point Rush</type>
<order>23</order>
<description>XXXX Extra Point Rush</description>
<abrev>EP</abrev>
</LU_specteam-type>
<LU_specteam-type>
<id>3</id>
<type>Field Goal</type>
<order>24</order>
<description>XXXX Field Goal</description>
<abrev>FG</abrev>
</LU_specteam-type>
<LU_specteam-type>
<id>4</id>
<type>Field Goal Rush</type>
<order>25</order>
<description>XXXX Field Goal Rush</description>
<abrev>FG</abrev>
</LU_specteam-type>
<LU_specteam-type>
<id>5</id>
<type>Kickoff</type>
<order>26</order>
<description>XXXX Kickoff</description>
<abrev>KO-R</abrev>
</LU_specteam-type>
<LU_specteam-type>
<id>6</id>
<type>Kickoff Return</type>
<order>27</order>
<description>XXXX Kickoff Return</description>
<abrev>KO-R</abrev>
</LU_specteam-type>
<LU_specteam-type>
<id>7</id>
<type>Punt</type>
<order>28</order>
<description>XXXX Punt</description>
<abrev>P-R</abrev>
</LU_specteam-type>
<LU_specteam-type>
<id>8</id>
<type>Punt Return</type>
<order>29</order>
<description>XXXX Punt Return</description>
<abrev>P-R</abrev>
</LU_specteam-type>
<LU_specteam-type>
<id>9</id>
<type>Punt - TB</type>
<order>13</order>
<description>Punt - TB</description>
<abrev>P-TB</abrev>
</LU_specteam-type>
<LU_specteam-type>
<id>10</id>
<type>Punt - OOB</type>
<order>12</order>
<description>Punt - OOB</description>
<abrev>P-O</abrev>
</LU_specteam-type>
<LU_specteam-type>
<id>11</id>
<type>Punt - FC</type>
<order>10</order>
<description>Punt - FC</description>
<abrev>P-FC</abrev>
</LU_specteam-type>
<LU_specteam-type>
<id>12</id>
<type>Punt - Downed</type>
<order>11</order>
<description>Punt - Downed</description>
<abrev>P-D</abrev>
</LU_specteam-type>
<LU_specteam-type>
<id>13</id>
<type>Kickoff -TB</type>
<order>2</order>
<description>Kickoff -TB</description>
<abrev>KO-TB</abrev>
</LU_specteam-type>
<LU_specteam-type>
<id>14</id>
<type>Kickoff - Return</type>
<order>1</order>
<description>Kickoff - Return</description>
<abrev>KO-R</abrev>
</LU_specteam-type>
<LU_specteam-type>
<id>15</id>
<type>Punt - Return</type>
<order>9</order>
<description>Punt - Return</description>
<abrev>P-R</abrev>
</LU_specteam-type>
<LU_specteam-type>
<id>16</id>
<type>Kickoff - FC</type>
<order>3</order>
<description>Kickoff - FC</description>
<abrev>KO-FC</abrev>
</LU_specteam-type>
<LU_specteam-type>
<id>17</id>
<type>Punt - Fake</type>
<order>14</order>
<description>Punt - Fake</description>
<abrev>KO-F</abrev>
</LU_specteam-type>
<LU_specteam-type>
<id>18</id>
<type>Kickoff - Onside</type>
<order>4</order>
<description>Kickoff - Onside</description>
<abrev>KO-O</abrev>
</LU_specteam-type>
<LU_specteam-type>
<id>19</id>
<type>FG - Made</type>
<order>7</order>
<description>FG - Made</description>
<abrev>FG</abrev>
</LU_specteam-type>
<LU_specteam-type>
<id>20</id>
<type>FG - Missed</type>
<order>8</order>
<description>FG - Missed</description>
<abrev>FG</abrev>
</LU_specteam-type>
<LU_specteam-type>
<id>21</id>
<type>Punt - Blocked</type>
<order>15</order>
<description>Punt - Blocked</description>
<abrev>P-B</abrev>
</LU_specteam-type>
<LU_specteam-type>
<id>22</id>
<type>Kickoff - OOB</type>
<order>5</order>
<description>Kickoff - OOB</description>
<abrev>KO-OB</abrev>
</LU_specteam-type>
<LU_specteam-type>
<id>23</id>
<type>2P - Rush</type>
<order>17</order>
<description>2P - Rush</description>
<abrev>2PR</abrev>
</LU_specteam-type>
<LU_specteam-type>
<id>24</id>
<type>2P - Pass</type>
<order>18</order>
<description>2P - Pass</description>
<abrev>2PP</abrev>
</LU_specteam-type>
<LU_specteam-type>
<id>25</id>
<type>Kickoff - Recovery</type>
<order>6</order>
<description>Kickoff - Recovery</description>
<abrev>KO-RC</abrev>
</LU_specteam-type>
<LU_specteam-type>
<id>26</id>
<type>Punt - Fake Pass</type>
<order>19</order>
<description>Punt - Fake Pass</description>
<abrev>PFP</abrev>
</LU_specteam-type>
<LU_specteam-type>
<id>27</id>
<type>Punt - Fake Run</type>
<order>20</order>
<description>Punt - Fake Run</description>
<abrev>PFR</abrev>
</LU_specteam-type>
<LU_specteam-type>
<id>28</id>
<type>FG - Fake Pass</type>
<order>21</order>
<description>FG - Fake Pass</description>
<abrev>FGFP</abrev>
</LU_specteam-type>
<LU_specteam-type>
<id>29</id>
<type>FG - Fake Run</type>
<order>22</order>
<description>FG - Fake Run</description>
<abrev>FGFR</abrev>
</LU_specteam-type>
</dataroot>
