<?xml version="1.0" encoding="UTF-8"?>
<dataroot xmlns:od="urn:schemas-microsoft-com:officedata" generated="2015-09-12T22:36:05">
<LU_safety-position-type>
<id>1</id>
<abrev>OO</abrev>
<showed>Open</showed>
<played>Open</played>
<description>All Open</description>
</LU_safety-position-type>
<LU_safety-position-type>
<id>2</id>
<abrev>CC</abrev>
<showed>Closed</showed>
<played>Closed</played>
<description>All Closed</description>
</LU_safety-position-type>
<LU_safety-position-type>
<id>3</id>
<abrev>OC</abrev>
<showed>Open</showed>
<played>Closed</played>
<description>Show Open, Play Closed</description>
</LU_safety-position-type>
<LU_safety-position-type>
<id>4</id>
<abrev>CO</abrev>
<showed>Closed</showed>
<played>Open</played>
<description>Show Closed, Play Open</description>
</LU_safety-position-type>
</dataroot>
