<?xml version="1.0" encoding="UTF-8"?>
<dataroot xmlns:od="urn:schemas-microsoft-com:officedata" generated="2015-09-12T22:36:06">
<TB_colleges>
<id>9</id>
<name>El Paso, TX</name>
</TB_colleges>
<TB_colleges>
<id>19</id>
<name>Dallas, TX</name>
</TB_colleges>
<TB_colleges>
<id>24</id>
<name>Houston, TX</name>
</TB_colleges>
<TB_colleges>
<id>38</id>
<name>Wichita Falls, TX</name>
</TB_colleges>
<TB_colleges>
<id>39</id>
<name>San Antonio, TX</name>
</TB_colleges>
<TB_colleges>
<id>42</id>
<name>Phoenix, AZ</name>
</TB_colleges>
<TB_colleges>
<id>44</id>
<name>Arlington, TX</name>
</TB_colleges>
<TB_colleges>
<id>51</id>
<name>Los Angeles, CA</name>
</TB_colleges>
<TB_colleges>
<id>67</id>
<name>Littleton, CO</name>
</TB_colleges>
<TB_colleges>
<id>72</id>
<name>College Station, TX</name>
</TB_colleges>
<TB_colleges>
<id>90</id>
<name>Castle Rock, CO</name>
</TB_colleges>
<TB_colleges>
<id>91</id>
<name>Parker, CO</name>
</TB_colleges>
<TB_colleges>
<id>396</id>
<name>Scottsdale, AZ</name>
</TB_colleges>
<TB_colleges>
<id>407</id>
<name>Chandler, AZ</name>
</TB_colleges>
<TB_colleges>
<id>416</id>
<name>Paradise Valley, AZ</name>
</TB_colleges>
<TB_colleges>
<id>419</id>
<name>La Mirada, CA</name>
</TB_colleges>
<TB_colleges>
<id>424</id>
<name>Philadelphia, PA</name>
</TB_colleges>
<TB_colleges>
<id>432</id>
<name>Granite Bay, CA</name>
</TB_colleges>
<TB_colleges>
<id>440</id>
<name>Compton, CA</name>
</TB_colleges>
<TB_colleges>
<id>442</id>
<name>Peoria, AZ</name>
</TB_colleges>
<TB_colleges>
<id>443</id>
<name>Oceanside, CA</name>
</TB_colleges>
<TB_colleges>
<id>446</id>
<name>Arvada, CO</name>
</TB_colleges>
<TB_colleges>
<id>486</id>
<name>Rancho Cucamonga, CA</name>
</TB_colleges>
<TB_colleges>
<id>489</id>
<name>The Woodlands, TX</name>
</TB_colleges>
<TB_colleges>
<id>491</id>
<name>West Palm Beach, FL</name>
</TB_colleges>
<TB_colleges>
<id>501</id>
<name>Monrovia, CA</name>
</TB_colleges>
<TB_colleges>
<id>99</id>
<name>Upland, CA</name>
</TB_colleges>
<TB_colleges>
<id>100</id>
<name>Tacoma, WA</name>
</TB_colleges>
<TB_colleges>
<id>104</id>
<name>Cypress, TX</name>
</TB_colleges>
<TB_colleges>
<id>105</id>
<name>Colorado Springs, CO</name>
</TB_colleges>
<TB_colleges>
<id>131</id>
<name>Boulder, CO</name>
</TB_colleges>
<TB_colleges>
<id>132</id>
<name>Highlands Ranch, CO</name>
</TB_colleges>
<TB_colleges>
<id>144</id>
<name>Brockton, MA</name>
</TB_colleges>
<TB_colleges>
<id>172</id>
<name>Miami, FL</name>
</TB_colleges>
<TB_colleges>
<id>184</id>
<name>Boynton Beach, FL</name>
</TB_colleges>
<TB_colleges>
<id>199</id>
<name>Fort Lauderdale, FL</name>
</TB_colleges>
<TB_colleges>
<id>211</id>
<name>Naples, FL</name>
</TB_colleges>
<TB_colleges>
<id>214</id>
<name>Washington, DC</name>
</TB_colleges>
<TB_colleges>
<id>215</id>
<name>St. Louis, MO</name>
</TB_colleges>
<TB_colleges>
<id>222</id>
<name>Mobile, AL</name>
</TB_colleges>
<TB_colleges>
<id>280</id>
<name>Temecula, CA</name>
</TB_colleges>
<TB_colleges>
<id>284</id>
<name>Riverside, CA</name>
</TB_colleges>
<TB_colleges>
<id>289</id>
<name>Orange, NJ</name>
</TB_colleges>
<TB_colleges>
<id>300</id>
<name>Sacramento, CA</name>
</TB_colleges>
<TB_colleges>
<id>303</id>
<name>Denver, CO</name>
</TB_colleges>
<TB_colleges>
<id>308</id>
<name>Gainesville, FL</name>
</TB_colleges>
<TB_colleges>
<id>341</id>
<name>Snellville, GA</name>
</TB_colleges>
<TB_colleges>
<id>345</id>
<name>Kennesaw, GA</name>
</TB_colleges>
<TB_colleges>
<id>388</id>
<name>San Diego, CA</name>
</TB_colleges>
<TB_colleges>
<id>623</id>
<name>Northridge, CA</name>
</TB_colleges>
<TB_colleges>
<id>630</id>
<name>White Plains, NY</name>
</TB_colleges>
<TB_colleges>
<id>641</id>
<name>San Jose, CA</name>
</TB_colleges>
<TB_colleges>
<id>673</id>
<name>Clifton Park, NY</name>
</TB_colleges>
<TB_colleges>
<id>705</id>
<name>Eagle, ID</name>
</TB_colleges>
<TB_colleges>
<id>711</id>
<name>Goodyear, AZ</name>
</TB_colleges>
<TB_colleges>
<id>714</id>
<name>Bullhead City, AZ</name>
</TB_colleges>
<TB_colleges>
<id>731</id>
<name>Decatur, GA</name>
</TB_colleges>
<TB_colleges>
<id>901</id>
<name>Buford, GA</name>
</TB_colleges>
<TB_colleges>
<id>903</id>
<name>Columbia, SC</name>
</TB_colleges>
<TB_colleges>
<id>983</id>
<name>Worcester, MA</name>
</TB_colleges>
<TB_colleges>
<id>984</id>
<name>Everett, MA</name>
</TB_colleges>
<TB_colleges>
<id>985</id>
<name>Ft. Lauderdale, FL</name>
</TB_colleges>
<TB_colleges>
<id>1029</id>
<name>Bridgewater, NJ</name>
</TB_colleges>
<TB_colleges>
<id>1039</id>
<name>Brooklyn, NY</name>
</TB_colleges>
<TB_colleges>
<id>1040</id>
<name>Dade City, FL</name>
</TB_colleges>
<TB_colleges>
<id>1063</id>
<name>Templeton, CA</name>
</TB_colleges>
<TB_colleges>
<id>1077</id>
<name>Mission Viejo, CA</name>
</TB_colleges>
<TB_colleges>
<id>1097</id>
<name>Cleveland Heights, OH</name>
</TB_colleges>
<TB_colleges>
<id>1098</id>
<name>Grand Rapids, MI</name>
</TB_colleges>
<TB_colleges>
<id>1185</id>
<name>Ellicott City, MD</name>
</TB_colleges>
<TB_colleges>
<id>1197</id>
<name>Sandy, UT</name>
</TB_colleges>
<TB_colleges>
<id>1207</id>
<name>Ontario, CA</name>
</TB_colleges>
<TB_colleges>
<id>1246</id>
<name>Springfield, MA</name>
</TB_colleges>
<TB_colleges>
<id>1250</id>
<name>Pomona, CA</name>
</TB_colleges>
<TB_colleges>
<id>1266</id>
<name>San Mateo, CA</name>
</TB_colleges>
<TB_colleges>
<id>1270</id>
<name>San Luis Obispo, CA</name>
</TB_colleges>
<TB_colleges>
<id>1295</id>
<name>Thousand Oaks, CA</name>
</TB_colleges>
<TB_colleges>
<id>1296</id>
<name>Lake Worth, FL</name>
</TB_colleges>
<TB_colleges>
<id>1298</id>
<name>Van Nuys, CA</name>
</TB_colleges>
<TB_colleges>
<id>1317</id>
<name>Bellflower, CA</name>
</TB_colleges>
<TB_colleges>
<id>1425</id>
<name>Northville, MI</name>
</TB_colleges>
<TB_colleges>
<id>1469</id>
<name>Aiken, SC</name>
</TB_colleges>
<TB_colleges>
<id>1515</id>
<name>Palmetto, FL</name>
</TB_colleges>
<TB_colleges>
<id>1543</id>
<name>Plantation, FL</name>
</TB_colleges>
<TB_colleges>
<id>1608</id>
<name>Melbourne, FL</name>
</TB_colleges>
<TB_colleges>
<id>1645</id>
<name>Stafford, VA</name>
</TB_colleges>
<TB_colleges>
<id>1654</id>
<name>Gibsonia, PA</name>
</TB_colleges>
<TB_colleges>
<id>1682</id>
<name>Moorestown, NJ</name>
</TB_colleges>
<TB_colleges>
<id>1706</id>
<name>Valencia, CA</name>
</TB_colleges>
<TB_colleges>
<id>1712</id>
<name>Rockville, MD</name>
</TB_colleges>
<TB_colleges>
<id>1718</id>
<name>Gulfport, MS</name>
</TB_colleges>
<TB_colleges>
<id>1719</id>
<name>Englewood, CO</name>
</TB_colleges>
<TB_colleges>
<id>1720</id>
<name>West Hills, CA</name>
</TB_colleges>
<TB_colleges>
<id>1721</id>
<name>Canyon Country, CA</name>
</TB_colleges>
<TB_colleges>
<id>1722</id>
<name>Centennial, CO</name>
</TB_colleges>
<TB_colleges>
<id>1723</id>
<name>Covina, CA</name>
</TB_colleges>
<TB_colleges>
<id>1727</id>
<name>Park City, UT</name>
</TB_colleges>
<TB_colleges>
<id>1729</id>
<name>Camarillo, CA</name>
</TB_colleges>
<TB_colleges>
<id>1730</id>
<name>Sylmar, CA</name>
</TB_colleges>
<TB_colleges>
<id>1731</id>
<name>Palo Cedro, CA</name>
</TB_colleges>
<TB_colleges>
<id>1732</id>
<name>Guadalupe, Nuevo Leon, Mexico</name>
</TB_colleges>
<TB_colleges>
<id>1734</id>
<name>Burlingame, CA</name>
</TB_colleges>
<TB_colleges>
<id>1735</id>
<name>Gilroy, CA</name>
</TB_colleges>
<TB_colleges>
<id>1737</id>
<name>Saratoga, CA</name>
</TB_colleges>
<TB_colleges>
<id>1739</id>
<name>Aurora, CO</name>
</TB_colleges>
<TB_colleges>
<id>1740</id>
<name>Westminster, CO</name>
</TB_colleges>
<TB_colleges>
<id>1741</id>
<name>Rifle, CO</name>
</TB_colleges>
<TB_colleges>
<id>1745</id>
<name>McKees Rocks, PA</name>
</TB_colleges>
<TB_colleges>
<id>1746</id>
<name>Altadena, CA</name>
</TB_colleges>
<TB_colleges>
<id>1747</id>
<name>Kapolei, HI</name>
</TB_colleges>
<TB_colleges>
<id>1748</id>
<name>Atherton, CA</name>
</TB_colleges>
<TB_colleges>
<id>1750</id>
<name>Westlake Village, CA</name>
</TB_colleges>
<TB_colleges>
<id>1751</id>
<name>Foothill Ranch, CA</name>
</TB_colleges>
<TB_colleges>
<id>1752</id>
<name>Sierra Madre, CA</name>
</TB_colleges>
<TB_colleges>
<id>1754</id>
<name>Spring Valley, NY</name>
</TB_colleges>
<TB_colleges>
<id>1755</id>
<name>Chula Vista, CA</name>
</TB_colleges>
<TB_colleges>
<id>1757</id>
<name>Coral Springs, FL</name>
</TB_colleges>
<TB_colleges>
<id>1767</id>
<name>Roseville, CA</name>
</TB_colleges>
<TB_colleges>
<id>1771</id>
<name>Longmont, CO</name>
</TB_colleges>
<TB_colleges>
<id>1777</id>
<name>Fort Collins, CO</name>
</TB_colleges>
<TB_colleges>
<id>1810</id>
<name>Hillsdale, NJ</name>
</TB_colleges>
<TB_colleges>
<id>1819</id>
<name>Wexford, PA</name>
</TB_colleges>
<TB_colleges>
<id>1842</id>
<name>Trenton, NJ</name>
</TB_colleges>
<TB_colleges>
<id>1843</id>
<name>Union City, NJ</name>
</TB_colleges>
<TB_colleges>
<id>1848</id>
<name>Boston, MA</name>
</TB_colleges>
<TB_colleges>
<id>1853</id>
<name>Vero Beach, FL</name>
</TB_colleges>
<TB_colleges>
<id>3868</id>
<name>Palos Verdes, CA</name>
</TB_colleges>
<TB_colleges>
<id>3874</id>
<name>Waianae, HI</name>
</TB_colleges>
<TB_colleges>
<id>4016</id>
<name>Downington, PA</name>
</TB_colleges>
<TB_colleges>
<id>4041</id>
<name>Linden, NJ</name>
</TB_colleges>
<TB_colleges>
<id>1918</id>
<name>Murrysville, PA</name>
</TB_colleges>
<TB_colleges>
<id>1925</id>
<name>Piscataway, NJ</name>
</TB_colleges>
<TB_colleges>
<id>1934</id>
<name>Silver Spring, MD</name>
</TB_colleges>
<TB_colleges>
<id>2109</id>
<name>Basking Ridge, NJ</name>
</TB_colleges>
<TB_colleges>
<id>2113</id>
<name>Armonk, NY</name>
</TB_colleges>
<TB_colleges>
<id>2236</id>
<name>Walpole, MA</name>
</TB_colleges>
<TB_colleges>
<id>2413</id>
<name>Cochran, GA</name>
</TB_colleges>
<TB_colleges>
<id>2456</id>
<name>Brisbane, Australia</name>
</TB_colleges>
<TB_colleges>
<id>2458</id>
<name>Mililani, HI</name>
</TB_colleges>
<TB_colleges>
<id>2620</id>
<name>Newark, NJ</name>
</TB_colleges>
<TB_colleges>
<id>2797</id>
<name>Weirton, WV</name>
</TB_colleges>
<TB_colleges>
<id>3020</id>
<name>Cambridge, MA</name>
</TB_colleges>
<TB_colleges>
<id>3110</id>
<name>Westwood, MA</name>
</TB_colleges>
<TB_colleges>
<id>3403</id>
<name>Monument, CO</name>
</TB_colleges>
<TB_colleges>
<id>3534</id>
<name>Shrewsbury, MA</name>
</TB_colleges>
<TB_colleges>
<id>3695</id>
<name>Edison, NJ</name>
</TB_colleges>
<TB_colleges>
<id>4353</id>
<name>Hyde Park, MA</name>
</TB_colleges>
<TB_colleges>
<id>4383</id>
<name>Lakewood, NJ</name>
</TB_colleges>
<TB_colleges>
<id>4394</id>
<name>Middletown, CT</name>
</TB_colleges>
<TB_colleges>
<id>4667</id>
<name>Leicester, MA</name>
</TB_colleges>
<TB_colleges>
<id>4674</id>
<name>Madison, CT</name>
</TB_colleges>
<TB_colleges>
<id>4731</id>
<name>Milton, MA</name>
</TB_colleges>
<TB_colleges>
<id>4750</id>
<name>Holden, MA</name>
</TB_colleges>
<TB_colleges>
<id>4764</id>
<name>Cromwell, CT</name>
</TB_colleges>
<TB_colleges>
<id>4765</id>
<name>Clayton, NM</name>
</TB_colleges>
<TB_colleges>
<id>4766</id>
<name>Riverside, CT</name>
</TB_colleges>
<TB_colleges>
<id>4768</id>
<name>East Hartland, CT</name>
</TB_colleges>
<TB_colleges>
<id>4770</id>
<name>Norfolk, MA</name>
</TB_colleges>
<TB_colleges>
<id>4773</id>
<name>Lakeville, MA</name>
</TB_colleges>
<TB_colleges>
<id>4774</id>
<name>Hindsdale, MA</name>
</TB_colleges>
<TB_colleges>
<id>4775</id>
<name>Cologne, Germany</name>
</TB_colleges>
<TB_colleges>
<id>4776</id>
<name>Exeter, NH</name>
</TB_colleges>
<TB_colleges>
<id>4778</id>
<name>Leominster, MA</name>
</TB_colleges>
<TB_colleges>
<id>4779</id>
<name>Weymouth, MA</name>
</TB_colleges>
<TB_colleges>
<id>4780</id>
<name>Farmingville, NY</name>
</TB_colleges>
<TB_colleges>
<id>4783</id>
<name>Nanuet, NY</name>
</TB_colleges>
<TB_colleges>
<id>4785</id>
<name>Mansfield, MA</name>
</TB_colleges>
<TB_colleges>
<id>4786</id>
<name>Nantucket, MA</name>
</TB_colleges>
<TB_colleges>
<id>4787</id>
<name>Fitchburg, MA</name>
</TB_colleges>
<TB_colleges>
<id>4788</id>
<name>Levittown, PA</name>
</TB_colleges>
<TB_colleges>
<id>4790</id>
<name>Salisbury, CT</name>
</TB_colleges>
<TB_colleges>
<id>4792</id>
<name>Hyannis, MA</name>
</TB_colleges>
<TB_colleges>
<id>4793</id>
<name>Oak Bluffs, MA</name>
</TB_colleges>
<TB_colleges>
<id>4794</id>
<name>Marion, MA</name>
</TB_colleges>
<TB_colleges>
<id>4795</id>
<name>Norwood, MA</name>
</TB_colleges>
<TB_colleges>
<id>4796</id>
<name>Wayland, MA</name>
</TB_colleges>
<TB_colleges>
<id>4797</id>
<name>Saco, ME</name>
</TB_colleges>
<TB_colleges>
<id>4951</id>
<name>Warwick, RI</name>
</TB_colleges>
<TB_colleges>
<id>5202</id>
<name>Lone Tree, CO</name>
</TB_colleges>
<TB_colleges>
<id>5398</id>
<name>Dover, MA</name>
</TB_colleges>
<TB_colleges>
<id>5644</id>
<name>Cohassett, MA</name>
</TB_colleges>
<TB_colleges>
<id>5704</id>
<name>Englishtown, NJ</name>
</TB_colleges>
<TB_colleges>
<id>5712</id>
<name>Fairport, NY</name>
</TB_colleges>
<TB_colleges>
<id>5837</id>
<name>Kingston, MA</name>
</TB_colleges>
<TB_colleges>
<id>5882</id>
<name>Marblehead, MA</name>
</TB_colleges>
<TB_colleges>
<id>5895</id>
<name>Mayfield, OH</name>
</TB_colleges>
<TB_colleges>
<id>6022</id>
<name>Pembroke, MA</name>
</TB_colleges>
<TB_colleges>
<id>6092</id>
<name>Roxbury, MA</name>
</TB_colleges>
<TB_colleges>
<id>6229</id>
<name>West Springfield, MA</name>
</TB_colleges>
<TB_colleges>
<id>6346</id>
<name>Unknown</name>
</TB_colleges>
</dataroot>
