<?xml version="1.0" encoding="UTF-8"?>
<dataroot xmlns:od="urn:schemas-microsoft-com:officedata" generated="2015-09-12T22:36:06">
<TB_players>
<id>3852</id>
<lastname>Liufau</lastname>
<firstname>Sefo</firstname>
<height>604</height>
<weight>230</weight>
<year>2017</year>
<team-id>143</team-id>
<college-id>100</college-id>
<retired>0</retired>
</TB_players>
<TB_players>
<id>3853</id>
<lastname>MacIntyre</lastname>
<firstname>Jay</firstname>
<height>510</height>
<weight>185</weight>
<year>2018</year>
<team-id>143</team-id>
<college-id>131</college-id>
<retired>0</retired>
</TB_players>
<TB_players>
<id>3854</id>
<lastname>Apsay</lastname>
<firstname>Cade</firstname>
<height>602</height>
<weight>190</weight>
<year>2018</year>
<team-id>143</team-id>
<college-id>1721</college-id>
<retired>0</retired>
</TB_players>
<TB_players>
<id>3856</id>
<lastname>Adkins II</lastname>
<firstname>Michael</firstname>
<height>510</height>
<weight>195</weight>
<year>2017</year>
<team-id>143</team-id>
<college-id>388</college-id>
<retired>0</retired>
</TB_players>
<TB_players>
<id>3857</id>
<lastname>Ross</lastname>
<firstname>Devin</firstname>
<height>509</height>
<weight>170</weight>
<year>2017</year>
<team-id>143</team-id>
<college-id>1746</college-id>
<retired>0</retired>
</TB_players>
<TB_players>
<id>3858</id>
<lastname>Spruce</lastname>
<firstname>Nelson</firstname>
<height>601</height>
<weight>195</weight>
<year>2016</year>
<team-id>143</team-id>
<college-id>1750</college-id>
<retired>0</retired>
</TB_players>
<TB_players>
<id>3859</id>
<lastname>Lindsay</lastname>
<firstname>Phillip</firstname>
<height>508</height>
<weight>175</weight>
<year>2018</year>
<team-id>143</team-id>
<college-id>1739</college-id>
<retired>0</retired>
</TB_players>
<TB_players>
<id>3860</id>
<lastname>Walker</lastname>
<firstname>Lee</firstname>
<height>600</height>
<weight>175</weight>
<year>2018</year>
<team-id>143</team-id>
<college-id>388</college-id>
<retired>0</retired>
</TB_players>
<TB_players>
<id>3862</id>
<lastname>Hall</lastname>
<firstname>Joseph</firstname>
<height>509</height>
<weight>165</weight>
<year>2018</year>
<team-id>143</team-id>
<college-id>1270</college-id>
<retired>0</retired>
</TB_players>
<TB_players>
<id>3863</id>
<lastname>Frazier</lastname>
<firstname>George</firstname>
<height>602</height>
<weight>245</weight>
<year>2018</year>
<team-id>143</team-id>
<college-id>501</college-id>
<retired>0</retired>
</TB_players>
<TB_players>
<id>3864</id>
<lastname>Lee</lastname>
<firstname>Donovan</firstname>
<height>508</height>
<weight>170</weight>
<year>2018</year>
<team-id>143</team-id>
<college-id>1720</college-id>
<retired>0</retired>
</TB_players>
<TB_players>
<id>3866</id>
<lastname>Murphy</lastname>
<firstname>Jordan</firstname>
<height>600</height>
<weight>235</weight>
<year>2016</year>
<team-id>143</team-id>
<college-id>90</college-id>
<retired>0</retired>
</TB_players>
<TB_players>
<id>3868</id>
<lastname>Finch</lastname>
<firstname>John</firstname>
<height>511</height>
<weight>215</weight>
<year>2017</year>
<team-id>143</team-id>
<college-id>1727</college-id>
<retired>0</retired>
</TB_players>
<TB_players>
<id>3869</id>
<lastname>Hill</lastname>
<firstname>Chris</firstname>
<height>602</height>
<weight>225</weight>
<year>2018</year>
<team-id>143</team-id>
<college-id>132</college-id>
<retired>0</retired>
</TB_players>
<TB_players>
<id>3870</id>
<lastname>Bobo</lastname>
<firstname>Bryce</firstname>
<height>602</height>
<weight>190</weight>
<year>2018</year>
<team-id>143</team-id>
<college-id>1723</college-id>
<retired>0</retired>
</TB_players>
<TB_players>
<id>3871</id>
<lastname>Powell</lastname>
<firstname>Christian</firstname>
<height>600</height>
<weight>230</weight>
<year>2016</year>
<team-id>143</team-id>
<college-id>99</college-id>
<retired>0</retired>
</TB_players>
<TB_players>
<id>3872</id>
<lastname>Fields</lastname>
<firstname>Shay</firstname>
<height>511</height>
<weight>170</weight>
<year>2018</year>
<team-id>143</team-id>
<college-id>1317</college-id>
<retired>0</retired>
</TB_players>
<TB_players>
<id>3875</id>
<lastname>Wiefels</lastname>
<firstname>Sully</firstname>
<height>603</height>
<weight>300</weight>
<year>2016</year>
<team-id>143</team-id>
<college-id>705</college-id>
<retired>0</retired>
</TB_players>
<TB_players>
<id>3878</id>
<lastname>Caldwell</lastname>
<firstname>Ed</firstname>
<height>605</height>
<weight>300</weight>
<year>2017</year>
<team-id>143</team-id>
<college-id>132</college-id>
<retired>0</retired>
</TB_players>
<TB_players>
<id>3880</id>
<lastname>Arvia</lastname>
<firstname>Vincent</firstname>
<height>511</height>
<weight>295</weight>
<year>2017</year>
<team-id>143</team-id>
<college-id>388</college-id>
<retired>0</retired>
</TB_players>
<TB_players>
<id>3881</id>
<lastname>Sutton</lastname>
<firstname>Colin</firstname>
<height>604</height>
<weight>290</weight>
<year>2018</year>
<team-id>143</team-id>
<college-id>1751</college-id>
<retired>0</retired>
</TB_players>
<TB_players>
<id>3882</id>
<lastname>Kough</lastname>
<firstname>Gerrad</firstname>
<height>604</height>
<weight>295</weight>
<year>2018</year>
<team-id>143</team-id>
<college-id>1250</college-id>
<retired>0</retired>
</TB_players>
<TB_players>
<id>3883</id>
<lastname>Gehrke</lastname>
<firstname>Jordan</firstname>
<height>601</height>
<weight>195</weight>
<year>2017</year>
<team-id>143</team-id>
<college-id>396</college-id>
<retired>0</retired>
</TB_players>
<TB_players>
<id>3884</id>
<lastname>Callahan</lastname>
<firstname>Shane</firstname>
<height>606</height>
<weight>300</weight>
<year>2017</year>
<team-id>143</team-id>
<college-id>91</college-id>
<retired>0</retired>
</TB_players>
<TB_players>
<id>3885</id>
<lastname>Kronshage</lastname>
<firstname>Sam</firstname>
<height>605</height>
<weight>285</weight>
<year>2018</year>
<team-id>143</team-id>
<college-id>489</college-id>
<retired>0</retired>
</TB_players>
<TB_players>
<id>3887</id>
<lastname>Kelley</lastname>
<firstname>Alex</firstname>
<height>602</height>
<weight>305</weight>
<year>2017</year>
<team-id>143</team-id>
<college-id>443</college-id>
<retired>0</retired>
</TB_players>
<TB_players>
<id>3888</id>
<lastname>Kaiser</lastname>
<firstname>Josh</firstname>
<height>605</height>
<weight>270</weight>
<year>2018</year>
<team-id>143</team-id>
<college-id>1077</college-id>
<retired>0</retired>
</TB_players>
<TB_players>
<id>3889</id>
<lastname>Irwin</lastname>
<firstname>Jeromy</firstname>
<height>605</height>
<weight>295</weight>
<year>2017</year>
<team-id>143</team-id>
<college-id>104</college-id>
<retired>0</retired>
</TB_players>
<TB_players>
<id>3890</id>
<lastname>Nembot</lastname>
<firstname>Stephane</firstname>
<height>607</height>
<weight>295</weight>
<year>2016</year>
<team-id>143</team-id>
<college-id>1298</college-id>
<retired>0</retired>
</TB_players>
<TB_players>
<id>3891</id>
<lastname>Lisella II</lastname>
<firstname>John</firstname>
<height>604</height>
<weight>265</weight>
<year>2018</year>
<team-id>143</team-id>
<college-id>67</college-id>
<retired>0</retired>
</TB_players>
<TB_players>
<id>3892</id>
<lastname>Huckins</lastname>
<firstname>Jonathan</firstname>
<height>603</height>
<weight>305</weight>
<year>2018</year>
<team-id>143</team-id>
<college-id>489</college-id>
<retired>0</retired>
</TB_players>
<TB_players>
<id>3893</id>
<lastname>Irwin</lastname>
<firstname>Sean</firstname>
<height>603</height>
<weight>245</weight>
<year>2017</year>
<team-id>143</team-id>
<college-id>104</college-id>
<retired>0</retired>
</TB_players>
<TB_players>
<id>3894</id>
<lastname>Orban</lastname>
<firstname>Robert</firstname>
<height>606</height>
<weight>195</weight>
<year>2018</year>
<team-id>143</team-id>
<college-id>303</college-id>
<retired>0</retired>
</TB_players>
<TB_players>
<id>3896</id>
<lastname>Johnson</lastname>
<firstname>Colin</firstname>
<height>600</height>
<weight>175</weight>
<year>2017</year>
<team-id>143</team-id>
<college-id>1737</college-id>
<retired>0</retired>
</TB_players>
<TB_players>
<id>3897</id>
<lastname>Center</lastname>
<firstname>Connor</firstname>
<height>607</height>
<weight>245</weight>
<year>2018</year>
<team-id>143</team-id>
<college-id>673</college-id>
<retired>0</retired>
</TB_players>
<TB_players>
<id>3898</id>
<lastname>Keeney</lastname>
<firstname>Dylan</firstname>
<height>606</height>
<weight>220</weight>
<year>2018</year>
<team-id>143</team-id>
<college-id>432</college-id>
<retired>0</retired>
</TB_players>
<TB_players>
<id>3901</id>
<lastname>Jones</lastname>
<firstname>Hayden</firstname>
<height>606</height>
<weight>245</weight>
<year>2018</year>
<team-id>143</team-id>
<college-id>300</college-id>
<retired>0</retired>
</TB_players>
<TB_players>
<id>3902</id>
<lastname>Boatman</lastname>
<firstname>Brian</firstname>
<height>603</height>
<weight>220</weight>
<year>2018</year>
<team-id>143</team-id>
<college-id>1722</college-id>
<retired>0</retired>
</TB_players>
<TB_players>
<id>3904</id>
<lastname>Mosley</lastname>
<firstname>Marques</firstname>
<height>600</height>
<weight>185</weight>
<year>2016</year>
<team-id>143</team-id>
<college-id>99</college-id>
<retired>0</retired>
</TB_players>
<TB_players>
<id>3905</id>
<lastname>Crawley</lastname>
<firstname>Ken</firstname>
<height>601</height>
<weight>170</weight>
<year>2016</year>
<team-id>143</team-id>
<college-id>214</college-id>
<retired>0</retired>
</TB_players>
<TB_players>
<id>3907</id>
<lastname>Bell</lastname>
<firstname>Jered</firstname>
<height>601</height>
<weight>195</weight>
<year>2016</year>
<team-id>143</team-id>
<college-id>1207</college-id>
<retired>0</retired>
</TB_players>
<TB_players>
<id>3908</id>
<lastname>Witherspoon</lastname>
<firstname>Ahkello</firstname>
<height>603</height>
<weight>185</weight>
<year>2017</year>
<team-id>143</team-id>
<college-id>300</college-id>
<retired>0</retired>
</TB_players>
<TB_players>
<id>3909</id>
<lastname>Moeller</lastname>
<firstname>Ryan</firstname>
<height>600</height>
<weight>205</weight>
<year>2018</year>
<team-id>143</team-id>
<college-id>1741</college-id>
<retired>0</retired>
</TB_players>
<TB_players>
<id>3910</id>
<lastname>Walker</lastname>
<firstname>John</firstname>
<height>509</height>
<weight>175</weight>
<year>2017</year>
<team-id>143</team-id>
<college-id>214</college-id>
<retired>0</retired>
</TB_players>
<TB_players>
<id>3911</id>
<lastname>Talianko</lastname>
<firstname>Travis</firstname>
<height>601</height>
<weight>210</weight>
<year>2017</year>
<team-id>143</team-id>
<college-id>1752</college-id>
<retired>0</retired>
</TB_players>
<TB_players>
<id>3912</id>
<lastname>Rippy</lastname>
<firstname>Deaysean</firstname>
<height>602</height>
<weight>220</weight>
<year>2017</year>
<team-id>143</team-id>
<college-id>1745</college-id>
<retired>0</retired>
</TB_players>
<TB_players>
<id>3913</id>
<lastname>Severson</lastname>
<firstname>Ryan</firstname>
<height>510</height>
<weight>200</weight>
<year>2017</year>
<team-id>143</team-id>
<college-id>641</college-id>
<retired>0</retired>
</TB_players>
<TB_players>
<id>3914</id>
<lastname>Olugbode</lastname>
<firstname>Kenneth</firstname>
<height>600</height>
<weight>210</weight>
<year>2017</year>
<team-id>143</team-id>
<college-id>641</college-id>
<retired>0</retired>
</TB_players>
<TB_players>
<id>3915</id>
<lastname>Gamboa</lastname>
<firstname>Rick</firstname>
<height>601</height>
<weight>225</weight>
<year>2018</year>
<team-id>143</team-id>
<college-id>1730</college-id>
<retired>0</retired>
</TB_players>
<TB_players>
<id>3916</id>
<lastname>Shaw</lastname>
<firstname>Hunter</firstname>
<height>603</height>
<weight>215</weight>
<year>2016</year>
<team-id>143</team-id>
<college-id>1748</college-id>
<retired>0</retired>
</TB_players>
<TB_players>
<id>3918</id>
<lastname>Norgard</lastname>
<firstname>Clay</firstname>
<height>600</height>
<weight>240</weight>
<year>2017</year>
<team-id>143</team-id>
<college-id>132</college-id>
<retired>0</retired>
</TB_players>
<TB_players>
<id>3920</id>
<lastname>Sanchez</lastname>
<firstname>Jaisen</firstname>
<height>601</height>
<weight>195</weight>
<year>2018</year>
<team-id>143</team-id>
<college-id>1747</college-id>
<retired>0</retired>
</TB_players>
<TB_players>
<id>3921</id>
<lastname>Awuzie</lastname>
<firstname>Chidobe</firstname>
<height>600</height>
<weight>190</weight>
<year>2017</year>
<team-id>143</team-id>
<college-id>641</college-id>
<retired>0</retired>
</TB_players>
<TB_players>
<id>3925</id>
<lastname>Gillam</lastname>
<firstname>Addison</firstname>
<height>603</height>
<weight>225</weight>
<year>2017</year>
<team-id>143</team-id>
<college-id>1731</college-id>
<retired>0</retired>
</TB_players>
<TB_players>
<id>3927</id>
<lastname>Shaver</lastname>
<firstname>Christian</firstname>
<height>603</height>
<weight>235</weight>
<year>2018</year>
<team-id>143</team-id>
<college-id>1197</college-id>
<retired>0</retired>
</TB_players>
<TB_players>
<id>3928</id>
<lastname>Gregory</lastname>
<firstname>Garrett</firstname>
<height>601</height>
<weight>225</weight>
<year>2018</year>
<team-id>143</team-id>
<college-id>1735</college-id>
<retired>0</retired>
</TB_players>
<TB_players>
<id>3929</id>
<lastname>Wright</lastname>
<firstname>Yuri</firstname>
<height>601</height>
<weight>170</weight>
<year>2017</year>
<team-id>143</team-id>
<college-id>1754</college-id>
<retired>0</retired>
</TB_players>
<TB_players>
<id>3930</id>
<lastname>Tuso</lastname>
<firstname>John Paul</firstname>
<height>603</height>
<weight>265</weight>
<year>2016</year>
<team-id>143</team-id>
<college-id>1719</college-id>
<retired>0</retired>
</TB_players>
<TB_players>
<id>3933</id>
<lastname>Solis</lastname>
<firstname>Justin</firstname>
<height>601</height>
<weight>305</weight>
<year>2016</year>
<team-id>143</team-id>
<college-id>1295</college-id>
<retired>0</retired>
</TB_players>
<TB_players>
<id>3934</id>
<lastname>Coleman</lastname>
<firstname>Timothy</firstname>
<height>602</height>
<weight>250</weight>
<year>2018</year>
<team-id>143</team-id>
<college-id>303</college-id>
<retired>0</retired>
</TB_players>
<TB_players>
<id>3935</id>
<lastname>White</lastname>
<firstname>Evan</firstname>
<height>602</height>
<weight>195</weight>
<year>2018</year>
<team-id>143</team-id>
<college-id>1739</college-id>
<retired>0</retired>
</TB_players>
<TB_players>
<id>3937</id>
<lastname>Thompson</lastname>
<firstname>Tedric</firstname>
<height>600</height>
<weight>200</weight>
<year>2017</year>
<team-id>143</team-id>
<college-id>1706</college-id>
<retired>0</retired>
</TB_players>
<TB_players>
<id>3938</id>
<lastname>Wilson</lastname>
<firstname>De&apos;Jon</firstname>
<height>601</height>
<weight>255</weight>
<year>2017</year>
<team-id>143</team-id>
<college-id>214</college-id>
<retired>0</retired>
</TB_players>
<TB_players>
<id>3939</id>
<lastname>Lopez</lastname>
<firstname>Eddy</firstname>
<height>604</height>
<weight>300</weight>
<year>2018</year>
<team-id>143</team-id>
<college-id>9</college-id>
<retired>0</retired>
</TB_players>
<TB_players>
<id>3940</id>
<lastname>Franke</lastname>
<firstname>Jase</firstname>
<height>604</height>
<weight>270</weight>
<year>2018</year>
<team-id>143</team-id>
<college-id>1729</college-id>
<retired>0</retired>
</TB_players>
<TB_players>
<id>3941</id>
<lastname>Kafovalu</lastname>
<firstname>Samson</firstname>
<height>605</height>
<weight>245</weight>
<year>2016</year>
<team-id>143</team-id>
<college-id>284</college-id>
<retired>0</retired>
</TB_players>
<TB_players>
<id>3942</id>
<lastname>Mathewes</lastname>
<firstname>Michael</firstname>
<height>605</height>
<weight>250</weight>
<year>2018</year>
<team-id>143</team-id>
<college-id>1077</college-id>
<retired>0</retired>
</TB_players>
<TB_players>
<id>3943</id>
<lastname>Henington</lastname>
<firstname>Tyler</firstname>
<height>602</height>
<weight>245</weight>
<year>2016</year>
<team-id>143</team-id>
<college-id>1722</college-id>
<retired>0</retired>
</TB_players>
<TB_players>
<id>3944</id>
<lastname>McCartney</lastname>
<firstname>Derek</firstname>
<height>603</height>
<weight>240</weight>
<year>2018</year>
<team-id>143</team-id>
<college-id>1740</college-id>
<retired>0</retired>
</TB_players>
<TB_players>
<id>3945</id>
<lastname>Hasselbach</lastname>
<firstname>Terran</firstname>
<height>601</height>
<weight>235</weight>
<year>2018</year>
<team-id>143</team-id>
<college-id>91</college-id>
<retired>0</retired>
</TB_players>
<TB_players>
<id>3946</id>
<lastname>Wyman</lastname>
<firstname>Bryan</firstname>
<height>601</height>
<weight>260</weight>
<year>2018</year>
<team-id>143</team-id>
<college-id>1755</college-id>
<retired>0</retired>
</TB_players>
<TB_players>
<id>3947</id>
<lastname>Gilbert</lastname>
<firstname>Jimmie</firstname>
<height>604</height>
<weight>230</weight>
<year>2017</year>
<team-id>143</team-id>
<college-id>72</college-id>
<retired>0</retired>
</TB_players>
<TB_players>
<id>3948</id>
<lastname>Howard</lastname>
<firstname>Aaron</firstname>
<height>601</height>
<weight>240</weight>
<year>2017</year>
<team-id>143</team-id>
<college-id>303</college-id>
<retired>0</retired>
</TB_players>
<TB_players>
<id>3949</id>
<lastname>Gonzalez</lastname>
<firstname>Diego</firstname>
<height>511</height>
<weight>210</weight>
<year>2017</year>
<team-id>143</team-id>
<college-id>1732</college-id>
<retired>0</retired>
</TB_players>
<TB_players>
<id>3950</id>
<lastname>Graham</lastname>
<firstname>Chris</firstname>
<height>603</height>
<weight>220</weight>
<year>2018</year>
<team-id>143</team-id>
<college-id>1734</college-id>
<retired>0</retired>
</TB_players>
<TB_players>
<id>3952</id>
<lastname>Smith</lastname>
<firstname>Wyatt Tucker</firstname>
<height>602</height>
<weight>235</weight>
<year>2016</year>
<team-id>143</team-id>
<college-id>1718</college-id>
<retired>0</retired>
</TB_players>
<TB_players>
<id>3958</id>
<lastname>Evans</lastname>
<firstname>Kyle</firstname>
<height>506</height>
<weight>175</weight>
<year>2018</year>
<team-id>143</team-id>
<college-id>641</college-id>
<retired>0</retired>
</TB_players>
<TB_players>
<id>4886</id>
<lastname>Brackett</lastname>
<firstname>Kelton</firstname>
<height>511</height>
<weight>186</weight>
<year>2016</year>
<team-id>216</team-id>
<college-id>222</college-id>
<retired>0</retired>
</TB_players>
<TB_players>
<id>8891</id>
<lastname>Josey</lastname>
<firstname>Darrian</firstname>
<height>602</height>
<weight>165</weight>
<year>2018</year>
<team-id>216</team-id>
<college-id>184</college-id>
<retired>0</retired>
</TB_players>
<TB_players>
<id>15262</id>
<lastname>Sharpe</lastname>
<firstname>Tajae</firstname>
<height>604</height>
<weight>200</weight>
<year>2016</year>
<team-id>216</team-id>
<college-id>1925</college-id>
<retired>0</retired>
</TB_players>
<TB_players>
<id>15263</id>
<lastname>Michel</lastname>
<firstname>Marken</firstname>
<height>510</height>
<weight>185</weight>
<year>2016</year>
<team-id>216</team-id>
<college-id>1543</college-id>
<retired>0</retired>
</TB_players>
<TB_players>
<id>15264</id>
<lastname>Stafford</lastname>
<firstname>Todd</firstname>
<height>607</height>
<weight>250</weight>
<year>2018</year>
<team-id>216</team-id>
<college-id>4766</college-id>
<retired>0</retired>
</TB_players>
<TB_players>
<id>15266</id>
<lastname>Doyle</lastname>
<firstname>A.J.</firstname>
<height>603</height>
<weight>226</weight>
<year>2016</year>
<team-id>216</team-id>
<college-id>4773</college-id>
<retired>0</retired>
</TB_players>
<TB_players>
<id>15267</id>
<lastname>Long</lastname>
<firstname>Elgin</firstname>
<height>510</height>
<weight>189</weight>
<year>2016</year>
<team-id>216</team-id>
<college-id>44</college-id>
<retired>0</retired>
</TB_players>
<TB_players>
<id>15268</id>
<lastname>Verboys</lastname>
<firstname>Andrew</firstname>
<height>511</height>
<weight>180</weight>
<year>2018</year>
<team-id>216</team-id>
<college-id>2113</college-id>
<retired>0</retired>
</TB_players>
<TB_players>
<id>15269</id>
<lastname>Nesmith</lastname>
<firstname>Shakur</firstname>
<height>604</height>
<weight>200</weight>
<year>2018</year>
<team-id>216</team-id>
<college-id>424</college-id>
<retired>0</retired>
</TB_players>
<TB_players>
<id>15270</id>
<lastname>Comis</lastname>
<firstname>Ross</firstname>
<height>602</height>
<weight>215</weight>
<year>2018</year>
<team-id>216</team-id>
<college-id>2797</college-id>
<retired>0</retired>
</TB_players>
<TB_players>
<id>15271</id>
<lastname>Woodley</lastname>
<firstname>Lorenzo</firstname>
<height>600</height>
<weight>215</weight>
<year>2017</year>
<team-id>216</team-id>
<college-id>172</college-id>
<retired>0</retired>
</TB_players>
<TB_players>
<id>15272</id>
<lastname>Brisbane</lastname>
<firstname>Manwon</firstname>
<height>509</height>
<weight>200</weight>
<year>2018</year>
<team-id>216</team-id>
<college-id>4796</college-id>
<retired>0</retired>
</TB_players>
<TB_players>
<id>15274</id>
<lastname>Whipple</lastname>
<firstname>Austin</firstname>
<height>601</height>
<weight>199</weight>
<year>2018</year>
<team-id>216</team-id>
<college-id>1819</college-id>
<retired>0</retired>
</TB_players>
<TB_players>
<id>15275</id>
<lastname>Tuleja</lastname>
<firstname>Matt</firstname>
<height>602</height>
<weight>240</weight>
<year>2016</year>
<team-id>216</team-id>
<college-id>4785</college-id>
<retired>0</retired>
</TB_players>
<TB_players>
<id>15276</id>
<lastname>Mills</lastname>
<firstname>Rodney</firstname>
<height>601</height>
<weight>205</weight>
<year>2016</year>
<team-id>216</team-id>
<college-id>308</college-id>
<retired>0</retired>
</TB_players>
<TB_players>
<id>15277</id>
<lastname>Libby</lastname>
<firstname>Andrew</firstname>
<height>601</height>
<weight>195</weight>
<year>2018</year>
<team-id>216</team-id>
<college-id>4797</college-id>
<retired>0</retired>
</TB_players>
<TB_players>
<id>15278</id>
<lastname>Fiske</lastname>
<firstname>Jordan</firstname>
<height>603</height>
<weight>225</weight>
<year>2018</year>
<team-id>216</team-id>
<college-id>4774</college-id>
<retired>0</retired>
</TB_players>
<TB_players>
<id>15279</id>
<lastname>Lucier</lastname>
<firstname>Jon</firstname>
<height>606</height>
<weight>215</weight>
<year>2018</year>
<team-id>216</team-id>
<college-id>4750</college-id>
<retired>0</retired>
</TB_players>
<TB_players>
<id>15280</id>
<lastname>Abrokwah</lastname>
<firstname>Shadrach</firstname>
<height>509</height>
<weight>200</weight>
<year>2017</year>
<team-id>216</team-id>
<college-id>983</college-id>
<retired>0</retired>
</TB_players>
<TB_players>
<id>15281</id>
<lastname>Mack</lastname>
<firstname>Daquan</firstname>
<height>601</height>
<weight>255</weight>
<year>2018</year>
<team-id>216</team-id>
<college-id>4788</college-id>
<retired>0</retired>
</TB_players>
<TB_players>
<id>15282</id>
<lastname>Bruns</lastname>
<firstname>Josh</firstname>
<height>605</height>
<weight>285</weight>
<year>2016</year>
<team-id>216</team-id>
<college-id>714</college-id>
<retired>0</retired>
</TB_players>
<TB_players>
<id>15284</id>
<lastname>Wilson</lastname>
<firstname>Jamal</firstname>
<height>510</height>
<weight>200</weight>
<year>2016</year>
<team-id>216</team-id>
<college-id>199</college-id>
<retired>0</retired>
</TB_players>
<TB_players>
<id>15285</id>
<lastname>Angelas</lastname>
<firstname>Dimitri</firstname>
<height>605</height>
<weight>291</weight>
<year>2018</year>
<team-id>216</team-id>
<college-id>1098</college-id>
<retired>0</retired>
</TB_players>
<TB_players>
<id>15286</id>
<lastname>Fernandez</lastname>
<firstname>Anthony</firstname>
<height>606</height>
<weight>285</weight>
<year>2018</year>
<team-id>216</team-id>
<college-id>486</college-id>
<retired>0</retired>
</TB_players>
<TB_players>
<id>15287</id>
<lastname>DiNicola</lastname>
<firstname>Dan</firstname>
<height>606</height>
<weight>275</weight>
<year>2018</year>
<team-id>216</team-id>
<college-id>2236</college-id>
<retired>0</retired>
</TB_players>
<TB_players>
<id>15288</id>
<lastname>Wilkinson</lastname>
<firstname>Elijah</firstname>
<height>604</height>
<weight>330</weight>
<year>2017</year>
<team-id>216</team-id>
<college-id>4016</college-id>
<retired>0</retired>
</TB_players>
<TB_players>
<id>15289</id>
<lastname>Frohnapfel</lastname>
<firstname>Blake</firstname>
<height>606</height>
<weight>225</weight>
<year>2016</year>
<team-id>216</team-id>
<college-id>1645</college-id>
<retired>0</retired>
</TB_players>
<TB_players>
<id>15290</id>
<lastname>Johnson</lastname>
<firstname>Ryan</firstname>
<height>605</height>
<weight>320</weight>
<year>2016</year>
<team-id>216</team-id>
<college-id>215</college-id>
<retired>0</retired>
</TB_players>
<TB_players>
<id>15291</id>
<lastname>Boland</lastname>
<firstname>Michael</firstname>
<height>607</height>
<weight>295</weight>
<year>2017</year>
<team-id>216</team-id>
<college-id>1712</college-id>
<retired>0</retired>
</TB_players>
<TB_players>
<id>15293</id>
<lastname>Hoeller</lastname>
<firstname>Fabian</firstname>
<height>603</height>
<weight>290</weight>
<year>2017</year>
<team-id>216</team-id>
<college-id>4775</college-id>
<retired>0</retired>
</TB_players>
<TB_players>
<id>15294</id>
<lastname>Kolter</lastname>
<firstname>Lukas</firstname>
<height>603</height>
<weight>310</weight>
<year>2018</year>
<team-id>216</team-id>
<college-id>4775</college-id>
<retired>0</retired>
</TB_players>
<TB_players>
<id>15295</id>
<lastname>Mock</lastname>
<firstname>Cameron</firstname>
<height>607</height>
<weight>305</weight>
<year>2018</year>
<team-id>216</team-id>
<college-id>4765</college-id>
<retired>0</retired>
</TB_players>
<TB_players>
<id>15296</id>
<lastname>Henderson</lastname>
<firstname>Tyshon</firstname>
<height>607</height>
<weight>339</weight>
<year>2017</year>
<team-id>216</team-id>
<college-id>2620</college-id>
<retired>0</retired>
</TB_players>
<TB_players>
<id>15297</id>
<lastname>Smith</lastname>
<firstname>Tyrell</firstname>
<height>605</height>
<weight>295</weight>
<year>2017</year>
<team-id>216</team-id>
<college-id>4383</college-id>
<retired>0</retired>
</TB_players>
<TB_players>
<id>15298</id>
<lastname>Sparks</lastname>
<firstname>Matt</firstname>
<height>604</height>
<weight>290</weight>
<year>2016</year>
<team-id>216</team-id>
<college-id>2458</college-id>
<retired>0</retired>
</TB_players>
<TB_players>
<id>15300</id>
<lastname>Williams</lastname>
<firstname>Jalen</firstname>
<height>603</height>
<weight>205</weight>
<year>2016</year>
<team-id>216</team-id>
<college-id>345</college-id>
<retired>0</retired>
</TB_players>
<TB_players>
<id>15301</id>
<lastname>Lovaincy</lastname>
<firstname>Kevin</firstname>
<height>604</height>
<weight>198</weight>
<year>2017</year>
<team-id>216</team-id>
<college-id>3020</college-id>
<retired>0</retired>
</TB_players>
<TB_players>
<id>15302</id>
<lastname>Lemieux</lastname>
<firstname>Connor</firstname>
<height>601</height>
<weight>185</weight>
<year>2018</year>
<team-id>216</team-id>
<college-id>4787</college-id>
<retired>0</retired>
</TB_players>
<TB_players>
<id>15303</id>
<lastname>Custis</lastname>
<firstname>Sharif</firstname>
<height>603</height>
<weight>215</weight>
<year>2018</year>
<team-id>216</team-id>
<college-id>424</college-id>
<retired>0</retired>
</TB_players>
<TB_players>
<id>15304</id>
<lastname>Adarkwah</lastname>
<firstname>Alfred</firstname>
<height>604</height>
<weight>175</weight>
<year>2018</year>
<team-id>216</team-id>
<college-id>983</college-id>
<retired>0</retired>
</TB_players>
<TB_players>
<id>15305</id>
<lastname>Howard</lastname>
<firstname>Brandon</firstname>
<height>605</height>
<weight>250</weight>
<year>2016</year>
<team-id>216</team-id>
<college-id>4770</college-id>
<retired>0</retired>
</TB_players>
<TB_players>
<id>15306</id>
<lastname>Harris</lastname>
<firstname>Shaquille</firstname>
<height>602</height>
<weight>206</weight>
<year>2017</year>
<team-id>216</team-id>
<college-id>1515</college-id>
<retired>0</retired>
</TB_players>
<TB_players>
<id>15307</id>
<lastname>Kelley</lastname>
<firstname>T.J.</firstname>
<height>606</height>
<weight>215</weight>
<year>2018</year>
<team-id>216</team-id>
<college-id>3534</college-id>
<retired>0</retired>
</TB_players>
<TB_players>
<id>15308</id>
<lastname>Davis</lastname>
<firstname>Bernard</firstname>
<height>601</height>
<weight>180</weight>
<year>2016</year>
<team-id>216</team-id>
<college-id>1296</college-id>
<retired>0</retired>
</TB_players>
<TB_players>
<id>15310</id>
<lastname>Woods</lastname>
<firstname>D.J.</firstname>
<height>509</height>
<weight>170</weight>
<year>2017</year>
<team-id>216</team-id>
<college-id>1757</college-id>
<retired>0</retired>
</TB_players>
<TB_players>
<id>15311</id>
<lastname>Santos-Knox</lastname>
<firstname>Jovan</firstname>
<height>602</height>
<weight>240</weight>
<year>2016</year>
<team-id>216</team-id>
<college-id>4394</college-id>
<retired>0</retired>
</TB_players>
<TB_players>
<id>15313</id>
<lastname>Bailey-Smith</lastname>
<firstname>Khary</firstname>
<height>602</height>
<weight>200</weight>
<year>2016</year>
<team-id>216</team-id>
<college-id>4779</college-id>
<retired>0</retired>
</TB_players>
<TB_players>
<id>15314</id>
<lastname>Singh</lastname>
<firstname>Charan</firstname>
<height>602</height>
<weight>192</weight>
<year>2018</year>
<team-id>216</team-id>
<college-id>1918</college-id>
<retired>0</retired>
</TB_players>
<TB_players>
<id>15315</id>
<lastname>Colton</lastname>
<firstname>Joe</firstname>
<height>510</height>
<weight>195</weight>
<year>2016</year>
<team-id>216</team-id>
<college-id>4795</college-id>
<retired>0</retired>
</TB_players>
<TB_players>
<id>15316</id>
<lastname>Addo</lastname>
<firstname>Jarell</firstname>
<height>602</height>
<weight>190</weight>
<year>2018</year>
<team-id>216</team-id>
<college-id>4778</college-id>
<retired>0</retired>
</TB_players>
<TB_players>
<id>15317</id>
<lastname>Monteiro</lastname>
<firstname>Jesse</firstname>
<height>511</height>
<weight>175</weight>
<year>2018</year>
<team-id>216</team-id>
<college-id>4794</college-id>
<retired>0</retired>
</TB_players>
<TB_players>
<id>15318</id>
<lastname>Porter</lastname>
<firstname>Jackson</firstname>
<height>601</height>
<weight>190</weight>
<year>2018</year>
<team-id>216</team-id>
<college-id>1185</college-id>
<retired>0</retired>
</TB_players>
<TB_players>
<id>15319</id>
<lastname>Jones</lastname>
<firstname>Jaurice</firstname>
<height>601</height>
<weight>180</weight>
<year>2016</year>
<team-id>216</team-id>
<college-id>4041</college-id>
<retired>0</retired>
</TB_players>
<TB_players>
<id>15320</id>
<lastname>Messiah</lastname>
<firstname>Kassan</firstname>
<height>604</height>
<weight>237</weight>
<year>2016</year>
<team-id>216</team-id>
<college-id>289</college-id>
<retired>0</retired>
</TB_players>
<TB_players>
<id>15321</id>
<lastname>Edmonds</lastname>
<firstname>Zeke</firstname>
<height>600</height>
<weight>200</weight>
<year>2018</year>
<team-id>216</team-id>
<college-id>491</college-id>
<retired>0</retired>
</TB_players>
<TB_players>
<id>15323</id>
<lastname>Casali</lastname>
<firstname>Steve</firstname>
<height>602</height>
<weight>225</weight>
<year>2018</year>
<team-id>216</team-id>
<college-id>4780</college-id>
<retired>0</retired>
</TB_players>
<TB_players>
<id>15325</id>
<lastname>Beckford</lastname>
<firstname>DuVaughn</firstname>
<height>601</height>
<weight>180</weight>
<year>2016</year>
<team-id>216</team-id>
<college-id>4786</college-id>
<retired>0</retired>
</TB_players>
<TB_players>
<id>15326</id>
<lastname>Jette</lastname>
<firstname>Randall</firstname>
<height>511</height>
<weight>180</weight>
<year>2016</year>
<team-id>216</team-id>
<college-id>4793</college-id>
<retired>0</retired>
</TB_players>
<TB_players>
<id>15327</id>
<lastname>Downey</lastname>
<firstname>Da&apos;Sean</firstname>
<height>605</height>
<weight>240</weight>
<year>2018</year>
<team-id>216</team-id>
<college-id>630</college-id>
<retired>0</retired>
</TB_players>
<TB_players>
<id>15328</id>
<lastname>Robinson-Woodgett</lastname>
<firstname>John</firstname>
<height>602</height>
<weight>225</weight>
<year>2017</year>
<team-id>216</team-id>
<college-id>1246</college-id>
<retired>0</retired>
</TB_players>
<TB_players>
<id>15329</id>
<lastname>Ngobidi</lastname>
<firstname>Peter</firstname>
<height>602</height>
<weight>225</weight>
<year>2017</year>
<team-id>216</team-id>
<college-id>4353</college-id>
<retired>0</retired>
</TB_players>
<TB_players>
<id>15330</id>
<lastname>Amato</lastname>
<firstname>Lucas</firstname>
<height>600</height>
<weight>190</weight>
<year>2018</year>
<team-id>216</team-id>
<college-id>4790</college-id>
<retired>0</retired>
</TB_players>
<TB_players>
<id>15331</id>
<lastname>Dowe Jr.</lastname>
<firstname>Michael</firstname>
<height>602</height>
<weight>240</weight>
<year>2017</year>
<team-id>216</team-id>
<college-id>4764</college-id>
<retired>0</retired>
</TB_players>
<TB_players>
<id>15332</id>
<lastname>Rodriguez</lastname>
<firstname>Jeremy</firstname>
<height>602</height>
<weight>205</weight>
<year>2018</year>
<team-id>216</team-id>
<college-id>1810</college-id>
<retired>0</retired>
</TB_players>
<TB_players>
<id>15333</id>
<lastname>Angeh</lastname>
<firstname>Peter</firstname>
<height>602</height>
<weight>245</weight>
<year>2017</year>
<team-id>216</team-id>
<college-id>1934</college-id>
<retired>0</retired>
</TB_players>
<TB_players>
<id>15336</id>
<lastname>Langston</lastname>
<firstname>Vondell</firstname>
<height>600</height>
<weight>220</weight>
<year>2017</year>
<team-id>216</team-id>
<college-id>984</college-id>
<retired>0</retired>
</TB_players>
<TB_players>
<id>15337</id>
<lastname>Seals</lastname>
<firstname>Trey</firstname>
<height>604</height>
<weight>231</weight>
<year>2016</year>
<team-id>216</team-id>
<college-id>903</college-id>
<retired>0</retired>
</TB_players>
<TB_players>
<id>15340</id>
<lastname>Asante</lastname>
<firstname>Enock</firstname>
<height>602</height>
<weight>260</weight>
<year>2017</year>
<team-id>216</team-id>
<college-id>1842</college-id>
<retired>0</retired>
</TB_players>
<TB_players>
<id>15341</id>
<lastname>Previte</lastname>
<firstname>Joe</firstname>
<height>602</height>
<weight>285</weight>
<year>2018</year>
<team-id>216</team-id>
<college-id>144</college-id>
<retired>0</retired>
</TB_players>
<TB_players>
<id>15342</id>
<lastname>Leneus</lastname>
<firstname>Al</firstname>
<height>602</height>
<weight>295</weight>
<year>2016</year>
<team-id>216</team-id>
<college-id>4783</college-id>
<retired>0</retired>
</TB_players>
<TB_players>
<id>15343</id>
<lastname>Oyewole</lastname>
<firstname>Femi</firstname>
<height>601</height>
<weight>255</weight>
<year>2017</year>
<team-id>216</team-id>
<college-id>51</college-id>
<retired>0</retired>
</TB_players>
<TB_players>
<id>15344</id>
<lastname>Dennis</lastname>
<firstname>Basit</firstname>
<height>602</height>
<weight>280</weight>
<year>2018</year>
<team-id>216</team-id>
<college-id>983</college-id>
<retired>0</retired>
</TB_players>
<TB_players>
<id>15345</id>
<lastname>Largay</lastname>
<firstname>Jake</firstname>
<height>606</height>
<weight>280</weight>
<year>2018</year>
<team-id>216</team-id>
<college-id>4768</college-id>
<retired>0</retired>
</TB_players>
<TB_players>
<id>15346</id>
<lastname>Huber</lastname>
<firstname>Shane</firstname>
<height>603</height>
<weight>230</weight>
<year>2017</year>
<team-id>216</team-id>
<college-id>2109</college-id>
<retired>0</retired>
</TB_players>
<TB_players>
<id>15347</id>
<lastname>Dudley-Giles</lastname>
<firstname>Trey</firstname>
<height>511</height>
<weight>185</weight>
<year>2016</year>
<team-id>216</team-id>
<college-id>1040</college-id>
<retired>0</retired>
</TB_players>
<TB_players>
<id>15348</id>
<lastname>Richard</lastname>
<firstname>Adam</firstname>
<height>603</height>
<weight>220</weight>
<year>2017</year>
<team-id>216</team-id>
<college-id>4731</college-id>
<retired>0</retired>
</TB_players>
<TB_players>
<id>15349</id>
<lastname>Carter</lastname>
<firstname>Chris</firstname>
<height>604</height>
<weight>260</weight>
<year>2018</year>
<team-id>216</team-id>
<college-id>1029</college-id>
<retired>0</retired>
</TB_players>
<TB_players>
<id>15350</id>
<lastname>Kitching</lastname>
<firstname>Robert</firstname>
<height>601</height>
<weight>300</weight>
<year>2016</year>
<team-id>216</team-id>
<college-id>1039</college-id>
<retired>0</retired>
</TB_players>
<TB_players>
<id>15352</id>
<lastname>Holines</lastname>
<firstname>Sha-Ki</firstname>
<height>603</height>
<weight>260</weight>
<year>2018</year>
<team-id>216</team-id>
<college-id>1246</college-id>
<retired>0</retired>
</TB_players>
<TB_players>
<id>15355</id>
<lastname>Berus</lastname>
<firstname>Nick</firstname>
<height>601</height>
<weight>190</weight>
<year>2018</year>
<team-id>216</team-id>
<college-id>1654</college-id>
<retired>0</retired>
</TB_players>
<TB_players>
<id>15358</id>
<lastname>Lucas</lastname>
<firstname>Blake</firstname>
<height>508</height>
<weight>166</weight>
<year>2016</year>
<team-id>216</team-id>
<college-id>2413</college-id>
<retired>0</retired>
</TB_players>
<TB_players>
<id>15359</id>
<lastname>Laurent</lastname>
<firstname>Logan</firstname>
<height>603</height>
<weight>210</weight>
<year>2018</year>
<team-id>216</team-id>
<college-id>4776</college-id>
<retired>0</retired>
</TB_players>
<TB_players>
<id>21448</id>
<lastname>Frazier (Off.)</lastname>
<firstname>George</firstname>
<height>602</height>
<weight>245</weight>
<year>2018</year>
<team-id>143</team-id>
<college-id>501</college-id>
<retired>0</retired>
</TB_players>
<TB_players>
<id>21775</id>
<lastname>Oliphant</lastname>
<firstname>James</firstname>
<height>508</height>
<weight>165</weight>
<year>2019</year>
<team-id>216</team-id>
<college-id>985</college-id>
<retired>0</retired>
</TB_players>
<TB_players>
<id>21789</id>
<lastname>Yongue</lastname>
<firstname>Theo</firstname>
<height>508</height>
<weight>165</weight>
<year>2019</year>
<team-id>216</team-id>
<college-id>6346</college-id>
<retired>0</retired>
</TB_players>
<TB_players>
<id>21838</id>
<lastname>Bergner</lastname>
<firstname>Andrew</firstname>
<height>511</height>
<weight>165</weight>
<year>2018</year>
<team-id>143</team-id>
<college-id>91</college-id>
<retired>0</retired>
</TB_players>
<TB_players>
<id>21984</id>
<lastname>Cochrane</lastname>
<firstname>Xavier</firstname>
<height>509</height>
<weight>170</weight>
<year>2019</year>
<team-id>143</team-id>
<college-id>42</college-id>
<retired>0</retired>
</TB_players>
<TB_players>
<id>22063</id>
<lastname>Caggiano</lastname>
<firstname>Mike</firstname>
<height>511</height>
<weight>170</weight>
<year>2019</year>
<team-id>216</team-id>
<college-id>5704</college-id>
<retired>0</retired>
</TB_players>
<TB_players>
<id>22372</id>
<lastname>Cooper</lastname>
<firstname>Lucas</firstname>
<height>510</height>
<weight>175</weight>
<year>2019</year>
<team-id>143</team-id>
<college-id>3868</college-id>
<retired>0</retired>
</TB_players>
<TB_players>
<id>22434</id>
<lastname>Silzer</lastname>
<firstname>Cameron</firstname>
<height>511</height>
<weight>175</weight>
<year>2017</year>
<team-id>143</team-id>
<college-id>1063</college-id>
<retired>0</retired>
</TB_players>
<TB_players>
<id>22444</id>
<lastname>Derolus</lastname>
<firstname>Jon</firstname>
<height>600</height>
<weight>175</weight>
<year>2019</year>
<team-id>216</team-id>
<college-id>144</college-id>
<retired>0</retired>
</TB_players>
<TB_players>
<id>22695</id>
<lastname>Williams</lastname>
<firstname>Mehki</firstname>
<height>509</height>
<weight>180</weight>
<year>2019</year>
<team-id>216</team-id>
<college-id>6092</college-id>
<retired>0</retired>
</TB_players>
<TB_players>
<id>22760</id>
<lastname>Mangram</lastname>
<firstname>Brandon</firstname>
<height>511</height>
<weight>180</weight>
<year>2019</year>
<team-id>216</team-id>
<college-id>901</college-id>
<retired>0</retired>
</TB_players>
<TB_players>
<id>22924</id>
<lastname>Coveney</lastname>
<firstname>Jack</firstname>
<height>601</height>
<weight>180</weight>
<year>2019</year>
<team-id>216</team-id>
<college-id>3534</college-id>
<retired>0</retired>
</TB_players>
<TB_players>
<id>22925</id>
<lastname>Barrows</lastname>
<firstname>Elijah</firstname>
<height>601</height>
<weight>180</weight>
<year>2017</year>
<team-id>216</team-id>
<college-id>1246</college-id>
<retired>0</retired>
</TB_players>
<TB_players>
<id>22964</id>
<lastname>Patterson</lastname>
<firstname>T.J.</firstname>
<height>603</height>
<weight>180</weight>
<year>2018</year>
<team-id>143</team-id>
<college-id>131</college-id>
<retired>0</retired>
</TB_players>
<TB_players>
<id>23119</id>
<lastname>Tuggle</lastname>
<firstname>Joey</firstname>
<height>507</height>
<weight>185</weight>
<year>2018</year>
<team-id>143</team-id>
<college-id>1739</college-id>
<retired>0</retired>
</TB_players>
<TB_players>
<id>23154</id>
<lastname>Hamilton</lastname>
<firstname>Jordin</firstname>
<height>509</height>
<weight>185</weight>
<year>2018</year>
<team-id>216</team-id>
<college-id>416</college-id>
<retired>0</retired>
</TB_players>
<TB_players>
<id>23185</id>
<lastname>Isabella</lastname>
<firstname>Andy</firstname>
<height>510</height>
<weight>185</weight>
<year>2019</year>
<team-id>216</team-id>
<college-id>5895</college-id>
<retired>0</retired>
</TB_players>
<TB_players>
<id>23368</id>
<lastname>Oliver</lastname>
<firstname>Isaiah</firstname>
<height>601</height>
<weight>185</weight>
<year>2019</year>
<team-id>143</team-id>
<college-id>711</college-id>
<retired>0</retired>
</TB_players>
<TB_players>
<id>23408</id>
<lastname>Taylor</lastname>
<firstname>Lamarriel</firstname>
<height>602</height>
<weight>185</weight>
<year>2019</year>
<team-id>216</team-id>
<college-id>1755</college-id>
<retired>0</retired>
</TB_players>
<TB_players>
<id>23785</id>
<lastname>Fisher</lastname>
<firstname>Nick</firstname>
<height>600</height>
<weight>190</weight>
<year>2019</year>
<team-id>143</team-id>
<college-id>280</college-id>
<retired>0</retired>
</TB_players>
<TB_players>
<id>23794</id>
<lastname>Garcia</lastname>
<firstname>Bradley</firstname>
<height>601</height>
<weight>190</weight>
<year>2019</year>
<team-id>143</team-id>
<college-id>1739</college-id>
<retired>0</retired>
</TB_players>
<TB_players>
<id>23839</id>
<lastname>Moses</lastname>
<firstname>Lee</firstname>
<height>601</height>
<weight>190</weight>
<year>2019</year>
<team-id>216</team-id>
<college-id>4951</college-id>
<retired>0</retired>
</TB_players>
<TB_players>
<id>24098</id>
<lastname>Carr</lastname>
<firstname>Patrick</firstname>
<height>508</height>
<weight>195</weight>
<year>2019</year>
<team-id>143</team-id>
<college-id>24</college-id>
<retired>0</retired>
</TB_players>
<TB_players>
<id>24297</id>
<lastname>Grundman</lastname>
<firstname>Sean</firstname>
<height>602</height>
<weight>195</weight>
<year>2018</year>
<team-id>143</team-id>
<college-id>3403</college-id>
<retired>0</retired>
</TB_players>
<TB_players>
<id>24429</id>
<lastname>Jonah</lastname>
<firstname>Dan</firstname>
<height>511</height>
<weight>198</weight>
<year>2016</year>
<team-id>216</team-id>
<college-id>6229</college-id>
<retired>0</retired>
</TB_players>
<TB_players>
<id>24523</id>
<lastname>Beemster</lastname>
<firstname>Cameron</firstname>
<height>511</height>
<weight>200</weight>
<year>2018</year>
<team-id>143</team-id>
<college-id>105</college-id>
<retired>0</retired>
</TB_players>
<TB_players>
<id>24527</id>
<lastname>Young</lastname>
<firstname>Marquis</firstname>
<height>511</height>
<weight>200</weight>
<year>2019</year>
<team-id>216</team-id>
<college-id>5712</college-id>
<retired>0</retired>
</TB_players>
<TB_players>
<id>24555</id>
<lastname>Morel</lastname>
<firstname>Micah</firstname>
<height>600</height>
<weight>200</weight>
<year>2019</year>
<team-id>216</team-id>
<college-id>144</college-id>
<retired>0</retired>
</TB_players>
<TB_players>
<id>24648</id>
<lastname>Laguda</lastname>
<firstname>Afolabi</firstname>
<height>601</height>
<weight>200</weight>
<year>2018</year>
<team-id>143</team-id>
<college-id>341</college-id>
<retired>0</retired>
</TB_players>
<TB_players>
<id>24895</id>
<lastname>Evans</lastname>
<firstname>Dejion</firstname>
<height>603</height>
<weight>203</weight>
<year>2019</year>
<team-id>216</team-id>
<college-id>1848</college-id>
<retired>0</retired>
</TB_players>
<TB_players>
<id>24953</id>
<lastname>Gordon</lastname>
<firstname>Dino</firstname>
<height>511</height>
<weight>205</weight>
<year>2019</year>
<team-id>143</team-id>
<college-id>440</college-id>
<retired>0</retired>
</TB_players>
<TB_players>
<id>24989</id>
<lastname>Galloway</lastname>
<firstname>Danny</firstname>
<height>600</height>
<weight>205</weight>
<year>2018</year>
<team-id>143</team-id>
<college-id>5202</college-id>
<retired>0</retired>
</TB_players>
<TB_players>
<id>25026</id>
<lastname>Kinney</lastname>
<firstname>Alex</firstname>
<height>601</height>
<weight>205</weight>
<year>2019</year>
<team-id>143</team-id>
<college-id>1777</college-id>
<retired>0</retired>
</TB_players>
<TB_players>
<id>25031</id>
<lastname>Belcher</lastname>
<firstname>Zach</firstname>
<height>601</height>
<weight>205</weight>
<year>2016</year>
<team-id>216</team-id>
<college-id>5837</college-id>
<retired>0</retired>
</TB_players>
<TB_players>
<id>25075</id>
<lastname>Bale</lastname>
<firstname>J.T.</firstname>
<height>602</height>
<weight>205</weight>
<year>2019</year>
<team-id>143</team-id>
<college-id>419</college-id>
<retired>0</retired>
</TB_players>
<TB_players>
<id>25105</id>
<lastname>Jan</lastname>
<firstname>Justin</firstname>
<height>603</height>
<weight>205</weight>
<year>2019</year>
<team-id>143</team-id>
<college-id>407</college-id>
<retired>0</retired>
</TB_players>
<TB_players>
<id>25184</id>
<lastname>Kelly</lastname>
<firstname>Daiquan</firstname>
<height>602</height>
<weight>206</weight>
<year>2019</year>
<team-id>216</team-id>
<college-id>1843</college-id>
<retired>0</retired>
</TB_players>
<TB_players>
<id>25280</id>
<lastname>Lindsay</lastname>
<firstname>Sekai</firstname>
<height>509</height>
<weight>210</weight>
<year>2019</year>
<team-id>216</team-id>
<college-id>1608</college-id>
<retired>0</retired>
</TB_players>
<TB_players>
<id>25355</id>
<lastname>Franklin</lastname>
<firstname>Larry</firstname>
<height>600</height>
<weight>210</weight>
<year>2016</year>
<team-id>216</team-id>
<college-id>1853</college-id>
<retired>0</retired>
</TB_players>
<TB_players>
<id>25448</id>
<lastname>Lynch</lastname>
<firstname>Peter</firstname>
<height>603</height>
<weight>210</weight>
<year>2019</year>
<team-id>143</team-id>
<college-id>19</college-id>
<retired>0</retired>
</TB_players>
<TB_players>
<id>25481</id>
<lastname>Kinsey</lastname>
<firstname>Aaron</firstname>
<height>604</height>
<weight>210</weight>
<year>2019</year>
<team-id>216</team-id>
<college-id>172</college-id>
<retired>0</retired>
</TB_players>
<TB_players>
<id>25651</id>
<lastname>Comaroto</lastname>
<firstname>Peter</firstname>
<height>511</height>
<weight>215</weight>
<year>2019</year>
<team-id>216</team-id>
<college-id>1266</college-id>
<retired>0</retired>
</TB_players>
<TB_players>
<id>25715</id>
<lastname>Devariste</lastname>
<firstname>Joel</firstname>
<height>601</height>
<weight>215</weight>
<year>2019</year>
<team-id>216</team-id>
<college-id>211</college-id>
<retired>0</retired>
</TB_players>
<TB_players>
<id>25824</id>
<lastname>Montez</lastname>
<firstname>Steven</firstname>
<height>605</height>
<weight>215</weight>
<year>2019</year>
<team-id>143</team-id>
<college-id>9</college-id>
<retired>0</retired>
</TB_players>
<TB_players>
<id>25838</id>
<lastname>Harley</lastname>
<firstname>D&apos;Shan</firstname>
<height>605</height>
<weight>215</weight>
<year>2019</year>
<team-id>216</team-id>
<college-id>38</college-id>
<retired>0</retired>
</TB_players>
<TB_players>
<id>26054</id>
<lastname>Awini</lastname>
<firstname>Jaleel</firstname>
<height>602</height>
<weight>220</weight>
<year>2017</year>
<team-id>143</team-id>
<college-id>1739</college-id>
<retired>0</retired>
</TB_players>
<TB_players>
<id>26171</id>
<lastname>West</lastname>
<firstname>Randall</firstname>
<height>605</height>
<weight>220</weight>
<year>2019</year>
<team-id>216</team-id>
<college-id>1682</college-id>
<retired>0</retired>
</TB_players>
<TB_players>
<id>26284</id>
<lastname>Appia</lastname>
<firstname>Christian</firstname>
<height>511</height>
<weight>225</weight>
<year>2019</year>
<team-id>216</team-id>
<college-id>3695</college-id>
<retired>0</retired>
</TB_players>
<TB_players>
<id>26371</id>
<lastname>Falo</lastname>
<firstname>N.J.</firstname>
<height>602</height>
<weight>225</weight>
<year>2019</year>
<team-id>143</team-id>
<college-id>300</college-id>
<retired>0</retired>
</TB_players>
<TB_players>
<id>26497</id>
<lastname>Kern</lastname>
<firstname>Kenny</firstname>
<height>600</height>
<weight>227</weight>
<year>2019</year>
<team-id>216</team-id>
<college-id>3110</college-id>
<retired>0</retired>
</TB_players>
<TB_players>
<id>26633</id>
<lastname>Murray</lastname>
<firstname>Seamus</firstname>
<height>602</height>
<weight>230</weight>
<year>2019</year>
<team-id>216</team-id>
<college-id>4792</college-id>
<retired>0</retired>
</TB_players>
<TB_players>
<id>26636</id>
<lastname>Headley</lastname>
<firstname>Trent</firstname>
<height>602</height>
<weight>230</weight>
<year>2018</year>
<team-id>143</team-id>
<college-id>67</college-id>
<retired>0</retired>
</TB_players>
<TB_players>
<id>26671</id>
<lastname>Rodrick</lastname>
<firstname>Tom</firstname>
<height>603</height>
<weight>230</weight>
<year>2019</year>
<team-id>216</team-id>
<college-id>4667</college-id>
<retired>0</retired>
</TB_players>
<TB_players>
<id>27012</id>
<lastname>Watanabe</lastname>
<firstname>Grant</firstname>
<height>511</height>
<weight>240</weight>
<year>2019</year>
<team-id>143</team-id>
<college-id>39</college-id>
<retired>0</retired>
</TB_players>
<TB_players>
<id>27137</id>
<lastname>Sosinski</lastname>
<firstname>James</firstname>
<height>606</height>
<weight>240</weight>
<year>2019</year>
<team-id>216</team-id>
<college-id>407</college-id>
<retired>0</retired>
</TB_players>
<TB_players>
<id>27257</id>
<lastname>Bounds</lastname>
<firstname>Chris</firstname>
<height>604</height>
<weight>245</weight>
<year>2019</year>
<team-id>143</team-id>
<college-id>1295</college-id>
<retired>0</retired>
</TB_players>
<TB_players>
<id>27259</id>
<lastname>Reynolds</lastname>
<firstname>Travis</firstname>
<height>605</height>
<weight>245</weight>
<year>2019</year>
<team-id>216</team-id>
<college-id>2456</college-id>
<retired>0</retired>
</TB_players>
<TB_players>
<id>27388</id>
<lastname>Horn</lastname>
<firstname>Kyle</firstname>
<height>604</height>
<weight>250</weight>
<year>2019</year>
<team-id>216</team-id>
<college-id>6022</college-id>
<retired>0</retired>
</TB_players>
<TB_players>
<id>27525</id>
<lastname>Haigler</lastname>
<firstname>Aaron</firstname>
<height>607</height>
<weight>255</weight>
<year>2019</year>
<team-id>143</team-id>
<college-id>623</college-id>
<retired>0</retired>
</TB_players>
<TB_players>
<id>27682</id>
<lastname>Driscoll</lastname>
<firstname>Jack</firstname>
<height>605</height>
<weight>263</weight>
<year>2019</year>
<team-id>216</team-id>
<college-id>4674</college-id>
<retired>0</retired>
</TB_players>
<TB_players>
<id>27767</id>
<lastname>Robbins</lastname>
<firstname>Blake</firstname>
<height>605</height>
<weight>265</weight>
<year>2017</year>
<team-id>143</team-id>
<college-id>1469</college-id>
<retired>0</retired>
</TB_players>
<TB_players>
<id>27788</id>
<lastname>Miller</lastname>
<firstname>Isaac</firstname>
<height>607</height>
<weight>265</weight>
<year>2019</year>
<team-id>143</team-id>
<college-id>1771</college-id>
<retired>0</retired>
</TB_players>
<TB_players>
<id>27986</id>
<lastname>Carrell</lastname>
<firstname>Jordan</firstname>
<height>603</height>
<weight>275</weight>
<year>2017</year>
<team-id>143</team-id>
<college-id>1767</college-id>
<retired>0</retired>
</TB_players>
<TB_players>
<id>28138</id>
<lastname>Jackson III</lastname>
<firstname>Leo</firstname>
<height>603</height>
<weight>280</weight>
<year>2018</year>
<team-id>143</team-id>
<college-id>731</college-id>
<retired>0</retired>
</TB_players>
<TB_players>
<id>28449</id>
<lastname>Umu</lastname>
<firstname>Frank</firstname>
<height>604</height>
<weight>290</weight>
<year>2019</year>
<team-id>143</team-id>
<college-id>67</college-id>
<retired>0</retired>
</TB_players>
<TB_players>
<id>28459</id>
<lastname>Middlemiss</lastname>
<firstname>Dillon</firstname>
<height>605</height>
<weight>290</weight>
<year>2019</year>
<team-id>143</team-id>
<college-id>446</college-id>
<retired>0</retired>
</TB_players>
<TB_players>
<id>28500</id>
<lastname>Angelas</lastname>
<firstname>Dimitri</firstname>
<height>605</height>
<weight>291</weight>
<year>2019</year>
<team-id>216</team-id>
<college-id>1425</college-id>
<retired>0</retired>
</TB_players>
<TB_players>
<id>28586</id>
<lastname>Yerardi</lastname>
<firstname>Mike</firstname>
<height>604</height>
<weight>295</weight>
<year>2019</year>
<team-id>216</team-id>
<college-id>5644</college-id>
<retired>0</retired>
</TB_players>
<TB_players>
<id>28676</id>
<lastname>Lynott</lastname>
<firstname>Tim</firstname>
<height>602</height>
<weight>300</weight>
<year>2019</year>
<team-id>143</team-id>
<college-id>91</college-id>
<retired>0</retired>
</TB_players>
<TB_players>
<id>28688</id>
<lastname>Tonz</lastname>
<firstname>Brett</firstname>
<height>603</height>
<weight>300</weight>
<year>2019</year>
<team-id>143</team-id>
<college-id>442</college-id>
<retired>0</retired>
</TB_players>
<TB_players>
<id>28812</id>
<lastname>Parsons</lastname>
<firstname>Joe</firstname>
<height>604</height>
<weight>305</weight>
<year>2019</year>
<team-id>216</team-id>
<college-id>5398</college-id>
<retired>0</retired>
</TB_players>
<TB_players>
<id>28978</id>
<lastname>Tuiloma</lastname>
<firstname>Lyle</firstname>
<height>603</height>
<weight>315</weight>
<year>2019</year>
<team-id>143</team-id>
<college-id>3874</college-id>
<retired>0</retired>
</TB_players>
<TB_players>
<id>28980</id>
<lastname>Patton</lastname>
<firstname>Mario</firstname>
<height>604</height>
<weight>315</weight>
<year>2019</year>
<team-id>216</team-id>
<college-id>1097</college-id>
<retired>0</retired>
</TB_players>
<TB_players>
<id>28988</id>
<lastname>Thomas</lastname>
<firstname>Reche</firstname>
<height>604</height>
<weight>315</weight>
<year>2019</year>
<team-id>216</team-id>
<college-id>1853</college-id>
<retired>0</retired>
</TB_players>
<TB_players>
<id>29016</id>
<lastname>Iduoze</lastname>
<firstname>Ekpen</firstname>
<height>601</height>
<weight>318</weight>
<year>2017</year>
<team-id>216</team-id>
<college-id>6346</college-id>
<retired>0</retired>
</TB_players>
<TB_players>
<id>29094</id>
<lastname>Dumais</lastname>
<firstname>Derek</firstname>
<height>605</height>
<weight>325</weight>
<year>2019</year>
<team-id>216</team-id>
<college-id>5882</college-id>
<retired>0</retired>
</TB_players>
<TB_players>
<id>29234</id>
<lastname>Noel</lastname>
<firstname>Jesse</firstname>
<height>600</height>
<weight>0</weight>
<year>2018</year>
<team-id>216</team-id>
<college-id>6346</college-id>
<retired>0</retired>
</TB_players>
</dataroot>
