<?xml version="1.0" encoding="UTF-8"?>
<dataroot xmlns:od="urn:schemas-microsoft-com:officedata" generated="2015-09-07T16:12:14">
<LU_ppw-type>
<id>1</id>
<abrev>1L</abrev>
<type>Left Sideline</type>
</LU_ppw-type>
<LU_ppw-type>
<id>2</id>
<abrev>2L</abrev>
<type>Left, outside numbers</type>
</LU_ppw-type>
<LU_ppw-type>
<id>3</id>
<abrev>3L</abrev>
<type>Left, inside numbers</type>
</LU_ppw-type>
<LU_ppw-type>
<id>4</id>
<abrev>4</abrev>
<type>Middle</type>
</LU_ppw-type>
<LU_ppw-type>
<id>5</id>
<abrev>5R</abrev>
<type>Right, inside numbers</type>
</LU_ppw-type>
<LU_ppw-type>
<id>6</id>
<abrev>6R</abrev>
<type>Right, outside numbers</type>
</LU_ppw-type>
<LU_ppw-type>
<id>7</id>
<abrev>7R</abrev>
<type>Right Sideline</type>
</LU_ppw-type>
</dataroot>
