<?xml version="1.0" encoding="UTF-8"?>
<dataroot xmlns:od="urn:schemas-microsoft-com:officedata" generated="2015-09-07T16:12:14">
<LU_position-type>
<id>1</id>
<order>1</order>
<type>LWR</type>
<g-type>WR</g-type>
<o-type>WR</o-type>
<off-def>O</off-def>
<Part_x0020_Order>1</Part_x0020_Order>
<group-id>1</group-id>
</LU_position-type>
<LU_position-type>
<id>2</id>
<order>2</order>
<type>SLWR</type>
<g-type>WR</g-type>
<o-type>WR</o-type>
<off-def>O</off-def>
<Part_x0020_Order>1</Part_x0020_Order>
<group-id>1</group-id>
</LU_position-type>
<LU_position-type>
<id>3</id>
<order>4</order>
<type>LT</type>
<g-type>T</g-type>
<o-type>OL</o-type>
<off-def>O</off-def>
<Part_x0020_Order>3</Part_x0020_Order>
<group-id>2</group-id>
</LU_position-type>
<LU_position-type>
<id>4</id>
<order>5</order>
<type>LG</type>
<g-type>G</g-type>
<o-type>OL</o-type>
<off-def>O</off-def>
<Part_x0020_Order>3</Part_x0020_Order>
<group-id>3</group-id>
</LU_position-type>
<LU_position-type>
<id>5</id>
<order>6</order>
<type>C</type>
<g-type>C</g-type>
<o-type>OL</o-type>
<off-def>O</off-def>
<Part_x0020_Order>3</Part_x0020_Order>
<group-id>4</group-id>
</LU_position-type>
<LU_position-type>
<id>6</id>
<order>7</order>
<type>RG</type>
<g-type>G</g-type>
<o-type>OL</o-type>
<off-def>O</off-def>
<Part_x0020_Order>3</Part_x0020_Order>
<group-id>3</group-id>
</LU_position-type>
<LU_position-type>
<id>7</id>
<order>8</order>
<type>RT</type>
<g-type>T</g-type>
<o-type>OL</o-type>
<off-def>O</off-def>
<Part_x0020_Order>3</Part_x0020_Order>
<group-id>2</group-id>
</LU_position-type>
<LU_position-type>
<id>8</id>
<order>9</order>
<type>T</type>
<g-type>T</g-type>
<o-type>OL</o-type>
<off-def>O</off-def>
<Part_x0020_Order>3</Part_x0020_Order>
</LU_position-type>
<LU_position-type>
<id>9</id>
<order>10</order>
<type>G</type>
<g-type>G</g-type>
<o-type>OL</o-type>
<off-def>O</off-def>
<Part_x0020_Order>3</Part_x0020_Order>
</LU_position-type>
<LU_position-type>
<id>10</id>
<order>13</order>
<type>TE</type>
<g-type>TE</g-type>
<o-type>TE</o-type>
<off-def>O</off-def>
<Part_x0020_Order>2</Part_x0020_Order>
<group-id>5</group-id>
</LU_position-type>
<LU_position-type>
<id>11</id>
<order>14</order>
<type>SRWR</type>
<g-type>WR</g-type>
<o-type>WR</o-type>
<off-def>O</off-def>
<Part_x0020_Order>1</Part_x0020_Order>
<group-id>1</group-id>
</LU_position-type>
<LU_position-type>
<id>12</id>
<order>15</order>
<type>RWR</type>
<g-type>WR</g-type>
<o-type>WR</o-type>
<off-def>O</off-def>
<Part_x0020_Order>1</Part_x0020_Order>
<group-id>1</group-id>
</LU_position-type>
<LU_position-type>
<id>13</id>
<order>16</order>
<type>WR</type>
<g-type>WR</g-type>
<o-type>WR</o-type>
<off-def>O</off-def>
<Part_x0020_Order>1</Part_x0020_Order>
<group-id>1</group-id>
</LU_position-type>
<LU_position-type>
<id>14</id>
<order>17</order>
<type>QB</type>
<g-type>QB</g-type>
<o-type>QB</o-type>
<off-def>O</off-def>
<Part_x0020_Order>4</Part_x0020_Order>
<group-id>6</group-id>
</LU_position-type>
<LU_position-type>
<id>15</id>
<order>20</order>
<type>HB</type>
<g-type>HB</g-type>
<o-type>HB</o-type>
<off-def>O</off-def>
<Part_x0020_Order>5</Part_x0020_Order>
<group-id>7</group-id>
</LU_position-type>
<LU_position-type>
<id>16</id>
<order>18</order>
<type>H-B</type>
<g-type>TE</g-type>
<o-type>TE</o-type>
<off-def>O</off-def>
<Part_x0020_Order>2</Part_x0020_Order>
<group-id>5</group-id>
</LU_position-type>
<LU_position-type>
<id>17</id>
<order>19</order>
<type>FB</type>
<g-type>FB</g-type>
<o-type>FB</o-type>
<off-def>O</off-def>
<Part_x0020_Order>6</Part_x0020_Order>
<group-id>8</group-id>
</LU_position-type>
<LU_position-type>
<id>18</id>
<order>21</order>
<type>RB</type>
<g-type>HB</g-type>
<o-type>HB</o-type>
<off-def>O</off-def>
<Part_x0020_Order>5</Part_x0020_Order>
</LU_position-type>
<LU_position-type>
<id>19</id>
<order>22</order>
<type>DLE</type>
<g-type>DE</g-type>
<o-type>DL</o-type>
<off-def>D</off-def>
<Part_x0020_Order>7</Part_x0020_Order>
<group-id>9</group-id>
</LU_position-type>
<LU_position-type>
<id>20</id>
<order>24</order>
<type>DLT</type>
<g-type>DT</g-type>
<o-type>DL</o-type>
<off-def>D</off-def>
<Part_x0020_Order>7</Part_x0020_Order>
<group-id>13</group-id>
</LU_position-type>
<LU_position-type>
<id>21</id>
<order>25</order>
<type>NT</type>
<g-type>DT</g-type>
<o-type>DL</o-type>
<off-def>D</off-def>
<Part_x0020_Order>7</Part_x0020_Order>
<group-id>13</group-id>
</LU_position-type>
<LU_position-type>
<id>22</id>
<order>27</order>
<type>DRT</type>
<g-type>DT</g-type>
<o-type>DL</o-type>
<off-def>D</off-def>
<Part_x0020_Order>7</Part_x0020_Order>
<group-id>13</group-id>
</LU_position-type>
<LU_position-type>
<id>23</id>
<order>29</order>
<type>DRE</type>
<g-type>DE</g-type>
<o-type>DL</o-type>
<off-def>D</off-def>
<Part_x0020_Order>7</Part_x0020_Order>
<group-id>9</group-id>
</LU_position-type>
<LU_position-type>
<id>24</id>
<order>30</order>
<type>DE</type>
<g-type>DE</g-type>
<o-type>DL</o-type>
<off-def>D</off-def>
<Part_x0020_Order>7</Part_x0020_Order>
</LU_position-type>
<LU_position-type>
<id>25</id>
<order>31</order>
<type>DT</type>
<g-type>DT</g-type>
<o-type>DL</o-type>
<off-def>D</off-def>
<Part_x0020_Order>7</Part_x0020_Order>
</LU_position-type>
<LU_position-type>
<id>26</id>
<order>32</order>
<type>LOLB</type>
<g-type>OLB</g-type>
<o-type>LB</o-type>
<off-def>D</off-def>
<Part_x0020_Order>8</Part_x0020_Order>
<group-id>12</group-id>
</LU_position-type>
<LU_position-type>
<id>27</id>
<order>36</order>
<type>LILB</type>
<g-type>ILB</g-type>
<o-type>LB</o-type>
<off-def>D</off-def>
<Part_x0020_Order>8</Part_x0020_Order>
<group-id>14</group-id>
</LU_position-type>
<LU_position-type>
<id>28</id>
<order>37</order>
<type>MLB</type>
<g-type>ILB</g-type>
<o-type>LB</o-type>
<off-def>D</off-def>
<Part_x0020_Order>8</Part_x0020_Order>
<group-id>14</group-id>
</LU_position-type>
<LU_position-type>
<id>29</id>
<order>39</order>
<type>RILB</type>
<g-type>ILB</g-type>
<o-type>LB</o-type>
<off-def>D</off-def>
<Part_x0020_Order>8</Part_x0020_Order>
<group-id>14</group-id>
</LU_position-type>
<LU_position-type>
<id>30</id>
<order>40</order>
<type>ROLB</type>
<g-type>OLB</g-type>
<o-type>LB</o-type>
<off-def>D</off-def>
<Part_x0020_Order>8</Part_x0020_Order>
<group-id>12</group-id>
</LU_position-type>
<LU_position-type>
<id>31</id>
<order>44</order>
<type>OLB</type>
<g-type>OLB</g-type>
<o-type>LB</o-type>
<off-def>D</off-def>
<Part_x0020_Order>8</Part_x0020_Order>
</LU_position-type>
<LU_position-type>
<id>32</id>
<order>45</order>
<type>ILB</type>
<g-type>ILB</g-type>
<o-type>LB</o-type>
<off-def>D</off-def>
<Part_x0020_Order>8</Part_x0020_Order>
</LU_position-type>
<LU_position-type>
<id>33</id>
<order>46</order>
<type>LB</type>
<g-type>LB</g-type>
<o-type>LB</o-type>
<off-def>D</off-def>
<Part_x0020_Order>8</Part_x0020_Order>
</LU_position-type>
<LU_position-type>
<id>34</id>
<order>47</order>
<type>LCB</type>
<g-type>CB</g-type>
<o-type>DB</o-type>
<off-def>D</off-def>
<Part_x0020_Order>9</Part_x0020_Order>
<group-id>15</group-id>
</LU_position-type>
<LU_position-type>
<id>35</id>
<order>48</order>
<type>SS</type>
<g-type>S</g-type>
<o-type>DB</o-type>
<off-def>D</off-def>
<Part_x0020_Order>9</Part_x0020_Order>
<group-id>16</group-id>
</LU_position-type>
<LU_position-type>
<id>36</id>
<order>49</order>
<type>FS</type>
<g-type>S</g-type>
<o-type>DB</o-type>
<off-def>D</off-def>
<Part_x0020_Order>9</Part_x0020_Order>
<group-id>16</group-id>
</LU_position-type>
<LU_position-type>
<id>37</id>
<order>50</order>
<type>RCB</type>
<g-type>CB</g-type>
<o-type>DB</o-type>
<off-def>D</off-def>
<Part_x0020_Order>9</Part_x0020_Order>
<group-id>15</group-id>
</LU_position-type>
<LU_position-type>
<id>38</id>
<order>51</order>
<type>SCB</type>
<g-type>CB</g-type>
<o-type>DB</o-type>
<off-def>D</off-def>
<Part_x0020_Order>9</Part_x0020_Order>
<group-id>15</group-id>
</LU_position-type>
<LU_position-type>
<id>39</id>
<order>52</order>
<type>DB</type>
<g-type>S</g-type>
<o-type>DB</o-type>
<off-def>D</off-def>
<Part_x0020_Order>9</Part_x0020_Order>
</LU_position-type>
<LU_position-type>
<id>40</id>
<order>53</order>
<type>CB</type>
<g-type>CB</g-type>
<o-type>DB</o-type>
<off-def>D</off-def>
<Part_x0020_Order>9</Part_x0020_Order>
</LU_position-type>
<LU_position-type>
<id>41</id>
<order>54</order>
<type>S</type>
<g-type>S</g-type>
<o-type>DB</o-type>
<off-def>D</off-def>
<Part_x0020_Order>9</Part_x0020_Order>
</LU_position-type>
<LU_position-type>
<id>42</id>
<order>55</order>
<type>K</type>
<g-type>K</g-type>
<o-type>SP</o-type>
<off-def>S</off-def>
<Part_x0020_Order>10</Part_x0020_Order>
<group-id>18</group-id>
</LU_position-type>
<LU_position-type>
<id>43</id>
<order>56</order>
<type>P</type>
<g-type>P</g-type>
<o-type>SP</o-type>
<off-def>S</off-def>
<Part_x0020_Order>10</Part_x0020_Order>
<group-id>19</group-id>
</LU_position-type>
<LU_position-type>
<id>44</id>
<order>57</order>
<type>KR</type>
<g-type>KR</g-type>
<o-type>SP</o-type>
<off-def>S</off-def>
<Part_x0020_Order>10</Part_x0020_Order>
<group-id>20</group-id>
</LU_position-type>
<LU_position-type>
<id>45</id>
<order>58</order>
<type>PR</type>
<g-type>PR</g-type>
<o-type>SP</o-type>
<off-def>S</off-def>
<Part_x0020_Order>10</Part_x0020_Order>
<group-id>20</group-id>
</LU_position-type>
<LU_position-type>
<id>46</id>
<order>59</order>
<type>LS</type>
<g-type>LS</g-type>
<o-type>SP</o-type>
<off-def>S</off-def>
<Part_x0020_Order>10</Part_x0020_Order>
<group-id>17</group-id>
</LU_position-type>
<LU_position-type>
<id>47</id>
<order>60</order>
<type>OT</type>
<g-type>T</g-type>
<o-type>OL</o-type>
<off-def>O</off-def>
<Part_x0020_Order>3</Part_x0020_Order>
</LU_position-type>
<LU_position-type>
<id>48</id>
<order>61</order>
<type>OG</type>
<g-type>G</g-type>
<o-type>OL</o-type>
<off-def>O</off-def>
<Part_x0020_Order>3</Part_x0020_Order>
</LU_position-type>
<LU_position-type>
<id>49</id>
<order>11</order>
<type>OC</type>
<g-type>C</g-type>
<o-type>OL</o-type>
<off-def>O</off-def>
<Part_x0020_Order>3</Part_x0020_Order>
</LU_position-type>
<LU_position-type>
<id>50</id>
<order>62</order>
<type>OL</type>
<g-type>OL</g-type>
<o-type>OL</o-type>
<off-def>O</off-def>
<Part_x0020_Order>3</Part_x0020_Order>
</LU_position-type>
<LU_position-type>
<id>51</id>
<order>63</order>
<type>DL</type>
<g-type>DL</g-type>
<o-type>DL</o-type>
<off-def>D</off-def>
<Part_x0020_Order>7</Part_x0020_Order>
</LU_position-type>
<LU_position-type>
<id>52</id>
<order>64</order>
<type>PK</type>
<g-type>K</g-type>
<o-type>SP</o-type>
<off-def>S</off-def>
<Part_x0020_Order>10</Part_x0020_Order>
<group-id>18</group-id>
</LU_position-type>
<LU_position-type>
<id>53</id>
<order>66</order>
<type>UNKWN</type>
<g-type>UNKWN</g-type>
<o-type>UNKWN</o-type>
<off-def>U</off-def>
<Part_x0020_Order>10</Part_x0020_Order>
</LU_position-type>
<LU_position-type>
<id>54</id>
<order>34</order>
<type>SLB</type>
<g-type>OLB</g-type>
<o-type>LB</o-type>
<off-def>D</off-def>
<Part_x0020_Order>8</Part_x0020_Order>
<group-id>10</group-id>
</LU_position-type>
<LU_position-type>
<id>55</id>
<order>35</order>
<type>SAM</type>
<g-type>OLB</g-type>
<o-type>LB</o-type>
<off-def>D</off-def>
<Part_x0020_Order>8</Part_x0020_Order>
<group-id>10</group-id>
</LU_position-type>
<LU_position-type>
<id>56</id>
<order>42</order>
<type>WLB</type>
<g-type>OLB</g-type>
<o-type>LB</o-type>
<off-def>D</off-def>
<Part_x0020_Order>8</Part_x0020_Order>
<group-id>10</group-id>
</LU_position-type>
<LU_position-type>
<id>57</id>
<order>43</order>
<type>WILL</type>
<g-type>OLB</g-type>
<o-type>LB</o-type>
<off-def>D</off-def>
<Part_x0020_Order>8</Part_x0020_Order>
<group-id>10</group-id>
</LU_position-type>
<LU_position-type>
<id>58</id>
<order>3</order>
<type>TE-L</type>
<g-type>TE</g-type>
<o-type>TE</o-type>
<off-def>O</off-def>
<Part_x0020_Order>2</Part_x0020_Order>
<group-id>5</group-id>
</LU_position-type>
<LU_position-type>
<id>59</id>
<order>12</order>
<type>TE-R</type>
<g-type>TE</g-type>
<o-type>TE</o-type>
<off-def>O</off-def>
<Part_x0020_Order>2</Part_x0020_Order>
<group-id>5</group-id>
</LU_position-type>
<LU_position-type>
<id>60</id>
<order>26</order>
<type>UT</type>
<g-type>DT</g-type>
<o-type>DL</o-type>
<off-def>D</off-def>
<Part_x0020_Order>7</Part_x0020_Order>
<group-id>13</group-id>
</LU_position-type>
<LU_position-type>
<id>61</id>
<order>33</order>
<type>LLB</type>
<g-type>OLB</g-type>
<o-type>LB</o-type>
<off-def>D</off-def>
<Part_x0020_Order>8</Part_x0020_Order>
<group-id>10</group-id>
</LU_position-type>
<LU_position-type>
<id>62</id>
<order>41</order>
<type>RLB</type>
<g-type>OLB</g-type>
<o-type>LB</o-type>
<off-def>D</off-def>
<Part_x0020_Order>8</Part_x0020_Order>
<group-id>10</group-id>
</LU_position-type>
<LU_position-type>
<id>63</id>
<order>23</order>
<type>LE</type>
<g-type>DT</g-type>
<o-type>DL</o-type>
<off-def>D</off-def>
<Part_x0020_Order>7</Part_x0020_Order>
<group-id>11</group-id>
</LU_position-type>
<LU_position-type>
<id>64</id>
<order>28</order>
<type>RE</type>
<g-type>DT</g-type>
<o-type>DL</o-type>
<off-def>D</off-def>
<Part_x0020_Order>7</Part_x0020_Order>
<group-id>11</group-id>
</LU_position-type>
<LU_position-type>
<id>65</id>
<order>38</order>
<type>MIKE</type>
<g-type>ILB</g-type>
<o-type>LB</o-type>
<off-def>D</off-def>
<Part_x0020_Order>8</Part_x0020_Order>
<group-id>14</group-id>
</LU_position-type>
<LU_position-type>
<id>66</id>
<order>65</order>
<type>ST</type>
<g-type>ST</g-type>
<o-type>SP</o-type>
<off-def>S</off-def>
<Part_x0020_Order>10</Part_x0020_Order>
<group-id>17</group-id>
</LU_position-type>
</dataroot>
