<?xml version="1.0" encoding="UTF-8"?>
<dataroot xmlns:od="urn:schemas-microsoft-com:officedata" generated="2015-09-07T16:12:16">
<TB_colleges>
<id>9</id>
<name>El Paso, TX</name>
</TB_colleges>
<TB_colleges>
<id>18</id>
<name>Carrollton, TX</name>
</TB_colleges>
<TB_colleges>
<id>19</id>
<name>Dallas, TX</name>
</TB_colleges>
<TB_colleges>
<id>20</id>
<name>DeSoto, TX</name>
</TB_colleges>
<TB_colleges>
<id>21</id>
<name>Fort Worth, TX</name>
</TB_colleges>
<TB_colleges>
<id>23</id>
<name>Galena Park, TX</name>
</TB_colleges>
<TB_colleges>
<id>24</id>
<name>Houston, TX</name>
</TB_colleges>
<TB_colleges>
<id>25</id>
<name>Keller, TX</name>
</TB_colleges>
<TB_colleges>
<id>28</id>
<name>McKinney, TX</name>
</TB_colleges>
<TB_colleges>
<id>29</id>
<name>Mesquite, TX</name>
</TB_colleges>
<TB_colleges>
<id>30</id>
<name>Allen, TX</name>
</TB_colleges>
<TB_colleges>
<id>40</id>
<name>Cedar Park, TX</name>
</TB_colleges>
<TB_colleges>
<id>46</id>
<name>Humble, TX</name>
</TB_colleges>
<TB_colleges>
<id>51</id>
<name>Los Angeles, CA</name>
</TB_colleges>
<TB_colleges>
<id>55</id>
<name>Katy, TX</name>
</TB_colleges>
<TB_colleges>
<id>60</id>
<name>Plano, TX</name>
</TB_colleges>
<TB_colleges>
<id>63</id>
<name>Manvel, TX</name>
</TB_colleges>
<TB_colleges>
<id>65</id>
<name>Shreveport, LA</name>
</TB_colleges>
<TB_colleges>
<id>68</id>
<name>Lancaster, TX</name>
</TB_colleges>
<TB_colleges>
<id>82</id>
<name>Longview, TX</name>
</TB_colleges>
<TB_colleges>
<id>84</id>
<name>Spring, TX</name>
</TB_colleges>
<TB_colleges>
<id>87</id>
<name>San Bernardino, CA</name>
</TB_colleges>
<TB_colleges>
<id>396</id>
<name>Scottsdale, AZ</name>
</TB_colleges>
<TB_colleges>
<id>409</id>
<name>Bakersfield, CA</name>
</TB_colleges>
<TB_colleges>
<id>410</id>
<name>Victorville, CA</name>
</TB_colleges>
<TB_colleges>
<id>418</id>
<name>Las Cruces, NM</name>
</TB_colleges>
<TB_colleges>
<id>426</id>
<name>Gilbert, AZ</name>
</TB_colleges>
<TB_colleges>
<id>439</id>
<name>Oakland, CA</name>
</TB_colleges>
<TB_colleges>
<id>445</id>
<name>Argyle, TX</name>
</TB_colleges>
<TB_colleges>
<id>446</id>
<name>Arvada, CO</name>
</TB_colleges>
<TB_colleges>
<id>447</id>
<name>Bainbridge, GA</name>
</TB_colleges>
<TB_colleges>
<id>448</id>
<name>Bend, OR</name>
</TB_colleges>
<TB_colleges>
<id>450</id>
<name>Bentonville, AR</name>
</TB_colleges>
<TB_colleges>
<id>451</id>
<name>Bolivar, MO</name>
</TB_colleges>
<TB_colleges>
<id>452</id>
<name>Chanhassen, MN</name>
</TB_colleges>
<TB_colleges>
<id>453</id>
<name>Chesterfield, MO</name>
</TB_colleges>
<TB_colleges>
<id>455</id>
<name>DeQueen, AR</name>
</TB_colleges>
<TB_colleges>
<id>456</id>
<name>Douglasville, GA</name>
</TB_colleges>
<TB_colleges>
<id>457</id>
<name>Dumas, AR</name>
</TB_colleges>
<TB_colleges>
<id>458</id>
<name>Egg Harbor City, NJ</name>
</TB_colleges>
<TB_colleges>
<id>459</id>
<name>El Dorado, AR</name>
</TB_colleges>
<TB_colleges>
<id>460</id>
<name>Fayetteville, AR</name>
</TB_colleges>
<TB_colleges>
<id>461</id>
<name>Florissant, MO</name>
</TB_colleges>
<TB_colleges>
<id>462</id>
<name>Forrest City, FL</name>
</TB_colleges>
<TB_colleges>
<id>463</id>
<name>Forrest City, AR</name>
</TB_colleges>
<TB_colleges>
<id>464</id>
<name>Greenwood, AR</name>
</TB_colleges>
<TB_colleges>
<id>466</id>
<name>Jefferson City, MO</name>
</TB_colleges>
<TB_colleges>
<id>467</id>
<name>Junction City, AR</name>
</TB_colleges>
<TB_colleges>
<id>468</id>
<name>Kailua, HI</name>
</TB_colleges>
<TB_colleges>
<id>470</id>
<name>Lahaina, HI</name>
</TB_colleges>
<TB_colleges>
<id>471</id>
<name>Little Rock, AR</name>
</TB_colleges>
<TB_colleges>
<id>472</id>
<name>Louisville, KY</name>
</TB_colleges>
<TB_colleges>
<id>474</id>
<name>Marrero, LA</name>
</TB_colleges>
<TB_colleges>
<id>476</id>
<name>McGregor, TX</name>
</TB_colleges>
<TB_colleges>
<id>477</id>
<name>Monroe, LA</name>
</TB_colleges>
<TB_colleges>
<id>478</id>
<name>Newton, TX</name>
</TB_colleges>
<TB_colleges>
<id>479</id>
<name>North Little Rock, AR</name>
</TB_colleges>
<TB_colleges>
<id>480</id>
<name>Nowata, OK</name>
</TB_colleges>
<TB_colleges>
<id>482</id>
<name>Owasso, OK</name>
</TB_colleges>
<TB_colleges>
<id>483</id>
<name>Pine Bluff, AR</name>
</TB_colleges>
<TB_colleges>
<id>485</id>
<name>Pritchard, AL</name>
</TB_colleges>
<TB_colleges>
<id>488</id>
<name>Springdale, AR</name>
</TB_colleges>
<TB_colleges>
<id>489</id>
<name>The Woodlands, TX</name>
</TB_colleges>
<TB_colleges>
<id>491</id>
<name>West Palm Beach, FL</name>
</TB_colleges>
<TB_colleges>
<id>492</id>
<name>White Hall, AR</name>
</TB_colleges>
<TB_colleges>
<id>510</id>
<name>Camden, AR</name>
</TB_colleges>
<TB_colleges>
<id>525</id>
<name>Fort Smith, AR</name>
</TB_colleges>
<TB_colleges>
<id>528</id>
<name>Detroit, MI</name>
</TB_colleges>
<TB_colleges>
<id>541</id>
<name>Conway, AR</name>
</TB_colleges>
<TB_colleges>
<id>557</id>
<name>Prosper, TX</name>
</TB_colleges>
<TB_colleges>
<id>574</id>
<name>The Colony, TX</name>
</TB_colleges>
<TB_colleges>
<id>577</id>
<name>Hardy, AR</name>
</TB_colleges>
<TB_colleges>
<id>101</id>
<name>Las Vegas, NV</name>
</TB_colleges>
<TB_colleges>
<id>110</id>
<name>Tulsa, OK</name>
</TB_colleges>
<TB_colleges>
<id>113</id>
<name>Grand Prairie, TX</name>
</TB_colleges>
<TB_colleges>
<id>136</id>
<name>Edmond, OK</name>
</TB_colleges>
<TB_colleges>
<id>165</id>
<name>Pittsburgh, PA</name>
</TB_colleges>
<TB_colleges>
<id>172</id>
<name>Miami, FL</name>
</TB_colleges>
<TB_colleges>
<id>199</id>
<name>Fort Lauderdale, FL</name>
</TB_colleges>
<TB_colleges>
<id>215</id>
<name>St. Louis, MO</name>
</TB_colleges>
<TB_colleges>
<id>218</id>
<name>Fort Myers, FL</name>
</TB_colleges>
<TB_colleges>
<id>226</id>
<name>Long Beach, CA</name>
</TB_colleges>
<TB_colleges>
<id>229</id>
<name>Memphis, TN</name>
</TB_colleges>
<TB_colleges>
<id>241</id>
<name>New Orleans, LA</name>
</TB_colleges>
<TB_colleges>
<id>243</id>
<name>Corpus Christi, TX</name>
</TB_colleges>
<TB_colleges>
<id>256</id>
<name>Port Arthur, TX</name>
</TB_colleges>
<TB_colleges>
<id>266</id>
<name>Baton Rouge, LA</name>
</TB_colleges>
<TB_colleges>
<id>282</id>
<name>Jacksonville, FL</name>
</TB_colleges>
<TB_colleges>
<id>284</id>
<name>Riverside, CA</name>
</TB_colleges>
<TB_colleges>
<id>308</id>
<name>Gainesville, FL</name>
</TB_colleges>
<TB_colleges>
<id>312</id>
<name>Orlando, FL</name>
</TB_colleges>
<TB_colleges>
<id>383</id>
<name>Seattle, WA</name>
</TB_colleges>
<TB_colleges>
<id>392</id>
<name>Tucson, AZ</name>
</TB_colleges>
<TB_colleges>
<id>672</id>
<name>Bothell, WA</name>
</TB_colleges>
<TB_colleges>
<id>683</id>
<name>Euless, TX</name>
</TB_colleges>
<TB_colleges>
<id>807</id>
<name>Buffalo, NY</name>
</TB_colleges>
<TB_colleges>
<id>910</id>
<name>Moultrie, GA</name>
</TB_colleges>
<TB_colleges>
<id>928</id>
<name>Orange, TX</name>
</TB_colleges>
<TB_colleges>
<id>936</id>
<name>Stephenville, TX</name>
</TB_colleges>
<TB_colleges>
<id>944</id>
<name>Odessa, TX</name>
</TB_colleges>
<TB_colleges>
<id>959</id>
<name>Willis, TX</name>
</TB_colleges>
<TB_colleges>
<id>1079</id>
<name>Placentia, CA</name>
</TB_colleges>
<TB_colleges>
<id>1164</id>
<name>Lovejoy, GA</name>
</TB_colleges>
<TB_colleges>
<id>1262</id>
<name>Chino Hills, CA</name>
</TB_colleges>
<TB_colleges>
<id>1401</id>
<name>Little Elm, TX</name>
</TB_colleges>
<TB_colleges>
<id>1498</id>
<name>Oak Hill, FL</name>
</TB_colleges>
<TB_colleges>
<id>1614</id>
<name>Anderson, SC</name>
</TB_colleges>
<TB_colleges>
<id>1750</id>
<name>Westlake Village, CA</name>
</TB_colleges>
<TB_colleges>
<id>1753</id>
<name>Buena Park, CA</name>
</TB_colleges>
<TB_colleges>
<id>1819</id>
<name>Wexford, PA</name>
</TB_colleges>
<TB_colleges>
<id>1865</id>
<name>Hollidaysburg, PA</name>
</TB_colleges>
<TB_colleges>
<id>3995</id>
<name>Bay City, TX</name>
</TB_colleges>
<TB_colleges>
<id>4127</id>
<name>Surprise, AZ</name>
</TB_colleges>
<TB_colleges>
<id>2257</id>
<name>Perris, CA</name>
</TB_colleges>
<TB_colleges>
<id>2390</id>
<name>La Marque, TX</name>
</TB_colleges>
<TB_colleges>
<id>2454</id>
<name>Haynesville, LA</name>
</TB_colleges>
<TB_colleges>
<id>2479</id>
<name>Red Oak, TX</name>
</TB_colleges>
<TB_colleges>
<id>2553</id>
<name>Overland Park, KS</name>
</TB_colleges>
<TB_colleges>
<id>2685</id>
<name>Sioux Falls, SD</name>
</TB_colleges>
<TB_colleges>
<id>2848</id>
<name>Brownwood, TX</name>
</TB_colleges>
<TB_colleges>
<id>3274</id>
<name>Rogers, AR</name>
</TB_colleges>
<TB_colleges>
<id>3557</id>
<name>Rio Rancho, NM</name>
</TB_colleges>
<TB_colleges>
<id>3571</id>
<name>Corsicana, TX</name>
</TB_colleges>
<TB_colleges>
<id>3604</id>
<name>Lindsay, CA</name>
</TB_colleges>
<TB_colleges>
<id>3654</id>
<name>Kennedale, TX</name>
</TB_colleges>
<TB_colleges>
<id>4514</id>
<name>Dripping Springs, TX</name>
</TB_colleges>
<TB_colleges>
<id>4700</id>
<name>Natchez, MS</name>
</TB_colleges>
<TB_colleges>
<id>5003</id>
<name>Seymour, WI</name>
</TB_colleges>
<TB_colleges>
<id>5004</id>
<name>Redmond, WA</name>
</TB_colleges>
<TB_colleges>
<id>5008</id>
<name>Hollsboro, OR</name>
</TB_colleges>
<TB_colleges>
<id>5009</id>
<name>Hudson, FL</name>
</TB_colleges>
<TB_colleges>
<id>5010</id>
<name>Torreon, Coahuila, Mexico</name>
</TB_colleges>
<TB_colleges>
<id>5011</id>
<name>Hidalgo, TX</name>
</TB_colleges>
<TB_colleges>
<id>5484</id>
<name>Livermore, CA</name>
</TB_colleges>
<TB_colleges>
<id>5581</id>
<name>Blanchard, OK</name>
</TB_colleges>
<TB_colleges>
<id>5626</id>
<name>Charleston, AR</name>
</TB_colleges>
<TB_colleges>
<id>5655</id>
<name>Corning, AR</name>
</TB_colleges>
<TB_colleges>
<id>5693</id>
<name>Elgin, TX</name>
</TB_colleges>
<TB_colleges>
<id>5950</id>
<name>Nashville, AR</name>
</TB_colleges>
<TB_colleges>
<id>5989</id>
<name>Oak Hills, CA</name>
</TB_colleges>
<TB_colleges>
<id>6083</id>
<name>Roland, OK</name>
</TB_colleges>
<TB_colleges>
<id>6169</id>
<name>Svendborg, Denmark</name>
</TB_colleges>
<TB_colleges>
<id>6185</id>
<name>Trinity, TX</name>
</TB_colleges>
</dataroot>
