<?xml version="1.0" encoding="UTF-8"?>
<dataroot xmlns:od="urn:schemas-microsoft-com:officedata" generated="2015-09-07T16:12:17">
<TB_teams>
<id>330</id>
<order>231</order>
<city>UTEP</city>
<nickname>Miners</nickname>
<abrev1>UTEPMI</abrev1>
<abrev2>UTP</abrev2>
<conf>Conference USA</conf>
<div>FBS</div>
<stadium>Sun Bowl stadium</stadium>
<Colours>Navy &amp; Orange</Colours>
<bcolour>4401152</bcolour>
<fcolour>3897593</fcolour>
</TB_teams>
<TB_teams>
<id>111</id>
<order>12</order>
<city>Arkansas</city>
<nickname>Razorbacks</nickname>
<abrev1>ARKANS</abrev1>
<abrev2>ARK</abrev2>
<conf>SEC</conf>
<div>FBS</div>
<stadium>Donald W. Reynolds Razorback Stadium, Frank Broyles Field</stadium>
<Colours>Red &amp; Black</Colours>
<bcolour>4264141</bcolour>
<fcolour>2105123</fcolour>
</TB_teams>
</dataroot>
