<?xml version="1.0" encoding="UTF-8"?>
<dataroot xmlns:od="urn:schemas-microsoft-com:officedata" generated="2015-09-07T21:48:08">
<TMP_TB_ANALYSIS_IN>
<id>91255</id>
<play-id>515503</play-id>
<aplayer-id>15925</aplayer-id>
<arate-id>6</arate-id>
<atype-id>26</atype-id>
<hplayer-id>6579</hplayer-id>
<hrate-id>4</hrate-id>
<htype-id>26</htype-id>
<Comment>3R&gt;1D</Comment>
</TMP_TB_ANALYSIS_IN>
<TMP_TB_ANALYSIS_IN>
<id>91256</id>
<play-id>515503</play-id>
<atype-id>26</atype-id>
<hplayer-id>6560</hplayer-id>
<hrate-id>4</hrate-id>
<htype-id>26</htype-id>
<Comment>3R&gt;1D</Comment>
</TMP_TB_ANALYSIS_IN>
<TMP_TB_ANALYSIS_IN>
<id>91257</id>
<play-id>515504</play-id>
<aplayer-id>15941</aplayer-id>
<arate-id>6</arate-id>
<atype-id>26</atype-id>
<hplayer-id>6602</hplayer-id>
<hrate-id>4</hrate-id>
<htype-id>26</htype-id>
<Comment>I&gt;DT</Comment>
</TMP_TB_ANALYSIS_IN>
<TMP_TB_ANALYSIS_IN>
<id>91258</id>
<play-id>515504</play-id>
<aplayer-id>15918</aplayer-id>
<arate-id>6</arate-id>
<atype-id>26</atype-id>
<htype-id>26</htype-id>
<Comment>IOP</Comment>
</TMP_TB_ANALYSIS_IN>
<TMP_TB_ANALYSIS_IN>
<id>91259</id>
<play-id>515504</play-id>
<aplayer-id>15925</aplayer-id>
<arate-id>5</arate-id>
<atype-id>26</atype-id>
<hplayer-id>6609</hplayer-id>
<hrate-id>4</hrate-id>
<htype-id>26</htype-id>
<Comment>O</Comment>
</TMP_TB_ANALYSIS_IN>
<TMP_TB_ANALYSIS_IN>
<id>91260</id>
<play-id>515505</play-id>
<aplayer-id>15951</aplayer-id>
<arate-id>4</arate-id>
<atype-id>26</atype-id>
<hplayer-id>6591</hplayer-id>
<hrate-id>6</hrate-id>
<htype-id>26</htype-id>
<Comment>CL&gt;FC</Comment>
</TMP_TB_ANALYSIS_IN>
<TMP_TB_ANALYSIS_IN>
<id>91261</id>
<play-id>515505</play-id>
<aplayer-id>15918</aplayer-id>
<arate-id>4</arate-id>
<atype-id>26</atype-id>
<hplayer-id>6608</hplayer-id>
<hrate-id>6</hrate-id>
<htype-id>26</htype-id>
<Comment>BBL&gt;FC</Comment>
</TMP_TB_ANALYSIS_IN>
<TMP_TB_ANALYSIS_IN>
<id>91262</id>
<play-id>515505</play-id>
<atype-id>26</atype-id>
<hplayer-id>6572</hplayer-id>
<hrate-id>4</hrate-id>
<htype-id>26</htype-id>
<Comment>GC&gt;YDC&gt;1D</Comment>
</TMP_TB_ANALYSIS_IN>
<TMP_TB_ANALYSIS_IN>
<id>91263</id>
<play-id>515505</play-id>
<aplayer-id>15941</aplayer-id>
<arate-id>5</arate-id>
<atype-id>26</atype-id>
<hplayer-id>6602</hplayer-id>
<hrate-id>6</hrate-id>
<htype-id>26</htype-id>
<Comment>I&gt;T</Comment>
</TMP_TB_ANALYSIS_IN>
<TMP_TB_ANALYSIS_IN>
<id>91264</id>
<play-id>515505</play-id>
<aplayer-id>15937</aplayer-id>
<arate-id>6</arate-id>
<atype-id>26</atype-id>
<hplayer-id>6599</hplayer-id>
<hrate-id>4</hrate-id>
<htype-id>26</htype-id>
<Comment>B&gt;2L</Comment>
</TMP_TB_ANALYSIS_IN>
<TMP_TB_ANALYSIS_IN>
<id>91265</id>
<play-id>515506</play-id>
<aplayer-id>22089</aplayer-id>
<arate-id>7</arate-id>
<atype-id>26</atype-id>
<hplayer-id>6608</hplayer-id>
<hrate-id>4</hrate-id>
<htype-id>26</htype-id>
<Comment>XR&gt;PA&gt;GB&gt;1D</Comment>
</TMP_TB_ANALYSIS_IN>
<TMP_TB_ANALYSIS_IN>
<id>91266</id>
<play-id>515506</play-id>
<aplayer-id>15937</aplayer-id>
<arate-id>6</arate-id>
<atype-id>26</atype-id>
<htype-id>26</htype-id>
<Comment>IOP&gt;Bites on PA</Comment>
</TMP_TB_ANALYSIS_IN>
<TMP_TB_ANALYSIS_IN>
<id>91267</id>
<play-id>515507</play-id>
<aplayer-id>22503</aplayer-id>
<arate-id>7</arate-id>
<atype-id>8</atype-id>
<hplayer-id>6605</hplayer-id>
<hrate-id>3</hrate-id>
<htype-id>26</htype-id>
<Comment>0R&gt;SA&gt;MT32&gt;GB&gt;TD</Comment>
</TMP_TB_ANALYSIS_IN>
<TMP_TB_ANALYSIS_IN>
<id>91268</id>
<play-id>515507</play-id>
<aplayer-id>22089</aplayer-id>
<arate-id>6</arate-id>
<atype-id>26</atype-id>
<hplayer-id>6604</hplayer-id>
<hrate-id>5</hrate-id>
<htype-id>26</htype-id>
<Comment>0R&gt;SA&gt;MT32&gt;GB&gt;TD</Comment>
</TMP_TB_ANALYSIS_IN>
<TMP_TB_ANALYSIS_IN>
<id>91269</id>
<play-id>515509</play-id>
<atype-id>26</atype-id>
<hplayer-id>6663</hplayer-id>
<hrate-id>4</hrate-id>
<htype-id>26</htype-id>
<Comment>GD&gt;TB</Comment>
</TMP_TB_ANALYSIS_IN>
<TMP_TB_ANALYSIS_IN>
<id>91270</id>
<play-id>515510</play-id>
<atype-id>26</atype-id>
<hplayer-id>6636</hplayer-id>
<hrate-id>5</hrate-id>
<htype-id>3</htype-id>
<Comment>P</Comment>
</TMP_TB_ANALYSIS_IN>
<TMP_TB_ANALYSIS_IN>
<id>91271</id>
<play-id>515510</play-id>
<atype-id>26</atype-id>
<hplayer-id>6645</hplayer-id>
<hrate-id>5</hrate-id>
<htype-id>38</htype-id>
<Comment>LOC on RR</Comment>
</TMP_TB_ANALYSIS_IN>
<TMP_TB_ANALYSIS_IN>
<id>91272</id>
<play-id>515511</play-id>
<aplayer-id>15902</aplayer-id>
<arate-id>7</arate-id>
<atype-id>26</atype-id>
<hplayer-id>6656</hplayer-id>
<hrate-id>4</hrate-id>
<htype-id>26</htype-id>
<Comment>I</Comment>
</TMP_TB_ANALYSIS_IN>
<TMP_TB_ANALYSIS_IN>
<id>91273</id>
<play-id>515511</play-id>
<aplayer-id>15878</aplayer-id>
<arate-id>6</arate-id>
<atype-id>26</atype-id>
<hplayer-id>6626</hplayer-id>
<hrate-id>4</hrate-id>
<htype-id>26</htype-id>
<Comment>SU at POA</Comment>
</TMP_TB_ANALYSIS_IN>
<TMP_TB_ANALYSIS_IN>
<id>91274</id>
<play-id>515511</play-id>
<atype-id>26</atype-id>
<hplayer-id>6641</hplayer-id>
<hrate-id>4</hrate-id>
<htype-id>26</htype-id>
<Comment>U&gt;TFL</Comment>
</TMP_TB_ANALYSIS_IN>
<TMP_TB_ANALYSIS_IN>
<id>91275</id>
<play-id>515511</play-id>
<aplayer-id>15901</aplayer-id>
<arate-id>5</arate-id>
<atype-id>26</atype-id>
<hplayer-id>6659</hplayer-id>
<hrate-id>5</hrate-id>
<htype-id>26</htype-id>
<Comment>I&gt;PBL\</Comment>
</TMP_TB_ANALYSIS_IN>
<TMP_TB_ANALYSIS_IN>
<id>91276</id>
<play-id>515512</play-id>
<aplayer-id>15877</aplayer-id>
<arate-id>4</arate-id>
<atype-id>26</atype-id>
<hplayer-id>6627</hplayer-id>
<hrate-id>7</hrate-id>
<htype-id>8</htype-id>
<Comment>3R&gt;MT&gt;1D</Comment>
</TMP_TB_ANALYSIS_IN>
<TMP_TB_ANALYSIS_IN>
<id>91277</id>
<play-id>515513</play-id>
<aplayer-id>15896</aplayer-id>
<arate-id>6</arate-id>
<atype-id>26</atype-id>
<hplayer-id>6649</hplayer-id>
<hrate-id>4</hrate-id>
<htype-id>26</htype-id>
<Comment>O&gt;SQ</Comment>
</TMP_TB_ANALYSIS_IN>
<TMP_TB_ANALYSIS_IN>
<id>91278</id>
<play-id>515513</play-id>
<aplayer-id>15900</aplayer-id>
<arate-id>6</arate-id>
<atype-id>26</atype-id>
<hplayer-id>28148</hplayer-id>
<hrate-id>4</hrate-id>
<htype-id>26</htype-id>
<Comment>SU at POA&gt;FC</Comment>
</TMP_TB_ANALYSIS_IN>
<TMP_TB_ANALYSIS_IN>
<id>91279</id>
<play-id>515514</play-id>
<aplayer-id>15901</aplayer-id>
<arate-id>8</arate-id>
<atype-id>26</atype-id>
<hplayer-id>6655</hplayer-id>
<hrate-id>2</hrate-id>
<htype-id>26</htype-id>
<Comment>O&gt;TFL</Comment>
</TMP_TB_ANALYSIS_IN>
<TMP_TB_ANALYSIS_IN>
<id>91280</id>
<play-id>515514</play-id>
<aplayer-id>15902</aplayer-id>
<arate-id>7</arate-id>
<atype-id>26</atype-id>
<hplayer-id>6649</hplayer-id>
<hrate-id>3</hrate-id>
<htype-id>26</htype-id>
<Comment>I&gt;TFL</Comment>
</TMP_TB_ANALYSIS_IN>
<TMP_TB_ANALYSIS_IN>
<id>91281</id>
<play-id>515515</play-id>
<aplayer-id>15902</aplayer-id>
<arate-id>6</arate-id>
<atype-id>26</atype-id>
<hplayer-id>6655</hplayer-id>
<hrate-id>5</hrate-id>
<htype-id>26</htype-id>
<Comment>O</Comment>
</TMP_TB_ANALYSIS_IN>
<TMP_TB_ANALYSIS_IN>
<id>91282</id>
<play-id>515515</play-id>
<aplayer-id>15896</aplayer-id>
<arate-id>6</arate-id>
<atype-id>26</atype-id>
<hplayer-id>6641</hplayer-id>
<hrate-id>5</hrate-id>
<htype-id>26</htype-id>
<Comment>O&gt;2L</Comment>
</TMP_TB_ANALYSIS_IN>
<TMP_TB_ANALYSIS_IN>
<id>91283</id>
<play-id>515516</play-id>
<aplayer-id>22089</aplayer-id>
<arate-id>4</arate-id>
<atype-id>26</atype-id>
<htype-id>26</htype-id>
<Comment>PR&gt;T</Comment>
</TMP_TB_ANALYSIS_IN>
<TMP_TB_ANALYSIS_IN>
<id>91285</id>
<play-id>515517</play-id>
<aplayer-id>15945</aplayer-id>
<arate-id>4</arate-id>
<atype-id>2</atype-id>
<hplayer-id>6587</hplayer-id>
<hrate-id>6</hrate-id>
<htype-id>2</htype-id>
<Comment>O</Comment>
</TMP_TB_ANALYSIS_IN>
<TMP_TB_ANALYSIS_IN>
<id>91286</id>
<play-id>515517</play-id>
<aplayer-id>15925</aplayer-id>
<arate-id>7</arate-id>
<atype-id>26</atype-id>
<hplayer-id>6560</hplayer-id>
<hrate-id>6</hrate-id>
<htype-id>26</htype-id>
<Comment>9R&gt;OT</Comment>
</TMP_TB_ANALYSIS_IN>
<TMP_TB_ANALYSIS_IN>
<id>91287</id>
<play-id>515518</play-id>
<aplayer-id>15947</aplayer-id>
<arate-id>3</arate-id>
<atype-id>26</atype-id>
<hplayer-id>6579</hplayer-id>
<hrate-id>6</hrate-id>
<htype-id>26</htype-id>
<Comment>I&gt;2L&gt;TFNG</Comment>
</TMP_TB_ANALYSIS_IN>
<TMP_TB_ANALYSIS_IN>
<id>91288</id>
<play-id>515518</play-id>
<aplayer-id>15961</aplayer-id>
<arate-id>5</arate-id>
<atype-id>26</atype-id>
<hplayer-id>6598</hplayer-id>
<hrate-id>5</hrate-id>
<htype-id>26</htype-id>
<Comment>I</Comment>
</TMP_TB_ANALYSIS_IN>
<TMP_TB_ANALYSIS_IN>
<id>91289</id>
<play-id>515518</play-id>
<aplayer-id>15918</aplayer-id>
<arate-id>5</arate-id>
<atype-id>26</atype-id>
<hplayer-id>6609</hplayer-id>
<hrate-id>6</hrate-id>
<htype-id>26</htype-id>
<Comment>O</Comment>
</TMP_TB_ANALYSIS_IN>
<TMP_TB_ANALYSIS_IN>
<id>91290</id>
<play-id>515518</play-id>
<aplayer-id>15922</aplayer-id>
<arate-id>5</arate-id>
<atype-id>26</atype-id>
<hplayer-id>6591</hplayer-id>
<hrate-id>6</hrate-id>
<htype-id>26</htype-id>
<Comment>CR&gt;C&gt;2L</Comment>
</TMP_TB_ANALYSIS_IN>
<TMP_TB_ANALYSIS_IN>
<id>91291</id>
<play-id>515519</play-id>
<aplayer-id>15925</aplayer-id>
<arate-id>6</arate-id>
<atype-id>26</atype-id>
<hplayer-id>6579</hplayer-id>
<hrate-id>4</hrate-id>
<htype-id>26</htype-id>
<Comment>4R&gt;1D</Comment>
</TMP_TB_ANALYSIS_IN>
<TMP_TB_ANALYSIS_IN>
<id>91292</id>
<play-id>515519</play-id>
<atype-id>26</atype-id>
<hplayer-id>6560</hplayer-id>
<hrate-id>4</hrate-id>
<htype-id>26</htype-id>
<Comment>4R&gt;1D</Comment>
</TMP_TB_ANALYSIS_IN>
<TMP_TB_ANALYSIS_IN>
<id>91293</id>
<play-id>515520</play-id>
<aplayer-id>15953</aplayer-id>
<arate-id>5</arate-id>
<atype-id>26</atype-id>
<hplayer-id>6609</hplayer-id>
<hrate-id>6</hrate-id>
<htype-id>26</htype-id>
<Comment>O&gt;2L&gt;DT&gt;Draws pull block</Comment>
</TMP_TB_ANALYSIS_IN>
<TMP_TB_ANALYSIS_IN>
<id>91294</id>
<play-id>515520</play-id>
<aplayer-id>15947</aplayer-id>
<arate-id>5</arate-id>
<atype-id>26</atype-id>
<hplayer-id>6608</hplayer-id>
<hrate-id>4</hrate-id>
<htype-id>26</htype-id>
<Comment>BOR</Comment>
</TMP_TB_ANALYSIS_IN>
<TMP_TB_ANALYSIS_IN>
<id>91295</id>
<play-id>515520</play-id>
<aplayer-id>15918</aplayer-id>
<arate-id>6</arate-id>
<atype-id>26</atype-id>
<hplayer-id>6602</hplayer-id>
<hrate-id>4</hrate-id>
<htype-id>26</htype-id>
<Comment>I</Comment>
</TMP_TB_ANALYSIS_IN>
<TMP_TB_ANALYSIS_IN>
<id>91296</id>
<play-id>515520</play-id>
<atype-id>26</atype-id>
<hplayer-id>6572</hplayer-id>
<hrate-id>4</hrate-id>
<htype-id>26</htype-id>
<Comment>GC</Comment>
</TMP_TB_ANALYSIS_IN>
<TMP_TB_ANALYSIS_IN>
<id>91297</id>
<play-id>515521</play-id>
<aplayer-id>15953</aplayer-id>
<arate-id>6</arate-id>
<atype-id>26</atype-id>
<hplayer-id>6609</hplayer-id>
<hrate-id>4</hrate-id>
<htype-id>26</htype-id>
<Comment>9R&gt;PA&gt;1D</Comment>
</TMP_TB_ANALYSIS_IN>
<TMP_TB_ANALYSIS_IN>
<id>91298</id>
<play-id>515521</play-id>
<aplayer-id>15926</aplayer-id>
<arate-id>6</arate-id>
<atype-id>26</atype-id>
<hplayer-id>6560</hplayer-id>
<hrate-id>4</hrate-id>
<htype-id>26</htype-id>
<Comment>9R&gt;1D</Comment>
</TMP_TB_ANALYSIS_IN>
<TMP_TB_ANALYSIS_IN>
<id>91299</id>
<play-id>515522</play-id>
<aplayer-id>15951</aplayer-id>
<arate-id>6</arate-id>
<atype-id>26</atype-id>
<hplayer-id>6598</hplayer-id>
<hrate-id>4</hrate-id>
<htype-id>26</htype-id>
<Comment>I</Comment>
</TMP_TB_ANALYSIS_IN>
<TMP_TB_ANALYSIS_IN>
<id>91300</id>
<play-id>515522</play-id>
<aplayer-id>15957</aplayer-id>
<arate-id>5</arate-id>
<atype-id>8</atype-id>
<hplayer-id>6591</hplayer-id>
<hrate-id>6</hrate-id>
<htype-id>26</htype-id>
<Comment>CR&gt;MT</Comment>
</TMP_TB_ANALYSIS_IN>
<TMP_TB_ANALYSIS_IN>
<id>91301</id>
<play-id>515522</play-id>
<aplayer-id>15918</aplayer-id>
<arate-id>6</arate-id>
<atype-id>26</atype-id>
<hplayer-id>6602</hplayer-id>
<hrate-id>4</hrate-id>
<htype-id>26</htype-id>
<Comment>I&gt;2L</Comment>
</TMP_TB_ANALYSIS_IN>
<TMP_TB_ANALYSIS_IN>
<id>91302</id>
<play-id>515522</play-id>
<aplayer-id>15937</aplayer-id>
<arate-id>7</arate-id>
<atype-id>8</atype-id>
<hplayer-id>6569</hplayer-id>
<hrate-id>4</hrate-id>
<htype-id>26</htype-id>
<Comment>YDC&gt;MT92&gt;MT35</Comment>
</TMP_TB_ANALYSIS_IN>
<TMP_TB_ANALYSIS_IN>
<id>91303</id>
<play-id>515522</play-id>
<aplayer-id>15938</aplayer-id>
<arate-id>4</arate-id>
<atype-id>26</atype-id>
<htype-id>26</htype-id>
<Comment>CU&gt;TFSG</Comment>
</TMP_TB_ANALYSIS_IN>
<TMP_TB_ANALYSIS_IN>
<id>91304</id>
<play-id>515523</play-id>
<aplayer-id>15925</aplayer-id>
<arate-id>4</arate-id>
<atype-id>42</atype-id>
<hplayer-id>6587</hplayer-id>
<hrate-id>6</hrate-id>
<htype-id>42</htype-id>
<Comment>O</Comment>
</TMP_TB_ANALYSIS_IN>
<TMP_TB_ANALYSIS_IN>
<id>91306</id>
<play-id>515523</play-id>
<aplayer-id>15918</aplayer-id>
<arate-id>7</arate-id>
<atype-id>26</atype-id>
<hplayer-id>6560</hplayer-id>
<hrate-id>6</hrate-id>
<htype-id>26</htype-id>
<Comment>7R&gt;OT</Comment>
</TMP_TB_ANALYSIS_IN>
<TMP_TB_ANALYSIS_IN>
<id>91307</id>
<play-id>515524</play-id>
<aplayer-id>22503</aplayer-id>
<arate-id>7</arate-id>
<atype-id>26</atype-id>
<hplayer-id>6579</hplayer-id>
<hrate-id>3</hrate-id>
<htype-id>26</htype-id>
<Comment>7R&gt;TD</Comment>
</TMP_TB_ANALYSIS_IN>
<TMP_TB_ANALYSIS_IN>
<id>91308</id>
<play-id>515524</play-id>
<atype-id>26</atype-id>
<hplayer-id>6560</hplayer-id>
<hrate-id>3</hrate-id>
<htype-id>26</htype-id>
<Comment>7R&gt;TD</Comment>
</TMP_TB_ANALYSIS_IN>
<TMP_TB_ANALYSIS_IN>
<id>91309</id>
<play-id>515526</play-id>
<atype-id>26</atype-id>
<hplayer-id>6663</hplayer-id>
<hrate-id>4</hrate-id>
<htype-id>26</htype-id>
<Comment>GD</Comment>
</TMP_TB_ANALYSIS_IN>
<TMP_TB_ANALYSIS_IN>
<id>91310</id>
<play-id>515526</play-id>
<atype-id>26</atype-id>
<hplayer-id>6631</hplayer-id>
<hrate-id>4</hrate-id>
<htype-id>26</htype-id>
<Comment>KR&gt;T</Comment>
</TMP_TB_ANALYSIS_IN>
<TMP_TB_ANALYSIS_IN>
<id>91311</id>
<play-id>515526</play-id>
<atype-id>40</atype-id>
<hplayer-id>6617</hplayer-id>
<hrate-id>7</hrate-id>
<htype-id>11</htype-id>
<Comment>PEN(FMM)</Comment>
</TMP_TB_ANALYSIS_IN>
<TMP_TB_ANALYSIS_IN>
<id>91312</id>
<play-id>515527</play-id>
<aplayer-id>15901</aplayer-id>
<arate-id>4</arate-id>
<atype-id>26</atype-id>
<hplayer-id>6649</hplayer-id>
<hrate-id>6</hrate-id>
<htype-id>26</htype-id>
<Comment>I</Comment>
</TMP_TB_ANALYSIS_IN>
<TMP_TB_ANALYSIS_IN>
<id>91313</id>
<play-id>515527</play-id>
<aplayer-id>15878</aplayer-id>
<arate-id>6</arate-id>
<atype-id>26</atype-id>
<hplayer-id>28148</hplayer-id>
<hrate-id>5</hrate-id>
<htype-id>26</htype-id>
<Comment>O&gt;T</Comment>
</TMP_TB_ANALYSIS_IN>
<TMP_TB_ANALYSIS_IN>
<id>91314</id>
<play-id>515527</play-id>
<aplayer-id>15877</aplayer-id>
<arate-id>4</arate-id>
<atype-id>26</atype-id>
<htype-id>26</htype-id>
<Comment>GC&gt;YDC</Comment>
</TMP_TB_ANALYSIS_IN>
<TMP_TB_ANALYSIS_IN>
<id>91315</id>
<play-id>515527</play-id>
<aplayer-id>15888</aplayer-id>
<arate-id>4</arate-id>
<atype-id>26</atype-id>
<hplayer-id>6635</hplayer-id>
<hrate-id>5</hrate-id>
<htype-id>26</htype-id>
<Comment>B&gt;2L</Comment>
</TMP_TB_ANALYSIS_IN>
<TMP_TB_ANALYSIS_IN>
<id>91316</id>
<play-id>515528</play-id>
<aplayer-id>15896</aplayer-id>
<arate-id>5</arate-id>
<atype-id>26</atype-id>
<hplayer-id>6645</hplayer-id>
<hrate-id>5</hrate-id>
<htype-id>26</htype-id>
<Comment>I&gt;DTA</Comment>
</TMP_TB_ANALYSIS_IN>
<TMP_TB_ANALYSIS_IN>
<id>91317</id>
<play-id>515528</play-id>
<aplayer-id>15879</aplayer-id>
<arate-id>6</arate-id>
<atype-id>26</atype-id>
<hplayer-id>6636</hplayer-id>
<hrate-id>4</hrate-id>
<htype-id>26</htype-id>
<Comment>SU at POA</Comment>
</TMP_TB_ANALYSIS_IN>
<TMP_TB_ANALYSIS_IN>
<id>91319</id>
<play-id>515528</play-id>
<atype-id>26</atype-id>
<hplayer-id>6635</hplayer-id>
<hrate-id>4</hrate-id>
<htype-id>26</htype-id>
<Comment>U&gt;TFL</Comment>
</TMP_TB_ANALYSIS_IN>
<TMP_TB_ANALYSIS_IN>
<id>91320</id>
<play-id>515528</play-id>
<aplayer-id>23624</aplayer-id>
<arate-id>4</arate-id>
<atype-id>26</atype-id>
<hplayer-id>6624</hplayer-id>
<hrate-id>6</hrate-id>
<htype-id>26</htype-id>
<Comment>I&gt;2L</Comment>
</TMP_TB_ANALYSIS_IN>
<TMP_TB_ANALYSIS_IN>
<id>91321</id>
<play-id>515528</play-id>
<aplayer-id>15908</aplayer-id>
<arate-id>6</arate-id>
<atype-id>26</atype-id>
<hplayer-id>6641</hplayer-id>
<hrate-id>5</hrate-id>
<htype-id>26</htype-id>
<Comment>O&gt;2L</Comment>
</TMP_TB_ANALYSIS_IN>
<TMP_TB_ANALYSIS_IN>
<id>91322</id>
<play-id>515529</play-id>
<aplayer-id>15896</aplayer-id>
<arate-id>6</arate-id>
<atype-id>3</atype-id>
<hplayer-id>6651</hplayer-id>
<hrate-id>5</hrate-id>
<htype-id>3</htype-id>
<Comment>U&gt;L.E.N&gt;O</Comment>
</TMP_TB_ANALYSIS_IN>
<TMP_TB_ANALYSIS_IN>
<id>91323</id>
<play-id>515529</play-id>
<aplayer-id>15916</aplayer-id>
<arate-id>4</arate-id>
<atype-id>26</atype-id>
<hplayer-id>6618</hplayer-id>
<hrate-id>5</hrate-id>
<htype-id>26</htype-id>
<Comment>2R&gt;1D</Comment>
</TMP_TB_ANALYSIS_IN>
<TMP_TB_ANALYSIS_IN>
<id>91324</id>
<play-id>515530</play-id>
<aplayer-id>15878</aplayer-id>
<arate-id>7</arate-id>
<atype-id>26</atype-id>
<hplayer-id>6636</hplayer-id>
<hrate-id>3</hrate-id>
<htype-id>26</htype-id>
<Comment>B&gt;I&gt;TFNG</Comment>
</TMP_TB_ANALYSIS_IN>
<TMP_TB_ANALYSIS_IN>
<id>91325</id>
<play-id>515530</play-id>
<aplayer-id>15908</aplayer-id>
<arate-id>4</arate-id>
<atype-id>26</atype-id>
<hplayer-id>6639</hplayer-id>
<hrate-id>5</hrate-id>
<htype-id>26</htype-id>
<Comment>I</Comment>
</TMP_TB_ANALYSIS_IN>
<TMP_TB_ANALYSIS_IN>
<id>91326</id>
<play-id>515531</play-id>
<aplayer-id>15912</aplayer-id>
<arate-id>4</arate-id>
<atype-id>26</atype-id>
<hplayer-id>6635</hplayer-id>
<hrate-id>6</hrate-id>
<htype-id>26</htype-id>
<Comment>I&gt;2L</Comment>
</TMP_TB_ANALYSIS_IN>
<TMP_TB_ANALYSIS_IN>
<id>91327</id>
<play-id>515531</play-id>
<aplayer-id>15916</aplayer-id>
<arate-id>6</arate-id>
<atype-id>26</atype-id>
<hplayer-id>6615</hplayer-id>
<hrate-id>7</hrate-id>
<htype-id>8</htype-id>
<Comment>I&gt;MT</Comment>
</TMP_TB_ANALYSIS_IN>
<TMP_TB_ANALYSIS_IN>
<id>91328</id>
<play-id>515531</play-id>
<aplayer-id>15877</aplayer-id>
<arate-id>4</arate-id>
<atype-id>26</atype-id>
<htype-id>26</htype-id>
<Comment>GB&gt;SA&gt;MT15</Comment>
</TMP_TB_ANALYSIS_IN>
<TMP_TB_ANALYSIS_IN>
<id>91329</id>
<play-id>515532</play-id>
<aplayer-id>15896</aplayer-id>
<arate-id>4</arate-id>
<atype-id>26</atype-id>
<hplayer-id>6659</hplayer-id>
<hrate-id>6</hrate-id>
<htype-id>26</htype-id>
<Comment>I</Comment>
</TMP_TB_ANALYSIS_IN>
<TMP_TB_ANALYSIS_IN>
<id>91330</id>
<play-id>515533</play-id>
<aplayer-id>26312</aplayer-id>
<arate-id>6</arate-id>
<atype-id>3</atype-id>
<hplayer-id>6645</hplayer-id>
<hrate-id>3</hrate-id>
<htype-id>3</htype-id>
<Comment>BBR</Comment>
</TMP_TB_ANALYSIS_IN>
<TMP_TB_ANALYSIS_IN>
<id>91331</id>
<play-id>515533</play-id>
<aplayer-id>15878</aplayer-id>
<arate-id>4</arate-id>
<atype-id>26</atype-id>
<hplayer-id>6636</hplayer-id>
<hrate-id>6</hrate-id>
<htype-id>26</htype-id>
<Comment>H4&gt;1D</Comment>
</TMP_TB_ANALYSIS_IN>
<TMP_TB_ANALYSIS_IN>
<id>91332</id>
<play-id>515533</play-id>
<aplayer-id>15896</aplayer-id>
<arate-id>6</arate-id>
<atype-id>42</atype-id>
<hplayer-id>28148</hplayer-id>
<hrate-id>4</hrate-id>
<htype-id>42</htype-id>
<Comment>O&gt;C</Comment>
</TMP_TB_ANALYSIS_IN>
<TMP_TB_ANALYSIS_IN>
<id>91333</id>
<play-id>515534</play-id>
<aplayer-id>15900</aplayer-id>
<arate-id>6</arate-id>
<atype-id>26</atype-id>
<hplayer-id>28148</hplayer-id>
<hrate-id>4</hrate-id>
<htype-id>26</htype-id>
<Comment>I&gt;TFNG</Comment>
</TMP_TB_ANALYSIS_IN>
<TMP_TB_ANALYSIS_IN>
<id>91334</id>
<play-id>515534</play-id>
<aplayer-id>15902</aplayer-id>
<arate-id>4</arate-id>
<atype-id>26</atype-id>
<hplayer-id>6655</hplayer-id>
<hrate-id>6</hrate-id>
<htype-id>26</htype-id>
<Comment>I</Comment>
</TMP_TB_ANALYSIS_IN>
<TMP_TB_ANALYSIS_IN>
<id>91335</id>
<play-id>515535</play-id>
<aplayer-id>15912</aplayer-id>
<arate-id>4</arate-id>
<atype-id>26</atype-id>
<hplayer-id>6645</hplayer-id>
<hrate-id>6</hrate-id>
<htype-id>26</htype-id>
<Comment>I</Comment>
</TMP_TB_ANALYSIS_IN>
<TMP_TB_ANALYSIS_IN>
<id>91336</id>
<play-id>515535</play-id>
<aplayer-id>15902</aplayer-id>
<arate-id>6</arate-id>
<atype-id>26</atype-id>
<hplayer-id>6635</hplayer-id>
<hrate-id>5</hrate-id>
<htype-id>26</htype-id>
<Comment>I&gt;2L&gt;T</Comment>
</TMP_TB_ANALYSIS_IN>
<TMP_TB_ANALYSIS_IN>
<id>91337</id>
<play-id>515535</play-id>
<aplayer-id>25036</aplayer-id>
<arate-id>4</arate-id>
<atype-id>26</atype-id>
<htype-id>26</htype-id>
<Comment>GC</Comment>
</TMP_TB_ANALYSIS_IN>
<TMP_TB_ANALYSIS_IN>
<id>91338</id>
<play-id>515536</play-id>
<aplayer-id>15902</aplayer-id>
<arate-id>5</arate-id>
<atype-id>26</atype-id>
<hplayer-id>6645</hplayer-id>
<hrate-id>6</hrate-id>
<htype-id>26</htype-id>
<Comment>I&gt;IOP</Comment>
</TMP_TB_ANALYSIS_IN>
<TMP_TB_ANALYSIS_IN>
<id>91339</id>
<play-id>515536</play-id>
<atype-id>26</atype-id>
<hplayer-id>6635</hplayer-id>
<hrate-id>4</hrate-id>
<htype-id>26</htype-id>
<Comment>U&gt;TFNG&gt;TSo3</Comment>
</TMP_TB_ANALYSIS_IN>
<TMP_TB_ANALYSIS_IN>
<id>91340</id>
<play-id>515537</play-id>
<aplayer-id>15966</aplayer-id>
<arate-id>5</arate-id>
<atype-id>26</atype-id>
<htype-id>26</htype-id>
<Comment>38&gt;RHM&gt;M</Comment>
</TMP_TB_ANALYSIS_IN>
<TMP_TB_ANALYSIS_IN>
<id>91341</id>
<play-id>515538</play-id>
<aplayer-id>15926</aplayer-id>
<arate-id>7</arate-id>
<atype-id>8</atype-id>
<hplayer-id>6563</hplayer-id>
<hrate-id>4</hrate-id>
<htype-id>26</htype-id>
<Comment>KR&gt;GC&gt;SA&gt;MT</Comment>
</TMP_TB_ANALYSIS_IN>
<TMP_TB_ANALYSIS_IN>
<id>91342</id>
<play-id>515539</play-id>
<aplayer-id>15941</aplayer-id>
<arate-id>4</arate-id>
<atype-id>8</atype-id>
<hplayer-id>6609</hplayer-id>
<hrate-id>7</hrate-id>
<htype-id>26</htype-id>
<Comment>I&gt;MTFL</Comment>
</TMP_TB_ANALYSIS_IN>
<TMP_TB_ANALYSIS_IN>
<id>91343</id>
<play-id>515539</play-id>
<aplayer-id>15937</aplayer-id>
<arate-id>4</arate-id>
<atype-id>26</atype-id>
<htype-id>26</htype-id>
<Comment>CU&gt;TFL</Comment>
</TMP_TB_ANALYSIS_IN>
<TMP_TB_ANALYSIS_IN>
<id>91344</id>
<play-id>515539</play-id>
<aplayer-id>15918</aplayer-id>
<arate-id>5</arate-id>
<atype-id>26</atype-id>
<hplayer-id>6591</hplayer-id>
<hrate-id>6</hrate-id>
<htype-id>26</htype-id>
<Comment>O&gt;C&gt;PBR</Comment>
</TMP_TB_ANALYSIS_IN>
<TMP_TB_ANALYSIS_IN>
<id>91345</id>
<play-id>515539</play-id>
<aplayer-id>15938</aplayer-id>
<arate-id>6</arate-id>
<atype-id>8</atype-id>
<htype-id>26</htype-id>
<Comment>U&gt;MTFL</Comment>
</TMP_TB_ANALYSIS_IN>
<TMP_TB_ANALYSIS_IN>
<id>91346</id>
<play-id>515540</play-id>
<aplayer-id>15929</aplayer-id>
<arate-id>6</arate-id>
<atype-id>26</atype-id>
<hplayer-id>6559</hplayer-id>
<hrate-id>4</hrate-id>
<htype-id>26</htype-id>
<Comment>5R&gt;1D</Comment>
</TMP_TB_ANALYSIS_IN>
<TMP_TB_ANALYSIS_IN>
<id>91348</id>
<play-id>515540</play-id>
<aplayer-id>15918</aplayer-id>
<arate-id>3</arate-id>
<atype-id>3</atype-id>
<hplayer-id>6602</hplayer-id>
<hrate-id>6</hrate-id>
<htype-id>3</htype-id>
<Comment>B</Comment>
</TMP_TB_ANALYSIS_IN>
<TMP_TB_ANALYSIS_IN>
<id>91349</id>
<play-id>515541</play-id>
<aplayer-id>3589</aplayer-id>
<arate-id>5</arate-id>
<atype-id>26</atype-id>
<hplayer-id>6605</hplayer-id>
<hrate-id>4</hrate-id>
<htype-id>19</htype-id>
<Comment>O</Comment>
</TMP_TB_ANALYSIS_IN>
<TMP_TB_ANALYSIS_IN>
<id>91350</id>
<play-id>515541</play-id>
<aplayer-id>22089</aplayer-id>
<arate-id>7</arate-id>
<atype-id>8</atype-id>
<hplayer-id>6559</hplayer-id>
<hrate-id>3</hrate-id>
<htype-id>26</htype-id>
<Comment>0R&gt;GB&gt;MT&gt;GB&gt;TD</Comment>
</TMP_TB_ANALYSIS_IN>
<TMP_TB_ANALYSIS_IN>
<id>91351</id>
<play-id>515541</play-id>
<aplayer-id>15953</aplayer-id>
<arate-id>6</arate-id>
<atype-id>26</atype-id>
<hplayer-id>6579</hplayer-id>
<hrate-id>4</hrate-id>
<htype-id>19</htype-id>
<Comment>O&gt;DF</Comment>
</TMP_TB_ANALYSIS_IN>
<TMP_TB_ANALYSIS_IN>
<id>91352</id>
<play-id>515543</play-id>
<atype-id>26</atype-id>
<hplayer-id>6663</hplayer-id>
<hrate-id>4</hrate-id>
<htype-id>26</htype-id>
<Comment>GD&gt;TB</Comment>
</TMP_TB_ANALYSIS_IN>
<TMP_TB_ANALYSIS_IN>
<id>91354</id>
<play-id>515544</play-id>
<aplayer-id>15877</aplayer-id>
<arate-id>4</arate-id>
<atype-id>26</atype-id>
<hplayer-id>6626</hplayer-id>
<hrate-id>7</hrate-id>
<htype-id>8</htype-id>
<Comment>GB&gt;MT&gt;1D</Comment>
</TMP_TB_ANALYSIS_IN>
<TMP_TB_ANALYSIS_IN>
<id>91355</id>
<play-id>515544</play-id>
<aplayer-id>15910</aplayer-id>
<arate-id>4</arate-id>
<atype-id>26</atype-id>
<hplayer-id>6627</hplayer-id>
<hrate-id>5</hrate-id>
<htype-id>26</htype-id>
<Comment>O</Comment>
</TMP_TB_ANALYSIS_IN>
<TMP_TB_ANALYSIS_IN>
<id>91356</id>
<play-id>515544</play-id>
<atype-id>26</atype-id>
<hplayer-id>6658</hplayer-id>
<hrate-id>6</hrate-id>
<htype-id>26</htype-id>
<Comment>IOP</Comment>
</TMP_TB_ANALYSIS_IN>
<TMP_TB_ANALYSIS_IN>
<id>91357</id>
<play-id>515545</play-id>
<aplayer-id>15870</aplayer-id>
<arate-id>3</arate-id>
<atype-id>26</atype-id>
<htype-id>26</htype-id>
<Comment>H8&gt;1D</Comment>
</TMP_TB_ANALYSIS_IN>
<TMP_TB_ANALYSIS_IN>
<id>91358</id>
<play-id>515545</play-id>
<aplayer-id>15877</aplayer-id>
<arate-id>3</arate-id>
<atype-id>26</atype-id>
<hplayer-id>6635</hplayer-id>
<hrate-id>7</hrate-id>
<htype-id>26</htype-id>
<Comment>H8&gt;1D</Comment>
</TMP_TB_ANALYSIS_IN>
<TMP_TB_ANALYSIS_IN>
<id>91359</id>
<play-id>515547</play-id>
<aplayer-id>15912</aplayer-id>
<arate-id>4</arate-id>
<atype-id>26</atype-id>
<hplayer-id>6617</hplayer-id>
<hrate-id>6</hrate-id>
<htype-id>26</htype-id>
<Comment>3R&gt;1D</Comment>
</TMP_TB_ANALYSIS_IN>
<TMP_TB_ANALYSIS_IN>
<id>91360</id>
<play-id>515547</play-id>
<aplayer-id>15870</aplayer-id>
<arate-id>4</arate-id>
<atype-id>26</atype-id>
<htype-id>26</htype-id>
<Comment>3R&gt;1D</Comment>
</TMP_TB_ANALYSIS_IN>
<TMP_TB_ANALYSIS_IN>
<id>91361</id>
<play-id>515547</play-id>
<aplayer-id>15902</aplayer-id>
<arate-id>6</arate-id>
<atype-id>3</atype-id>
<hplayer-id>6656</hplayer-id>
<hrate-id>4</hrate-id>
<htype-id>3</htype-id>
<Comment>I</Comment>
</TMP_TB_ANALYSIS_IN>
<TMP_TB_ANALYSIS_IN>
<id>91362</id>
<play-id>515548</play-id>
<aplayer-id>15906</aplayer-id>
<arate-id>4</arate-id>
<atype-id>26</atype-id>
<hplayer-id>6617</hplayer-id>
<hrate-id>7</hrate-id>
<htype-id>26</htype-id>
<Comment>GB&gt;IOP&gt;TD&gt;Reverse</Comment>
</TMP_TB_ANALYSIS_IN>
<TMP_TB_ANALYSIS_IN>
<id>91363</id>
<play-id>515548</play-id>
<atype-id>26</atype-id>
<hplayer-id>6631</hplayer-id>
<hrate-id>6</hrate-id>
<htype-id>26</htype-id>
<Comment>IOP</Comment>
</TMP_TB_ANALYSIS_IN>
<TMP_TB_ANALYSIS_IN>
<id>91364</id>
<play-id>515548</play-id>
<aplayer-id>15910</aplayer-id>
<arate-id>4</arate-id>
<atype-id>26</atype-id>
<hplayer-id>6627</hplayer-id>
<hrate-id>5</hrate-id>
<htype-id>26</htype-id>
<Comment>O&gt;DF</Comment>
</TMP_TB_ANALYSIS_IN>
<TMP_TB_ANALYSIS_IN>
<id>91365</id>
<play-id>515550</play-id>
<aplayer-id>15910</aplayer-id>
<arate-id>4</arate-id>
<atype-id>26</atype-id>
<htype-id>26</htype-id>
<Comment>KR&gt;T</Comment>
</TMP_TB_ANALYSIS_IN>
<TMP_TB_ANALYSIS_IN>
<id>91366</id>
<play-id>515550</play-id>
<aplayer-id>15922</aplayer-id>
<arate-id>6</arate-id>
<atype-id>26</atype-id>
<htype-id>26</htype-id>
<Comment>LD&gt;OOP</Comment>
</TMP_TB_ANALYSIS_IN>
<TMP_TB_ANALYSIS_IN>
<id>91367</id>
<play-id>515551</play-id>
<aplayer-id>3589</aplayer-id>
<arate-id>7</arate-id>
<atype-id>8</atype-id>
<hplayer-id>6572</hplayer-id>
<hrate-id>4</hrate-id>
<htype-id>26</htype-id>
<Comment>GC&gt;SA&gt;MT&gt;GB&gt;1D</Comment>
</TMP_TB_ANALYSIS_IN>
<TMP_TB_ANALYSIS_IN>
<id>91368</id>
<play-id>515551</play-id>
<aplayer-id>15926</aplayer-id>
<arate-id>6</arate-id>
<atype-id>26</atype-id>
<hplayer-id>6602</hplayer-id>
<hrate-id>4</hrate-id>
<htype-id>26</htype-id>
<Comment>I&gt;2L</Comment>
</TMP_TB_ANALYSIS_IN>
<TMP_TB_ANALYSIS_IN>
<id>91369</id>
<play-id>515551</play-id>
<aplayer-id>15961</aplayer-id>
<arate-id>6</arate-id>
<atype-id>26</atype-id>
<htype-id>26</htype-id>
<Comment>IOP</Comment>
</TMP_TB_ANALYSIS_IN>
<TMP_TB_ANALYSIS_IN>
<id>91370</id>
<play-id>515551</play-id>
<aplayer-id>15918</aplayer-id>
<arate-id>6</arate-id>
<atype-id>26</atype-id>
<hplayer-id>6608</hplayer-id>
<hrate-id>4</hrate-id>
<htype-id>26</htype-id>
<Comment>I&gt;2L</Comment>
</TMP_TB_ANALYSIS_IN>
<TMP_TB_ANALYSIS_IN>
<id>91371</id>
<play-id>515551</play-id>
<aplayer-id>15947</aplayer-id>
<arate-id>5</arate-id>
<atype-id>26</atype-id>
<hplayer-id>6609</hplayer-id>
<hrate-id>7</hrate-id>
<htype-id>26</htype-id>
<Comment>B&gt;I</Comment>
</TMP_TB_ANALYSIS_IN>
<TMP_TB_ANALYSIS_IN>
<id>91372</id>
<play-id>515552</play-id>
<aplayer-id>15947</aplayer-id>
<arate-id>5</arate-id>
<atype-id>26</atype-id>
<hplayer-id>6587</hplayer-id>
<hrate-id>5</hrate-id>
<htype-id>26</htype-id>
<Comment>O</Comment>
</TMP_TB_ANALYSIS_IN>
<TMP_TB_ANALYSIS_IN>
<id>91373</id>
<play-id>515552</play-id>
<aplayer-id>15961</aplayer-id>
<arate-id>6</arate-id>
<atype-id>26</atype-id>
<hplayer-id>6599</hplayer-id>
<hrate-id>4</hrate-id>
<htype-id>26</htype-id>
<Comment>I</Comment>
</TMP_TB_ANALYSIS_IN>
<TMP_TB_ANALYSIS_IN>
<id>91374</id>
<play-id>515553</play-id>
<atype-id>26</atype-id>
<hplayer-id>6569</hplayer-id>
<hrate-id>4</hrate-id>
<htype-id>26</htype-id>
<Comment>GC</Comment>
</TMP_TB_ANALYSIS_IN>
<TMP_TB_ANALYSIS_IN>
<id>91375</id>
<play-id>515553</play-id>
<aplayer-id>15961</aplayer-id>
<arate-id>6</arate-id>
<atype-id>26</atype-id>
<hplayer-id>6587</hplayer-id>
<hrate-id>4</hrate-id>
<htype-id>26</htype-id>
<Comment>O</Comment>
</TMP_TB_ANALYSIS_IN>
<TMP_TB_ANALYSIS_IN>
<id>91376</id>
<play-id>515553</play-id>
<aplayer-id>15918</aplayer-id>
<arate-id>5</arate-id>
<atype-id>26</atype-id>
<hplayer-id>6599</hplayer-id>
<hrate-id>4</hrate-id>
<htype-id>26</htype-id>
<Comment>O</Comment>
</TMP_TB_ANALYSIS_IN>
<TMP_TB_ANALYSIS_IN>
<id>91377</id>
<play-id>515553</play-id>
<aplayer-id>15956</aplayer-id>
<arate-id>5</arate-id>
<atype-id>26</atype-id>
<hplayer-id>6591</hplayer-id>
<hrate-id>5</hrate-id>
<htype-id>26</htype-id>
<Comment>CR</Comment>
</TMP_TB_ANALYSIS_IN>
<TMP_TB_ANALYSIS_IN>
<id>91378</id>
<play-id>515553</play-id>
<aplayer-id>15922</aplayer-id>
<arate-id>4</arate-id>
<atype-id>26</atype-id>
<hplayer-id>6598</hplayer-id>
<hrate-id>6</hrate-id>
<htype-id>26</htype-id>
<Comment>I&gt;SP&gt;2L&gt;TFSG</Comment>
</TMP_TB_ANALYSIS_IN>
<TMP_TB_ANALYSIS_IN>
<id>91379</id>
<play-id>515554</play-id>
<aplayer-id>15918</aplayer-id>
<arate-id>7</arate-id>
<atype-id>26</atype-id>
<hplayer-id>6599</hplayer-id>
<hrate-id>3</hrate-id>
<htype-id>26</htype-id>
<Comment>O&gt;BTG</Comment>
</TMP_TB_ANALYSIS_IN>
<TMP_TB_ANALYSIS_IN>
<id>91380</id>
<play-id>515554</play-id>
<aplayer-id>15947</aplayer-id>
<arate-id>5</arate-id>
<atype-id>26</atype-id>
<hplayer-id>6609</hplayer-id>
<hrate-id>6</hrate-id>
<htype-id>26</htype-id>
<Comment>I</Comment>
</TMP_TB_ANALYSIS_IN>
<TMP_TB_ANALYSIS_IN>
<id>91381</id>
<play-id>515554</play-id>
<aplayer-id>15956</aplayer-id>
<arate-id>6</arate-id>
<atype-id>26</atype-id>
<hplayer-id>6591</hplayer-id>
<hrate-id>4</hrate-id>
<htype-id>26</htype-id>
<Comment>CR</Comment>
</TMP_TB_ANALYSIS_IN>
<TMP_TB_ANALYSIS_IN>
<id>91382</id>
<play-id>515554</play-id>
<aplayer-id>15961</aplayer-id>
<arate-id>4</arate-id>
<atype-id>26</atype-id>
<htype-id>26</htype-id>
<Comment>U&gt;TFSG&gt;TSo3</Comment>
</TMP_TB_ANALYSIS_IN>
<TMP_TB_ANALYSIS_IN>
<id>91383</id>
<play-id>515555</play-id>
<aplayer-id>15961</aplayer-id>
<arate-id>6</arate-id>
<atype-id>26</atype-id>
<hplayer-id>6599</hplayer-id>
<hrate-id>4</hrate-id>
<htype-id>26</htype-id>
<Comment>I</Comment>
</TMP_TB_ANALYSIS_IN>
<TMP_TB_ANALYSIS_IN>
<id>91384</id>
<play-id>515555</play-id>
<aplayer-id>15926</aplayer-id>
<arate-id>5</arate-id>
<atype-id>26</atype-id>
<hplayer-id>6598</hplayer-id>
<hrate-id>6</hrate-id>
<htype-id>26</htype-id>
<Comment>O&gt;PBL</Comment>
</TMP_TB_ANALYSIS_IN>
<TMP_TB_ANALYSIS_IN>
<id>91385</id>
<play-id>515556</play-id>
<aplayer-id>22503</aplayer-id>
<arate-id>7</arate-id>
<atype-id>26</atype-id>
<hplayer-id>6579</hplayer-id>
<hrate-id>3</hrate-id>
<htype-id>26</htype-id>
<Comment>9R&gt;TD</Comment>
</TMP_TB_ANALYSIS_IN>
<TMP_TB_ANALYSIS_IN>
<id>91386</id>
<play-id>515556</play-id>
<atype-id>26</atype-id>
<hplayer-id>6560</hplayer-id>
<hrate-id>3</hrate-id>
<htype-id>26</htype-id>
<Comment>9R&gt;TD</Comment>
</TMP_TB_ANALYSIS_IN>
<TMP_TB_ANALYSIS_IN>
<id>91387</id>
<play-id>515558</play-id>
<atype-id>26</atype-id>
<hplayer-id>6663</hplayer-id>
<hrate-id>4</hrate-id>
<htype-id>26</htype-id>
<Comment>GD&gt;TB</Comment>
</TMP_TB_ANALYSIS_IN>
<TMP_TB_ANALYSIS_IN>
<id>91388</id>
<play-id>515559</play-id>
<atype-id>26</atype-id>
<hplayer-id>6639</hplayer-id>
<hrate-id>4</hrate-id>
<htype-id>26</htype-id>
<Comment>U&gt;TFNG</Comment>
</TMP_TB_ANALYSIS_IN>
<TMP_TB_ANALYSIS_IN>
<id>91389</id>
<play-id>515559</play-id>
<aplayer-id>15901</aplayer-id>
<arate-id>4</arate-id>
<atype-id>26</atype-id>
<hplayer-id>28655</hplayer-id>
<hrate-id>6</hrate-id>
<htype-id>26</htype-id>
<Comment>I</Comment>
</TMP_TB_ANALYSIS_IN>
<TMP_TB_ANALYSIS_IN>
<id>91390</id>
<play-id>515560</play-id>
<aplayer-id>15902</aplayer-id>
<arate-id>5</arate-id>
<atype-id>26</atype-id>
<hplayer-id>6656</hplayer-id>
<hrate-id>5</hrate-id>
<htype-id>26</htype-id>
<Comment>I&gt;DT</Comment>
</TMP_TB_ANALYSIS_IN>
<TMP_TB_ANALYSIS_IN>
<id>91391</id>
<play-id>515560</play-id>
<aplayer-id>15878</aplayer-id>
<arate-id>5</arate-id>
<atype-id>26</atype-id>
<hplayer-id>28148</hplayer-id>
<hrate-id>6</hrate-id>
<htype-id>26</htype-id>
<Comment>BIL</Comment>
</TMP_TB_ANALYSIS_IN>
<TMP_TB_ANALYSIS_IN>
<id>91392</id>
<play-id>515560</play-id>
<atype-id>26</atype-id>
<hplayer-id>6641</hplayer-id>
<hrate-id>4</hrate-id>
<htype-id>26</htype-id>
<Comment>U&gt;TFSG</Comment>
</TMP_TB_ANALYSIS_IN>
<TMP_TB_ANALYSIS_IN>
<id>91393</id>
<play-id>515561</play-id>
<atype-id>26</atype-id>
<hplayer-id>6659</hplayer-id>
<hrate-id>5</hrate-id>
<htype-id>3</htype-id>
<Comment>U&gt;R.E.R&gt;BOR</Comment>
</TMP_TB_ANALYSIS_IN>
<TMP_TB_ANALYSIS_IN>
<id>91394</id>
<play-id>515561</play-id>
<aplayer-id>15877</aplayer-id>
<arate-id>4</arate-id>
<atype-id>26</atype-id>
<hplayer-id>6641</hplayer-id>
<hrate-id>6</hrate-id>
<htype-id>26</htype-id>
<Comment>H0&gt;GC&gt;OOP&gt;1D</Comment>
</TMP_TB_ANALYSIS_IN>
<TMP_TB_ANALYSIS_IN>
<id>91395</id>
<play-id>515562</play-id>
<aplayer-id>15900</aplayer-id>
<arate-id>7</arate-id>
<atype-id>26</atype-id>
<hplayer-id>6651</hplayer-id>
<hrate-id>3</hrate-id>
<htype-id>26</htype-id>
<Comment>O&gt;TFSG</Comment>
</TMP_TB_ANALYSIS_IN>
<TMP_TB_ANALYSIS_IN>
<id>91396</id>
<play-id>515562</play-id>
<aplayer-id>15896</aplayer-id>
<arate-id>6</arate-id>
<atype-id>26</atype-id>
<hplayer-id>6645</hplayer-id>
<hrate-id>4</hrate-id>
<htype-id>26</htype-id>
<Comment>U&gt;I&gt;TFSG</Comment>
</TMP_TB_ANALYSIS_IN>
<TMP_TB_ANALYSIS_IN>
<id>91397</id>
<play-id>515562</play-id>
<aplayer-id>15888</aplayer-id>
<arate-id>5</arate-id>
<atype-id>26</atype-id>
<hplayer-id>6655</hplayer-id>
<hrate-id>5</hrate-id>
<htype-id>26</htype-id>
<Comment>CR&gt;DT</Comment>
</TMP_TB_ANALYSIS_IN>
<TMP_TB_ANALYSIS_IN>
<id>91398</id>
<play-id>515562</play-id>
<aplayer-id>15888</aplayer-id>
<arate-id>6</arate-id>
<atype-id>26</atype-id>
<hplayer-id>6641</hplayer-id>
<hrate-id>5</hrate-id>
<htype-id>26</htype-id>
<Comment>CR&gt;2L</Comment>
</TMP_TB_ANALYSIS_IN>
<TMP_TB_ANALYSIS_IN>
<id>91399</id>
<play-id>515563</play-id>
<aplayer-id>15908</aplayer-id>
<arate-id>7</arate-id>
<atype-id>26</atype-id>
<hplayer-id>6641</hplayer-id>
<hrate-id>6</hrate-id>
<htype-id>8</htype-id>
<Comment>O&gt;MTFL</Comment>
</TMP_TB_ANALYSIS_IN>
<TMP_TB_ANALYSIS_IN>
<id>91400</id>
<play-id>515563</play-id>
<atype-id>26</atype-id>
<hplayer-id>6655</hplayer-id>
<hrate-id>4</hrate-id>
<htype-id>26</htype-id>
<Comment>CU&gt;TFL</Comment>
</TMP_TB_ANALYSIS_IN>
<TMP_TB_ANALYSIS_IN>
<id>91401</id>
<play-id>515563</play-id>
<aplayer-id>25036</aplayer-id>
<arate-id>5</arate-id>
<atype-id>18</atype-id>
<hplayer-id>6645</hplayer-id>
<hrate-id>5</hrate-id>
<htype-id>40</htype-id>
<Comment>D-PEN(OH)</Comment>
</TMP_TB_ANALYSIS_IN>
<TMP_TB_ANALYSIS_IN>
<id>91402</id>
<play-id>515563</play-id>
<aplayer-id>25036</aplayer-id>
<arate-id>7</arate-id>
<atype-id>26</atype-id>
<hplayer-id>6645</hplayer-id>
<hrate-id>5</hrate-id>
<htype-id>26</htype-id>
<Comment>D-PEN(OH)</Comment>
</TMP_TB_ANALYSIS_IN>
<TMP_TB_ANALYSIS_IN>
<id>91403</id>
<play-id>515564</play-id>
<aplayer-id>15888</aplayer-id>
<arate-id>7</arate-id>
<atype-id>26</atype-id>
<hplayer-id>6651</hplayer-id>
<hrate-id>4</hrate-id>
<htype-id>26</htype-id>
<Comment>CR</Comment>
</TMP_TB_ANALYSIS_IN>
<TMP_TB_ANALYSIS_IN>
<id>91404</id>
<play-id>515564</play-id>
<aplayer-id>15900</aplayer-id>
<arate-id>6</arate-id>
<atype-id>26</atype-id>
<hplayer-id>6639</hplayer-id>
<hrate-id>4</hrate-id>
<htype-id>26</htype-id>
<Comment>I&gt;TFL</Comment>
</TMP_TB_ANALYSIS_IN>
<TMP_TB_ANALYSIS_IN>
<id>91405</id>
<play-id>515564</play-id>
<aplayer-id>15896</aplayer-id>
<arate-id>7</arate-id>
<atype-id>26</atype-id>
<hplayer-id>28148</hplayer-id>
<hrate-id>4</hrate-id>
<htype-id>26</htype-id>
<Comment>I&gt;CU&gt;TFL</Comment>
</TMP_TB_ANALYSIS_IN>
<TMP_TB_ANALYSIS_IN>
<id>91406</id>
<play-id>515565</play-id>
<aplayer-id>15878</aplayer-id>
<arate-id>5</arate-id>
<atype-id>8</atype-id>
<htype-id>26</htype-id>
<Comment>PR&gt;MT&gt;T</Comment>
</TMP_TB_ANALYSIS_IN>
<TMP_TB_ANALYSIS_IN>
<id>91407</id>
<play-id>515565</play-id>
<aplayer-id>22089</aplayer-id>
<arate-id>7</arate-id>
<atype-id>8</atype-id>
<hplayer-id>6559</hplayer-id>
<hrate-id>4</hrate-id>
<htype-id>26</htype-id>
<Comment>PR&gt;GC&gt;MT44&gt;MT15&gt;MT39&gt;MT64</Comment>
</TMP_TB_ANALYSIS_IN>
<TMP_TB_ANALYSIS_IN>
<id>91408</id>
<play-id>515565</play-id>
<aplayer-id>15942</aplayer-id>
<arate-id>7</arate-id>
<atype-id>8</atype-id>
<htype-id>26</htype-id>
<Comment>PR&gt;MT</Comment>
</TMP_TB_ANALYSIS_IN>
<TMP_TB_ANALYSIS_IN>
<id>91409</id>
<play-id>515565</play-id>
<aplayer-id>15967</aplayer-id>
<arate-id>6</arate-id>
<atype-id>8</atype-id>
<htype-id>26</htype-id>
<Comment>PR&gt;MT</Comment>
</TMP_TB_ANALYSIS_IN>
<TMP_TB_ANALYSIS_IN>
<id>91410</id>
<play-id>515565</play-id>
<aplayer-id>15918</aplayer-id>
<arate-id>5</arate-id>
<atype-id>40</atype-id>
<hplayer-id>6595</hplayer-id>
<hrate-id>7</hrate-id>
<htype-id>11</htype-id>
<Comment>PEN(UNR)</Comment>
</TMP_TB_ANALYSIS_IN>
<TMP_TB_ANALYSIS_IN>
<id>91411</id>
<play-id>515566</play-id>
<aplayer-id>15918</aplayer-id>
<arate-id>4</arate-id>
<atype-id>26</atype-id>
<htype-id>26</htype-id>
<Comment>U&gt;TFL</Comment>
</TMP_TB_ANALYSIS_IN>
<TMP_TB_ANALYSIS_IN>
<id>91412</id>
<play-id>515566</play-id>
<aplayer-id>15957</aplayer-id>
<arate-id>6</arate-id>
<atype-id>26</atype-id>
<hplayer-id>6599</hplayer-id>
<hrate-id>4</hrate-id>
<htype-id>26</htype-id>
<Comment>I</Comment>
</TMP_TB_ANALYSIS_IN>
<TMP_TB_ANALYSIS_IN>
<id>91413</id>
<play-id>515566</play-id>
<aplayer-id>15951</aplayer-id>
<arate-id>4</arate-id>
<atype-id>26</atype-id>
<hplayer-id>6608</hplayer-id>
<hrate-id>6</hrate-id>
<htype-id>26</htype-id>
<Comment>SU at pOA</Comment>
</TMP_TB_ANALYSIS_IN>
<TMP_TB_ANALYSIS_IN>
<id>91414</id>
<play-id>515566</play-id>
<aplayer-id>15926</aplayer-id>
<arate-id>6</arate-id>
<atype-id>26</atype-id>
<hplayer-id>6609</hplayer-id>
<hrate-id>4</hrate-id>
<htype-id>26</htype-id>
<Comment>B&gt;2L</Comment>
</TMP_TB_ANALYSIS_IN>
<TMP_TB_ANALYSIS_IN>
<id>91415</id>
<play-id>515566</play-id>
<aplayer-id>15941</aplayer-id>
<arate-id>6</arate-id>
<atype-id>26</atype-id>
<hplayer-id>6587</hplayer-id>
<hrate-id>5</hrate-id>
<htype-id>26</htype-id>
<Comment>O&gt;OP upfield</Comment>
</TMP_TB_ANALYSIS_IN>
<TMP_TB_ANALYSIS_IN>
<id>91416</id>
<play-id>515567</play-id>
<aplayer-id>15951</aplayer-id>
<arate-id>5</arate-id>
<atype-id>26</atype-id>
<hplayer-id>6591</hplayer-id>
<hrate-id>5</hrate-id>
<htype-id>26</htype-id>
<Comment>CR&gt;ST from DRT&gt;FC</Comment>
</TMP_TB_ANALYSIS_IN>
<TMP_TB_ANALYSIS_IN>
<id>91417</id>
<play-id>515567</play-id>
<aplayer-id>15938</aplayer-id>
<arate-id>5</arate-id>
<atype-id>26</atype-id>
<hplayer-id>6587</hplayer-id>
<hrate-id>6</hrate-id>
<htype-id>26</htype-id>
<Comment>I&gt;T</Comment>
</TMP_TB_ANALYSIS_IN>
<TMP_TB_ANALYSIS_IN>
<id>91418</id>
<play-id>515567</play-id>
<atype-id>26</atype-id>
<hplayer-id>6572</hplayer-id>
<hrate-id>4</hrate-id>
<htype-id>26</htype-id>
<Comment>YDC</Comment>
</TMP_TB_ANALYSIS_IN>
<TMP_TB_ANALYSIS_IN>
<id>91419</id>
<play-id>515567</play-id>
<aplayer-id>15937</aplayer-id>
<arate-id>6</arate-id>
<atype-id>26</atype-id>
<hplayer-id>6599</hplayer-id>
<hrate-id>4</hrate-id>
<htype-id>26</htype-id>
<Comment>O&gt;2L</Comment>
</TMP_TB_ANALYSIS_IN>
<TMP_TB_ANALYSIS_IN>
<id>91420</id>
<play-id>515568</play-id>
<aplayer-id>15941</aplayer-id>
<arate-id>4</arate-id>
<atype-id>42</atype-id>
<hplayer-id>6602</hplayer-id>
<hrate-id>4</hrate-id>
<htype-id>42</htype-id>
<Comment>O</Comment>
</TMP_TB_ANALYSIS_IN>
<TMP_TB_ANALYSIS_IN>
<id>91421</id>
<play-id>515568</play-id>
<aplayer-id>22503</aplayer-id>
<arate-id>6</arate-id>
<atype-id>26</atype-id>
<hplayer-id>6560</hplayer-id>
<hrate-id>6</hrate-id>
<htype-id>26</htype-id>
<Comment>9R&gt;OT</Comment>
</TMP_TB_ANALYSIS_IN>
<TMP_TB_ANALYSIS_IN>
<id>91422</id>
<play-id>515569</play-id>
<aplayer-id>15957</aplayer-id>
<arate-id>6</arate-id>
<atype-id>26</atype-id>
<hplayer-id>6598</hplayer-id>
<hrate-id>4</hrate-id>
<htype-id>26</htype-id>
<Comment>I</Comment>
</TMP_TB_ANALYSIS_IN>
<TMP_TB_ANALYSIS_IN>
<id>91423</id>
<play-id>515569</play-id>
<aplayer-id>15918</aplayer-id>
<arate-id>6</arate-id>
<atype-id>26</atype-id>
<hplayer-id>6608</hplayer-id>
<hrate-id>4</hrate-id>
<htype-id>26</htype-id>
<Comment>BOR&gt;2L</Comment>
</TMP_TB_ANALYSIS_IN>
<TMP_TB_ANALYSIS_IN>
<id>91424</id>
<play-id>515569</play-id>
<aplayer-id>15926</aplayer-id>
<arate-id>6</arate-id>
<atype-id>26</atype-id>
<htype-id>26</htype-id>
<Comment>OOP</Comment>
</TMP_TB_ANALYSIS_IN>
<TMP_TB_ANALYSIS_IN>
<id>91425</id>
<play-id>515569</play-id>
<aplayer-id>22089</aplayer-id>
<arate-id>7</arate-id>
<atype-id>8</atype-id>
<hplayer-id>6572</hplayer-id>
<hrate-id>3</hrate-id>
<htype-id>26</htype-id>
<Comment>GC&gt;GB&gt;MT&gt;1D</Comment>
</TMP_TB_ANALYSIS_IN>
<TMP_TB_ANALYSIS_IN>
<id>91426</id>
<play-id>515570</play-id>
<atype-id>26</atype-id>
<hplayer-id>26202</hplayer-id>
<hrate-id>4</hrate-id>
<htype-id>26</htype-id>
<Comment>KR&gt;T</Comment>
</TMP_TB_ANALYSIS_IN>
<TMP_TB_ANALYSIS_IN>
<id>91428</id>
<play-id>515571</play-id>
<aplayer-id>15870</aplayer-id>
<arate-id>7</arate-id>
<atype-id>26</atype-id>
<hplayer-id>6615</hplayer-id>
<hrate-id>2</hrate-id>
<htype-id>1</htype-id>
<Comment>1R&gt;FT&gt;BP&gt;INT</Comment>
</TMP_TB_ANALYSIS_IN>
<TMP_TB_ANALYSIS_IN>
<id>91429</id>
<play-id>515572</play-id>
<aplayer-id>15941</aplayer-id>
<arate-id>4</arate-id>
<atype-id>26</atype-id>
<hplayer-id>6602</hplayer-id>
<hrate-id>6</hrate-id>
<htype-id>26</htype-id>
<Comment>SU at POA&gt;C</Comment>
</TMP_TB_ANALYSIS_IN>
<TMP_TB_ANALYSIS_IN>
<id>91430</id>
<play-id>515572</play-id>
<aplayer-id>15957</aplayer-id>
<arate-id>5</arate-id>
<atype-id>26</atype-id>
<hplayer-id>6591</hplayer-id>
<hrate-id>5</hrate-id>
<htype-id>26</htype-id>
<Comment>CR</Comment>
</TMP_TB_ANALYSIS_IN>
<TMP_TB_ANALYSIS_IN>
<id>91431</id>
<play-id>515572</play-id>
<aplayer-id>22089</aplayer-id>
<arate-id>7</arate-id>
<atype-id>8</atype-id>
<hplayer-id>6572</hplayer-id>
<hrate-id>4</hrate-id>
<htype-id>26</htype-id>
<Comment>GC&gt;YDC&gt;MT&gt;TD</Comment>
</TMP_TB_ANALYSIS_IN>
<TMP_TB_ANALYSIS_IN>
<id>91432</id>
<play-id>515572</play-id>
<aplayer-id>15937</aplayer-id>
<arate-id>6</arate-id>
<atype-id>26</atype-id>
<hplayer-id>6599</hplayer-id>
<hrate-id>4</hrate-id>
<htype-id>26</htype-id>
<Comment>I&gt;2L</Comment>
</TMP_TB_ANALYSIS_IN>
<TMP_TB_ANALYSIS_IN>
<id>91433</id>
<play-id>515574</play-id>
<atype-id>26</atype-id>
<hplayer-id>6636</hplayer-id>
<hrate-id>4</hrate-id>
<htype-id>26</htype-id>
<Comment>KR&gt;T</Comment>
</TMP_TB_ANALYSIS_IN>
<TMP_TB_ANALYSIS_IN>
<id>91434</id>
<play-id>515574</play-id>
<atype-id>26</atype-id>
<hrate-id>6</hrate-id>
<htype-id>8</htype-id>
<Comment>KR&gt;MT</Comment>
</TMP_TB_ANALYSIS_IN>
<TMP_TB_ANALYSIS_IN>
<id>91435</id>
<play-id>515575</play-id>
<aplayer-id>15877</aplayer-id>
<arate-id>4</arate-id>
<atype-id>26</atype-id>
<hplayer-id>6626</hplayer-id>
<hrate-id>7</hrate-id>
<htype-id>8</htype-id>
<Comment>SP&gt;MT</Comment>
</TMP_TB_ANALYSIS_IN>
<TMP_TB_ANALYSIS_IN>
<id>91436</id>
<play-id>515575</play-id>
<aplayer-id>15901</aplayer-id>
<arate-id>4</arate-id>
<atype-id>26</atype-id>
<hplayer-id>28148</hplayer-id>
<hrate-id>6</hrate-id>
<htype-id>26</htype-id>
<Comment>I&gt;PBL</Comment>
</TMP_TB_ANALYSIS_IN>
<TMP_TB_ANALYSIS_IN>
<id>91437</id>
<play-id>515575</play-id>
<aplayer-id>15878</aplayer-id>
<arate-id>4</arate-id>
<atype-id>26</atype-id>
<hplayer-id>6641</hplayer-id>
<hrate-id>6</hrate-id>
<htype-id>26</htype-id>
<Comment>BIL</Comment>
</TMP_TB_ANALYSIS_IN>
<TMP_TB_ANALYSIS_IN>
<id>91438</id>
<play-id>515575</play-id>
<aplayer-id>15902</aplayer-id>
<arate-id>4</arate-id>
<atype-id>26</atype-id>
<hplayer-id>6656</hplayer-id>
<hrate-id>5</hrate-id>
<htype-id>26</htype-id>
<Comment>I</Comment>
</TMP_TB_ANALYSIS_IN>
<TMP_TB_ANALYSIS_IN>
<id>91439</id>
<play-id>515575</play-id>
<aplayer-id>15896</aplayer-id>
<arate-id>6</arate-id>
<atype-id>26</atype-id>
<hplayer-id>6635</hplayer-id>
<hrate-id>5</hrate-id>
<htype-id>26</htype-id>
<Comment>O&gt;2L&gt;T</Comment>
</TMP_TB_ANALYSIS_IN>
<TMP_TB_ANALYSIS_IN>
<id>91441</id>
<play-id>515576</play-id>
<atype-id>26</atype-id>
<hplayer-id>6636</hplayer-id>
<hrate-id>4</hrate-id>
<htype-id>3</htype-id>
<Comment>U&gt;R.E.D</Comment>
</TMP_TB_ANALYSIS_IN>
<TMP_TB_ANALYSIS_IN>
<id>91442</id>
<play-id>515576</play-id>
<aplayer-id>15912</aplayer-id>
<arate-id>5</arate-id>
<atype-id>26</atype-id>
<hplayer-id>6635</hplayer-id>
<hrate-id>6</hrate-id>
<htype-id>26</htype-id>
<Comment>1R&gt;PA&gt;BR</Comment>
</TMP_TB_ANALYSIS_IN>
<TMP_TB_ANALYSIS_IN>
<id>91443</id>
<play-id>515577</play-id>
<aplayer-id>15877</aplayer-id>
<arate-id>5</arate-id>
<atype-id>26</atype-id>
<hplayer-id>6615</hplayer-id>
<hrate-id>4</hrate-id>
<htype-id>26</htype-id>
<Comment>H2&gt;TFL</Comment>
</TMP_TB_ANALYSIS_IN>
<TMP_TB_ANALYSIS_IN>
<id>91444</id>
<play-id>515577</play-id>
<aplayer-id>15896</aplayer-id>
<arate-id>6</arate-id>
<atype-id>2</atype-id>
<hplayer-id>28148</hplayer-id>
<hrate-id>4</hrate-id>
<htype-id>2</htype-id>
<Comment>U&gt;L.E.N&gt;O</Comment>
</TMP_TB_ANALYSIS_IN>
<TMP_TB_ANALYSIS_IN>
<id>91445</id>
<play-id>515577</play-id>
<aplayer-id>15901</aplayer-id>
<arate-id>6</arate-id>
<atype-id>3</atype-id>
<hplayer-id>6639</hplayer-id>
<hrate-id>4</hrate-id>
<htype-id>3</htype-id>
<Comment>O</Comment>
</TMP_TB_ANALYSIS_IN>
<TMP_TB_ANALYSIS_IN>
<id>91446</id>
<play-id>515577</play-id>
<aplayer-id>15900</aplayer-id>
<arate-id>7</arate-id>
<atype-id>3</atype-id>
<hplayer-id>6659</hplayer-id>
<hrate-id>3</hrate-id>
<htype-id>3</htype-id>
<Comment>O</Comment>
</TMP_TB_ANALYSIS_IN>
<TMP_TB_ANALYSIS_IN>
<id>91447</id>
<play-id>515578</play-id>
<aplayer-id>15967</aplayer-id>
<arate-id>8</arate-id>
<atype-id>41</atype-id>
<htype-id>26</htype-id>
<Comment>SL&gt;Punter can&apos;t haul it in&gt;Fu</Comment>
</TMP_TB_ANALYSIS_IN>
<TMP_TB_ANALYSIS_IN>
<id>91448</id>
<play-id>515578</play-id>
<aplayer-id>23739</aplayer-id>
<arate-id>5</arate-id>
<atype-id>5</atype-id>
<htype-id>26</htype-id>
<Comment>Low long snap</Comment>
</TMP_TB_ANALYSIS_IN>
<TMP_TB_ANALYSIS_IN>
<id>91449</id>
<play-id>515578</play-id>
<atype-id>26</atype-id>
<hplayer-id>6614</hplayer-id>
<hrate-id>4</hrate-id>
<htype-id>7</htype-id>
</TMP_TB_ANALYSIS_IN>
<TMP_TB_ANALYSIS_IN>
<id>91450</id>
<play-id>515579</play-id>
<aplayer-id>15951</aplayer-id>
<arate-id>7</arate-id>
<atype-id>26</atype-id>
<hplayer-id>6602</hplayer-id>
<hrate-id>4</hrate-id>
<htype-id>26</htype-id>
<Comment>I</Comment>
</TMP_TB_ANALYSIS_IN>
<TMP_TB_ANALYSIS_IN>
<id>91451</id>
<play-id>515579</play-id>
<aplayer-id>15926</aplayer-id>
<arate-id>6</arate-id>
<atype-id>26</atype-id>
<hplayer-id>6599</hplayer-id>
<hrate-id>4</hrate-id>
<htype-id>26</htype-id>
<Comment>O&gt;PBR</Comment>
</TMP_TB_ANALYSIS_IN>
<TMP_TB_ANALYSIS_IN>
<id>91452</id>
<play-id>515579</play-id>
<aplayer-id>15918</aplayer-id>
<arate-id>6</arate-id>
<atype-id>26</atype-id>
<hplayer-id>6609</hplayer-id>
<hrate-id>5</hrate-id>
<htype-id>26</htype-id>
<Comment>O&gt;2L</Comment>
</TMP_TB_ANALYSIS_IN>
<TMP_TB_ANALYSIS_IN>
<id>91453</id>
<play-id>515579</play-id>
<atype-id>26</atype-id>
<hplayer-id>6569</hplayer-id>
<hrate-id>4</hrate-id>
<htype-id>26</htype-id>
<Comment>YDC&gt;TD</Comment>
</TMP_TB_ANALYSIS_IN>
<TMP_TB_ANALYSIS_IN>
<id>91454</id>
<play-id>515581</play-id>
<atype-id>26</atype-id>
<hplayer-id>6665</hplayer-id>
<hrate-id>6</hrate-id>
<htype-id>26</htype-id>
<Comment>KO&gt;BD</Comment>
</TMP_TB_ANALYSIS_IN>
<TMP_TB_ANALYSIS_IN>
<id>91455</id>
<play-id>515581</play-id>
<atype-id>26</atype-id>
<hplayer-id>6644</hplayer-id>
<hrate-id>4</hrate-id>
<htype-id>26</htype-id>
<Comment>KR&gt;T</Comment>
</TMP_TB_ANALYSIS_IN>
<TMP_TB_ANALYSIS_IN>
<id>91456</id>
<play-id>515581</play-id>
<aplayer-id>15906</aplayer-id>
<arate-id>4</arate-id>
<atype-id>26</atype-id>
<htype-id>26</htype-id>
<Comment>KR&gt;GB</Comment>
</TMP_TB_ANALYSIS_IN>
<TMP_TB_ANALYSIS_IN>
<id>91457</id>
<play-id>515582</play-id>
<aplayer-id>15890</aplayer-id>
<arate-id>7</arate-id>
<atype-id>11</atype-id>
<htype-id>26</htype-id>
<Comment>PEN(FST)</Comment>
</TMP_TB_ANALYSIS_IN>
<TMP_TB_ANALYSIS_IN>
<id>91458</id>
<play-id>515583</play-id>
<aplayer-id>15901</aplayer-id>
<arate-id>7</arate-id>
<atype-id>26</atype-id>
<hplayer-id>6655</hplayer-id>
<hrate-id>4</hrate-id>
<htype-id>26</htype-id>
<Comment>SU at POA&gt;FC</Comment>
</TMP_TB_ANALYSIS_IN>
<TMP_TB_ANALYSIS_IN>
<id>91459</id>
<play-id>515583</play-id>
<aplayer-id>15890</aplayer-id>
<arate-id>4</arate-id>
<atype-id>26</atype-id>
<hplayer-id>6659</hplayer-id>
<hrate-id>6</hrate-id>
<htype-id>26</htype-id>
<Comment>I</Comment>
</TMP_TB_ANALYSIS_IN>
<TMP_TB_ANALYSIS_IN>
<id>91460</id>
<play-id>515583</play-id>
<aplayer-id>15878</aplayer-id>
<arate-id>6</arate-id>
<atype-id>26</atype-id>
<hplayer-id>6635</hplayer-id>
<hrate-id>4</hrate-id>
<htype-id>26</htype-id>
<Comment>SU at POA&gt;FC</Comment>
</TMP_TB_ANALYSIS_IN>
<TMP_TB_ANALYSIS_IN>
<id>91461</id>
<play-id>515583</play-id>
<aplayer-id>15877</aplayer-id>
<arate-id>4</arate-id>
<atype-id>26</atype-id>
<hplayer-id>6624</hplayer-id>
<hrate-id>7</hrate-id>
<htype-id>8</htype-id>
<Comment>GB&gt;MT&gt;1D</Comment>
</TMP_TB_ANALYSIS_IN>
<TMP_TB_ANALYSIS_IN>
<id>91462</id>
<play-id>515584</play-id>
<aplayer-id>15896</aplayer-id>
<arate-id>7</arate-id>
<atype-id>26</atype-id>
<hplayer-id>6645</hplayer-id>
<hrate-id>4</hrate-id>
<htype-id>26</htype-id>
<Comment>O</Comment>
</TMP_TB_ANALYSIS_IN>
<TMP_TB_ANALYSIS_IN>
<id>91463</id>
<play-id>515584</play-id>
<aplayer-id>15878</aplayer-id>
<arate-id>6</arate-id>
<atype-id>26</atype-id>
<hplayer-id>6636</hplayer-id>
<hrate-id>4</hrate-id>
<htype-id>26</htype-id>
<Comment>SU at POA&gt;BOL</Comment>
</TMP_TB_ANALYSIS_IN>
<TMP_TB_ANALYSIS_IN>
<id>91464</id>
<play-id>515584</play-id>
<atype-id>26</atype-id>
<hplayer-id>6617</hplayer-id>
<hrate-id>4</hrate-id>
<htype-id>26</htype-id>
<Comment>U&gt;TFSG</Comment>
</TMP_TB_ANALYSIS_IN>
<TMP_TB_ANALYSIS_IN>
<id>91465</id>
<play-id>515585</play-id>
<aplayer-id>15878</aplayer-id>
<arate-id>6</arate-id>
<atype-id>19</atype-id>
<hplayer-id>6636</hplayer-id>
<hrate-id>4</hrate-id>
<htype-id>26</htype-id>
<Comment>I&gt;TFNG</Comment>
</TMP_TB_ANALYSIS_IN>
<TMP_TB_ANALYSIS_IN>
<id>91466</id>
<play-id>515586</play-id>
<atype-id>26</atype-id>
<hplayer-id>6641</hplayer-id>
<hrate-id>5</hrate-id>
<htype-id>3</htype-id>
<Comment>U&gt;R.A.N</Comment>
</TMP_TB_ANALYSIS_IN>
<TMP_TB_ANALYSIS_IN>
<id>91470</id>
<play-id>515587</play-id>
<aplayer-id>15912</aplayer-id>
<arate-id>5</arate-id>
<atype-id>5</atype-id>
<htype-id>26</htype-id>
<Comment>Fake punt&gt;snap over runner&apos;s head</Comment>
</TMP_TB_ANALYSIS_IN>
<TMP_TB_ANALYSIS_IN>
<id>91471</id>
<play-id>515587</play-id>
<aplayer-id>15967</aplayer-id>
<arate-id>7</arate-id>
<atype-id>41</atype-id>
<htype-id>26</htype-id>
<Comment>SH</Comment>
</TMP_TB_ANALYSIS_IN>
<TMP_TB_ANALYSIS_IN>
<id>91472</id>
<play-id>515587</play-id>
<aplayer-id>15912</aplayer-id>
<arate-id>5</arate-id>
<atype-id>7</atype-id>
<htype-id>26</htype-id>
</TMP_TB_ANALYSIS_IN>
<TMP_TB_ANALYSIS_IN>
<id>91473</id>
<play-id>515588</play-id>
<aplayer-id>15938</aplayer-id>
<arate-id>6</arate-id>
<atype-id>26</atype-id>
<hplayer-id>6608</hplayer-id>
<hrate-id>3</hrate-id>
<htype-id>26</htype-id>
<Comment>XR&gt;GB&gt;MT39&gt;GC&gt;MT32&gt;1D</Comment>
</TMP_TB_ANALYSIS_IN>
<TMP_TB_ANALYSIS_IN>
<id>91474</id>
<play-id>515588</play-id>
<aplayer-id>22089</aplayer-id>
<arate-id>7</arate-id>
<atype-id>8</atype-id>
<hplayer-id>6608</hplayer-id>
<hrate-id>5</hrate-id>
<htype-id>26</htype-id>
<Comment>XR&gt;GB&gt;MT39&gt;GC&gt;MT32&gt;1D</Comment>
</TMP_TB_ANALYSIS_IN>
<TMP_TB_ANALYSIS_IN>
<id>91475</id>
<play-id>515588</play-id>
<aplayer-id>15934</aplayer-id>
<arate-id>6</arate-id>
<atype-id>26</atype-id>
<hplayer-id>6559</hplayer-id>
<hrate-id>4</hrate-id>
<htype-id>19</htype-id>
<Comment>O&gt;DF</Comment>
</TMP_TB_ANALYSIS_IN>
<TMP_TB_ANALYSIS_IN>
<id>91476</id>
<play-id>515588</play-id>
<aplayer-id>22503</aplayer-id>
<arate-id>7</arate-id>
<atype-id>8</atype-id>
<hplayer-id>6608</hplayer-id>
<hrate-id>5</hrate-id>
<htype-id>26</htype-id>
<Comment>XR&gt;GB&gt;MT39&gt;GC&gt;MT32&gt;1D</Comment>
</TMP_TB_ANALYSIS_IN>
<TMP_TB_ANALYSIS_IN>
<id>91477</id>
<play-id>515589</play-id>
<aplayer-id>15934</aplayer-id>
<arate-id>7</arate-id>
<atype-id>26</atype-id>
<hplayer-id>6560</hplayer-id>
<hrate-id>6</hrate-id>
<htype-id>26</htype-id>
<Comment>7R&gt;OT</Comment>
</TMP_TB_ANALYSIS_IN>
<TMP_TB_ANALYSIS_IN>
<id>91478</id>
<play-id>515590</play-id>
<atype-id>26</atype-id>
<hplayer-id>25633</hplayer-id>
<hrate-id>4</hrate-id>
<htype-id>26</htype-id>
<Comment>GC&gt;YDC</Comment>
</TMP_TB_ANALYSIS_IN>
<TMP_TB_ANALYSIS_IN>
<id>91479</id>
<play-id>515590</play-id>
<aplayer-id>15941</aplayer-id>
<arate-id>6</arate-id>
<atype-id>26</atype-id>
<hplayer-id>6602</hplayer-id>
<hrate-id>4</hrate-id>
<htype-id>26</htype-id>
<Comment>I</Comment>
</TMP_TB_ANALYSIS_IN>
<TMP_TB_ANALYSIS_IN>
<id>91480</id>
<play-id>515590</play-id>
<aplayer-id>15945</aplayer-id>
<arate-id>5</arate-id>
<atype-id>26</atype-id>
<hplayer-id>6609</hplayer-id>
<hrate-id>5</hrate-id>
<htype-id>26</htype-id>
<Comment>I&gt;FC</Comment>
</TMP_TB_ANALYSIS_IN>
<TMP_TB_ANALYSIS_IN>
<id>91481</id>
<play-id>515590</play-id>
<aplayer-id>15922</aplayer-id>
<arate-id>4</arate-id>
<atype-id>26</atype-id>
<hplayer-id>6608</hplayer-id>
<hrate-id>6</hrate-id>
<htype-id>26</htype-id>
<Comment>BOR</Comment>
</TMP_TB_ANALYSIS_IN>
<TMP_TB_ANALYSIS_IN>
<id>91482</id>
<play-id>515591</play-id>
<aplayer-id>15934</aplayer-id>
<arate-id>4</arate-id>
<atype-id>26</atype-id>
<htype-id>26</htype-id>
<Comment>U&gt;CU&gt;TFL&gt;Busted handoff</Comment>
</TMP_TB_ANALYSIS_IN>
<TMP_TB_ANALYSIS_IN>
<id>91483</id>
<play-id>515592</play-id>
<atype-id>26</atype-id>
<hplayer-id>6669</hplayer-id>
<hrate-id>5</hrate-id>
<htype-id>26</htype-id>
<Comment>19&gt;RHM&gt;M</Comment>
</TMP_TB_ANALYSIS_IN>
<TMP_TB_ANALYSIS_IN>
<id>91484</id>
<play-id>515593</play-id>
<atype-id>26</atype-id>
<hplayer-id>6628</hplayer-id>
<hrate-id>4</hrate-id>
<htype-id>26</htype-id>
<Comment>KR&gt;T</Comment>
</TMP_TB_ANALYSIS_IN>
<TMP_TB_ANALYSIS_IN>
<id>91485</id>
<play-id>515593</play-id>
<aplayer-id>15878</aplayer-id>
<arate-id>6</arate-id>
<atype-id>26</atype-id>
<hplayer-id>22845</hplayer-id>
<hrate-id>5</hrate-id>
<htype-id>8</htype-id>
<Comment>KIR&gt;MT</Comment>
</TMP_TB_ANALYSIS_IN>
<TMP_TB_ANALYSIS_IN>
<id>91486</id>
<play-id>515593</play-id>
<aplayer-id>15906</aplayer-id>
<arate-id>4</arate-id>
<atype-id>26</atype-id>
<hplayer-id>6564</hplayer-id>
<hrate-id>6</hrate-id>
<htype-id>8</htype-id>
<Comment>KR&gt;GB&gt;MT7&gt;GC&gt;MT</Comment>
</TMP_TB_ANALYSIS_IN>
<TMP_TB_ANALYSIS_IN>
<id>91487</id>
<play-id>515593</play-id>
<aplayer-id>15938</aplayer-id>
<arate-id>7</arate-id>
<atype-id>26</atype-id>
<hplayer-id>24043</hplayer-id>
<hrate-id>5</hrate-id>
<htype-id>26</htype-id>
<Comment>PEN(OH)</Comment>
</TMP_TB_ANALYSIS_IN>
<TMP_TB_ANALYSIS_IN>
<id>91488</id>
<play-id>515593</play-id>
<aplayer-id>15938</aplayer-id>
<arate-id>5</arate-id>
<atype-id>11</atype-id>
<hplayer-id>24043</hplayer-id>
<hrate-id>5</hrate-id>
<htype-id>40</htype-id>
<Comment>PEN(OH)</Comment>
</TMP_TB_ANALYSIS_IN>
<TMP_TB_ANALYSIS_IN>
<id>91489</id>
<play-id>515594</play-id>
<aplayer-id>15877</aplayer-id>
<arate-id>4</arate-id>
<atype-id>26</atype-id>
<hplayer-id>6615</hplayer-id>
<hrate-id>6</hrate-id>
<htype-id>26</htype-id>
<Comment>YDC&gt;1D</Comment>
</TMP_TB_ANALYSIS_IN>
<TMP_TB_ANALYSIS_IN>
<id>91490</id>
<play-id>515594</play-id>
<aplayer-id>15878</aplayer-id>
<arate-id>6</arate-id>
<atype-id>26</atype-id>
<hplayer-id>6617</hplayer-id>
<hrate-id>5</hrate-id>
<htype-id>26</htype-id>
<Comment>O</Comment>
</TMP_TB_ANALYSIS_IN>
<TMP_TB_ANALYSIS_IN>
<id>91491</id>
<play-id>515595</play-id>
<atype-id>26</atype-id>
<hplayer-id>6641</hplayer-id>
<hrate-id>4</hrate-id>
<htype-id>26</htype-id>
<Comment>U&gt;TFL</Comment>
</TMP_TB_ANALYSIS_IN>
<TMP_TB_ANALYSIS_IN>
<id>91492</id>
<play-id>515595</play-id>
<aplayer-id>15878</aplayer-id>
<arate-id>6</arate-id>
<atype-id>26</atype-id>
<hplayer-id>6649</hplayer-id>
<hrate-id>4</hrate-id>
<htype-id>26</htype-id>
<Comment>Su at POA&gt;Trap</Comment>
</TMP_TB_ANALYSIS_IN>
<TMP_TB_ANALYSIS_IN>
<id>91493</id>
<play-id>515596</play-id>
<aplayer-id>15900</aplayer-id>
<arate-id>4</arate-id>
<atype-id>26</atype-id>
<hplayer-id>6639</hplayer-id>
<hrate-id>5</hrate-id>
<htype-id>26</htype-id>
<Comment>I</Comment>
</TMP_TB_ANALYSIS_IN>
<TMP_TB_ANALYSIS_IN>
<id>91494</id>
<play-id>515596</play-id>
<atype-id>26</atype-id>
<hplayer-id>6658</hplayer-id>
<hrate-id>4</hrate-id>
<htype-id>26</htype-id>
<Comment>U&gt;TFSG</Comment>
</TMP_TB_ANALYSIS_IN>
<TMP_TB_ANALYSIS_IN>
<id>91495</id>
<play-id>515597</play-id>
<aplayer-id>15900</aplayer-id>
<arate-id>7</arate-id>
<atype-id>3</atype-id>
<hplayer-id>6659</hplayer-id>
<hrate-id>3</hrate-id>
<htype-id>3</htype-id>
<Comment>O</Comment>
</TMP_TB_ANALYSIS_IN>
<TMP_TB_ANALYSIS_IN>
<id>91496</id>
<play-id>515597</play-id>
<atype-id>26</atype-id>
<hplayer-id>6651</hplayer-id>
<hrate-id>5</hrate-id>
<htype-id>3</htype-id>
<Comment>U&gt;R.B.S&gt;ST from DRT</Comment>
</TMP_TB_ANALYSIS_IN>
<TMP_TB_ANALYSIS_IN>
<id>91497</id>
<play-id>515597</play-id>
<aplayer-id>15877</aplayer-id>
<arate-id>3</arate-id>
<atype-id>26</atype-id>
<hplayer-id>6641</hplayer-id>
<hrate-id>7</hrate-id>
<htype-id>8</htype-id>
<Comment>H7&gt;GB&gt;GB&gt;MT&gt;1D</Comment>
</TMP_TB_ANALYSIS_IN>
<TMP_TB_ANALYSIS_IN>
<id>91498</id>
<play-id>515598</play-id>
<aplayer-id>15901</aplayer-id>
<arate-id>7</arate-id>
<atype-id>26</atype-id>
<hplayer-id>6631</hplayer-id>
<hrate-id>5</hrate-id>
<htype-id>8</htype-id>
<Comment>I&gt;PBL&gt;MT</Comment>
</TMP_TB_ANALYSIS_IN>
<TMP_TB_ANALYSIS_IN>
<id>91499</id>
<play-id>515598</play-id>
<aplayer-id>15912</aplayer-id>
<arate-id>4</arate-id>
<atype-id>26</atype-id>
<hplayer-id>6645</hplayer-id>
<hrate-id>6</hrate-id>
<htype-id>26</htype-id>
<Comment>I</Comment>
</TMP_TB_ANALYSIS_IN>
<TMP_TB_ANALYSIS_IN>
<id>91500</id>
<play-id>515598</play-id>
<aplayer-id>15878</aplayer-id>
<arate-id>6</arate-id>
<atype-id>26</atype-id>
<hplayer-id>6635</hplayer-id>
<hrate-id>5</hrate-id>
<htype-id>26</htype-id>
<Comment>BIL&gt;PBL</Comment>
</TMP_TB_ANALYSIS_IN>
<TMP_TB_ANALYSIS_IN>
<id>91501</id>
<play-id>515599</play-id>
<aplayer-id>15869</aplayer-id>
<arate-id>4</arate-id>
<atype-id>26</atype-id>
<hplayer-id>6635</hplayer-id>
<hrate-id>6</hrate-id>
<htype-id>8</htype-id>
<Comment>H2&gt;GB&gt;MT</Comment>
</TMP_TB_ANALYSIS_IN>
<TMP_TB_ANALYSIS_IN>
<id>91502</id>
<play-id>515600</play-id>
<aplayer-id>28491</aplayer-id>
<arate-id>4</arate-id>
<atype-id>19</atype-id>
<hplayer-id>6618</hplayer-id>
<hrate-id>5</hrate-id>
<htype-id>26</htype-id>
<Comment>O</Comment>
</TMP_TB_ANALYSIS_IN>
<TMP_TB_ANALYSIS_IN>
<id>91503</id>
<play-id>515600</play-id>
<aplayer-id>15906</aplayer-id>
<arate-id>4</arate-id>
<atype-id>26</atype-id>
<htype-id>26</htype-id>
<Comment>0R&gt;GB&gt;1D</Comment>
</TMP_TB_ANALYSIS_IN>
<TMP_TB_ANALYSIS_IN>
<id>91504</id>
<play-id>515601</play-id>
<aplayer-id>15896</aplayer-id>
<arate-id>4</arate-id>
<atype-id>26</atype-id>
<hplayer-id>6655</hplayer-id>
<hrate-id>6</hrate-id>
<htype-id>26</htype-id>
<Comment>I</Comment>
</TMP_TB_ANALYSIS_IN>
<TMP_TB_ANALYSIS_IN>
<id>91505</id>
<play-id>515601</play-id>
<aplayer-id>15906</aplayer-id>
<arate-id>6</arate-id>
<atype-id>26</atype-id>
<hplayer-id>6641</hplayer-id>
<hrate-id>5</hrate-id>
<htype-id>26</htype-id>
<Comment>I&gt;2L</Comment>
</TMP_TB_ANALYSIS_IN>
<TMP_TB_ANALYSIS_IN>
<id>91506</id>
<play-id>515602</play-id>
<aplayer-id>15878</aplayer-id>
<arate-id>5</arate-id>
<atype-id>3</atype-id>
<hplayer-id>6645</hplayer-id>
<hrate-id>4</hrate-id>
<htype-id>3</htype-id>
<Comment>I&gt;QMT</Comment>
</TMP_TB_ANALYSIS_IN>
<TMP_TB_ANALYSIS_IN>
<id>91507</id>
<play-id>515602</play-id>
<aplayer-id>25036</aplayer-id>
<arate-id>5</arate-id>
<atype-id>37</atype-id>
<hplayer-id>6645</hplayer-id>
<hrate-id>5</hrate-id>
<htype-id>37</htype-id>
</TMP_TB_ANALYSIS_IN>
<TMP_TB_ANALYSIS_IN>
<id>91508</id>
<play-id>515602</play-id>
<atype-id>26</atype-id>
<hplayer-id>6655</hplayer-id>
<hrate-id>4</hrate-id>
<htype-id>4</htype-id>
<Comment>CU</Comment>
</TMP_TB_ANALYSIS_IN>
<TMP_TB_ANALYSIS_IN>
<id>91509</id>
<play-id>515603</play-id>
<atype-id>26</atype-id>
<hplayer-id>6651</hplayer-id>
<hrate-id>4</hrate-id>
<htype-id>2</htype-id>
<Comment>U&gt;L.A.D</Comment>
</TMP_TB_ANALYSIS_IN>
<TMP_TB_ANALYSIS_IN>
<id>91510</id>
<play-id>515604</play-id>
<aplayer-id>15966</aplayer-id>
<arate-id>4</arate-id>
<atype-id>26</atype-id>
<htype-id>26</htype-id>
<Comment>44&gt;LHM&gt;M</Comment>
</TMP_TB_ANALYSIS_IN>
<TMP_TB_ANALYSIS_IN>
<id>91511</id>
<play-id>515605</play-id>
<aplayer-id>15966</aplayer-id>
<arate-id>4</arate-id>
<atype-id>26</atype-id>
<htype-id>26</htype-id>
<Comment>GD&gt;TBZ</Comment>
</TMP_TB_ANALYSIS_IN>
<TMP_TB_ANALYSIS_IN>
<id>91512</id>
<play-id>515606</play-id>
<aplayer-id>15891</aplayer-id>
<arate-id>6</arate-id>
<atype-id>26</atype-id>
<hplayer-id>6591</hplayer-id>
<hrate-id>4</hrate-id>
<htype-id>26</htype-id>
<Comment>CL&gt;BTG</Comment>
</TMP_TB_ANALYSIS_IN>
<TMP_TB_ANALYSIS_IN>
<id>91513</id>
<play-id>515606</play-id>
<aplayer-id>15937</aplayer-id>
<arate-id>4</arate-id>
<atype-id>26</atype-id>
<hplayer-id>6598</hplayer-id>
<hrate-id>5</hrate-id>
<htype-id>26</htype-id>
<Comment>O&gt;2L&gt;T</Comment>
</TMP_TB_ANALYSIS_IN>
<TMP_TB_ANALYSIS_IN>
<id>91514</id>
<play-id>515607</play-id>
<aplayer-id>15923</aplayer-id>
<arate-id>6</arate-id>
<atype-id>26</atype-id>
<hplayer-id>6579</hplayer-id>
<hrate-id>4</hrate-id>
<htype-id>26</htype-id>
<Comment>I&gt;2L</Comment>
</TMP_TB_ANALYSIS_IN>
<TMP_TB_ANALYSIS_IN>
<id>91515</id>
<play-id>515607</play-id>
<aplayer-id>15945</aplayer-id>
<arate-id>6</arate-id>
<atype-id>26</atype-id>
<hplayer-id>6609</hplayer-id>
<hrate-id>4</hrate-id>
<htype-id>26</htype-id>
<Comment>I</Comment>
</TMP_TB_ANALYSIS_IN>
<TMP_TB_ANALYSIS_IN>
<id>91516</id>
<play-id>515607</play-id>
<atype-id>26</atype-id>
<hplayer-id>25633</hplayer-id>
<hrate-id>4</hrate-id>
<htype-id>26</htype-id>
<Comment>GB&gt;1D</Comment>
</TMP_TB_ANALYSIS_IN>
<TMP_TB_ANALYSIS_IN>
<id>91517</id>
<play-id>515608</play-id>
<aplayer-id>15945</aplayer-id>
<arate-id>4</arate-id>
<atype-id>26</atype-id>
<hplayer-id>6599</hplayer-id>
<hrate-id>6</hrate-id>
<htype-id>26</htype-id>
<Comment>SU at POA&gt;PBR&gt;O&gt;TFSG</Comment>
</TMP_TB_ANALYSIS_IN>
<TMP_TB_ANALYSIS_IN>
<id>91518</id>
<play-id>515608</play-id>
<aplayer-id>15937</aplayer-id>
<arate-id>6</arate-id>
<atype-id>26</atype-id>
<hplayer-id>6602</hplayer-id>
<hrate-id>4</hrate-id>
<htype-id>26</htype-id>
<Comment>I&gt;2L</Comment>
</TMP_TB_ANALYSIS_IN>
<TMP_TB_ANALYSIS_IN>
<id>91520</id>
<play-id>515610</play-id>
<aplayer-id>15891</aplayer-id>
<arate-id>5</arate-id>
<atype-id>26</atype-id>
<hplayer-id>6591</hplayer-id>
<hrate-id>5</hrate-id>
<htype-id>26</htype-id>
<Comment>CR&gt;DT</Comment>
</TMP_TB_ANALYSIS_IN>
<TMP_TB_ANALYSIS_IN>
<id>91521</id>
<play-id>515610</play-id>
<aplayer-id>15961</aplayer-id>
<arate-id>6</arate-id>
<atype-id>26</atype-id>
<hplayer-id>6587</hplayer-id>
<hrate-id>4</hrate-id>
<htype-id>26</htype-id>
<Comment>B&gt;I&gt;DT</Comment>
</TMP_TB_ANALYSIS_IN>
<TMP_TB_ANALYSIS_IN>
<id>91522</id>
<play-id>515610</play-id>
<aplayer-id>15961</aplayer-id>
<arate-id>5</arate-id>
<atype-id>26</atype-id>
<hplayer-id>6599</hplayer-id>
<hrate-id>4</hrate-id>
<htype-id>26</htype-id>
<Comment>B&gt;I&gt;DT</Comment>
</TMP_TB_ANALYSIS_IN>
<TMP_TB_ANALYSIS_IN>
<id>91523</id>
<play-id>515610</play-id>
<atype-id>26</atype-id>
<hplayer-id>25633</hplayer-id>
<hrate-id>4</hrate-id>
<htype-id>26</htype-id>
<Comment>GC&gt;YDC&gt;1D</Comment>
</TMP_TB_ANALYSIS_IN>
<TMP_TB_ANALYSIS_IN>
<id>91524</id>
<play-id>515611</play-id>
<aplayer-id>15923</aplayer-id>
<arate-id>4</arate-id>
<atype-id>26</atype-id>
<htype-id>26</htype-id>
<Comment>U&gt;TFSG</Comment>
</TMP_TB_ANALYSIS_IN>
<TMP_TB_ANALYSIS_IN>
<id>91525</id>
<play-id>515611</play-id>
<aplayer-id>15941</aplayer-id>
<arate-id>5</arate-id>
<atype-id>26</atype-id>
<hplayer-id>6609</hplayer-id>
<hrate-id>5</hrate-id>
<htype-id>26</htype-id>
<Comment>I&gt;DT</Comment>
</TMP_TB_ANALYSIS_IN>
<TMP_TB_ANALYSIS_IN>
<id>91526</id>
<play-id>515612</play-id>
<aplayer-id>15941</aplayer-id>
<arate-id>4</arate-id>
<atype-id>26</atype-id>
<hplayer-id>6606</hplayer-id>
<hrate-id>6</hrate-id>
<htype-id>26</htype-id>
<Comment>I&gt;TFSG</Comment>
</TMP_TB_ANALYSIS_IN>
<TMP_TB_ANALYSIS_IN>
<id>91527</id>
<play-id>515612</play-id>
<aplayer-id>22503</aplayer-id>
<arate-id>4</arate-id>
<atype-id>26</atype-id>
<hplayer-id>6587</hplayer-id>
<hrate-id>6</hrate-id>
<htype-id>26</htype-id>
<Comment>O&gt;PBL&gt;TFSG</Comment>
</TMP_TB_ANALYSIS_IN>
<TMP_TB_ANALYSIS_IN>
<id>91528</id>
<play-id>515612</play-id>
<aplayer-id>15918</aplayer-id>
<arate-id>6</arate-id>
<atype-id>26</atype-id>
<hplayer-id>6608</hplayer-id>
<hrate-id>4</hrate-id>
<htype-id>26</htype-id>
<Comment>I&gt;2L</Comment>
</TMP_TB_ANALYSIS_IN>
<TMP_TB_ANALYSIS_IN>
<id>91529</id>
<play-id>515613</play-id>
<aplayer-id>15923</aplayer-id>
<arate-id>6</arate-id>
<atype-id>26</atype-id>
<hplayer-id>6579</hplayer-id>
<hrate-id>4</hrate-id>
<htype-id>26</htype-id>
<Comment>XR&gt;1D</Comment>
</TMP_TB_ANALYSIS_IN>
<TMP_TB_ANALYSIS_IN>
<id>91530</id>
<play-id>515614</play-id>
<aplayer-id>15937</aplayer-id>
<arate-id>4</arate-id>
<atype-id>26</atype-id>
<hrate-id>7</hrate-id>
<htype-id>26</htype-id>
<Comment>U&gt;BOL</Comment>
</TMP_TB_ANALYSIS_IN>
<TMP_TB_ANALYSIS_IN>
<id>91531</id>
<play-id>515614</play-id>
<aplayer-id>15951</aplayer-id>
<arate-id>4</arate-id>
<atype-id>26</atype-id>
<hplayer-id>6591</hplayer-id>
<hrate-id>6</hrate-id>
<htype-id>26</htype-id>
<Comment>CL&gt;SQ</Comment>
</TMP_TB_ANALYSIS_IN>
<TMP_TB_ANALYSIS_IN>
<id>91532</id>
<play-id>515614</play-id>
<aplayer-id>15944</aplayer-id>
<arate-id>6</arate-id>
<atype-id>26</atype-id>
<hplayer-id>6609</hplayer-id>
<hrate-id>4</hrate-id>
<htype-id>26</htype-id>
<Comment>O</Comment>
</TMP_TB_ANALYSIS_IN>
<TMP_TB_ANALYSIS_IN>
<id>91533</id>
<play-id>515614</play-id>
<aplayer-id>15918</aplayer-id>
<arate-id>6</arate-id>
<atype-id>26</atype-id>
<hplayer-id>6599</hplayer-id>
<hrate-id>4</hrate-id>
<htype-id>26</htype-id>
<Comment>I&gt;2L</Comment>
</TMP_TB_ANALYSIS_IN>
<TMP_TB_ANALYSIS_IN>
<id>91534</id>
<play-id>515615</play-id>
<aplayer-id>15937</aplayer-id>
<arate-id>6</arate-id>
<atype-id>26</atype-id>
<hplayer-id>6598</hplayer-id>
<hrate-id>4</hrate-id>
<htype-id>26</htype-id>
<Comment>O&gt;NOP</Comment>
</TMP_TB_ANALYSIS_IN>
<TMP_TB_ANALYSIS_IN>
<id>91535</id>
<play-id>515615</play-id>
<aplayer-id>15953</aplayer-id>
<arate-id>7</arate-id>
<atype-id>26</atype-id>
<hplayer-id>25633</hplayer-id>
<hrate-id>4</hrate-id>
<htype-id>26</htype-id>
<Comment>GB&gt;MT&gt;NOP</Comment>
</TMP_TB_ANALYSIS_IN>
<TMP_TB_ANALYSIS_IN>
<id>91536</id>
<play-id>515615</play-id>
<aplayer-id>15891</aplayer-id>
<arate-id>5</arate-id>
<atype-id>26</atype-id>
<hplayer-id>6591</hplayer-id>
<hrate-id>7</hrate-id>
<htype-id>26</htype-id>
<Comment>CL&gt;PEN(OH)</Comment>
</TMP_TB_ANALYSIS_IN>
<TMP_TB_ANALYSIS_IN>
<id>91537</id>
<play-id>515615</play-id>
<aplayer-id>15891</aplayer-id>
<arate-id>5</arate-id>
<atype-id>40</atype-id>
<hplayer-id>6591</hplayer-id>
<hrate-id>5</hrate-id>
<htype-id>11</htype-id>
<Comment>PEN(OH)</Comment>
</TMP_TB_ANALYSIS_IN>
<TMP_TB_ANALYSIS_IN>
<id>91538</id>
<play-id>515616</play-id>
<aplayer-id>15937</aplayer-id>
<arate-id>7</arate-id>
<atype-id>26</atype-id>
<hplayer-id>6589</hplayer-id>
<hrate-id>3</hrate-id>
<htype-id>26</htype-id>
<Comment>B&gt;BTG</Comment>
</TMP_TB_ANALYSIS_IN>
<TMP_TB_ANALYSIS_IN>
<id>91539</id>
<play-id>515616</play-id>
<aplayer-id>15945</aplayer-id>
<arate-id>4</arate-id>
<atype-id>26</atype-id>
<hplayer-id>6599</hplayer-id>
<hrate-id>5</hrate-id>
<htype-id>26</htype-id>
<Comment>I&gt;PBR&gt;CU&gt;TFSG</Comment>
</TMP_TB_ANALYSIS_IN>
<TMP_TB_ANALYSIS_IN>
<id>91540</id>
<play-id>515616</play-id>
<aplayer-id>15891</aplayer-id>
<arate-id>4</arate-id>
<atype-id>26</atype-id>
<hplayer-id>6598</hplayer-id>
<hrate-id>5</hrate-id>
<htype-id>26</htype-id>
<Comment>O&gt;Picked&gt;TFSG</Comment>
</TMP_TB_ANALYSIS_IN>
<TMP_TB_ANALYSIS_IN>
<id>91541</id>
<play-id>515617</play-id>
<aplayer-id>15918</aplayer-id>
<arate-id>4</arate-id>
<atype-id>26</atype-id>
<hplayer-id>6598</hplayer-id>
<hrate-id>6</hrate-id>
<htype-id>19</htype-id>
<Comment>O&gt;TFL&gt;TSo3</Comment>
</TMP_TB_ANALYSIS_IN>
<TMP_TB_ANALYSIS_IN>
<id>91542</id>
<play-id>515618</play-id>
<atype-id>26</atype-id>
<hplayer-id>6635</hplayer-id>
<hrate-id>4</hrate-id>
<htype-id>7</htype-id>
</TMP_TB_ANALYSIS_IN>
<TMP_TB_ANALYSIS_IN>
<id>91543</id>
<play-id>515618</play-id>
<atype-id>26</atype-id>
<hplayer-id>6662</hplayer-id>
<htype-id>26</htype-id>
<Comment>C2&gt;BH</Comment>
</TMP_TB_ANALYSIS_IN>
<TMP_TB_ANALYSIS_IN>
<id>91544</id>
<play-id>515618</play-id>
<aplayer-id>15925</aplayer-id>
<arate-id>8</arate-id>
<atype-id>26</atype-id>
<htype-id>26</htype-id>
<Comment>PR&gt;Muffed</Comment>
</TMP_TB_ANALYSIS_IN>
<TMP_TB_ANALYSIS_IN>
<id>91545</id>
<play-id>515619</play-id>
<aplayer-id>15922</aplayer-id>
<arate-id>6</arate-id>
<atype-id>26</atype-id>
<hplayer-id>6598</hplayer-id>
<hrate-id>4</hrate-id>
<htype-id>26</htype-id>
<Comment>O&gt;2L</Comment>
</TMP_TB_ANALYSIS_IN>
<TMP_TB_ANALYSIS_IN>
<id>91546</id>
<play-id>515619</play-id>
<aplayer-id>15938</aplayer-id>
<arate-id>5</arate-id>
<atype-id>26</atype-id>
<hplayer-id>28774</hplayer-id>
<hrate-id>5</hrate-id>
<htype-id>26</htype-id>
<Comment>I</Comment>
</TMP_TB_ANALYSIS_IN>
<TMP_TB_ANALYSIS_IN>
<id>91547</id>
<play-id>515620</play-id>
<aplayer-id>15891</aplayer-id>
<arate-id>3</arate-id>
<atype-id>26</atype-id>
<hplayer-id>6591</hplayer-id>
<hrate-id>6</hrate-id>
<htype-id>26</htype-id>
<Comment>SU at POA&gt;CR&gt;TFSG</Comment>
</TMP_TB_ANALYSIS_IN>
<TMP_TB_ANALYSIS_IN>
<id>91548</id>
<play-id>515620</play-id>
<aplayer-id>15926</aplayer-id>
<arate-id>6</arate-id>
<atype-id>26</atype-id>
<hplayer-id>6599</hplayer-id>
<hrate-id>4</hrate-id>
<htype-id>26</htype-id>
<Comment>I&gt;2L</Comment>
</TMP_TB_ANALYSIS_IN>
<TMP_TB_ANALYSIS_IN>
<id>91549</id>
<play-id>515620</play-id>
<aplayer-id>15922</aplayer-id>
<arate-id>6</arate-id>
<atype-id>26</atype-id>
<hplayer-id>6598</hplayer-id>
<hrate-id>4</hrate-id>
<htype-id>26</htype-id>
<Comment>O&gt;2L</Comment>
</TMP_TB_ANALYSIS_IN>
<TMP_TB_ANALYSIS_IN>
<id>91550</id>
<play-id>515621</play-id>
<aplayer-id>15941</aplayer-id>
<arate-id>6</arate-id>
<atype-id>26</atype-id>
<hplayer-id>6587</hplayer-id>
<hrate-id>4</hrate-id>
<htype-id>26</htype-id>
<Comment>I</Comment>
</TMP_TB_ANALYSIS_IN>
<TMP_TB_ANALYSIS_IN>
<id>91551</id>
<play-id>515621</play-id>
<aplayer-id>15918</aplayer-id>
<arate-id>7</arate-id>
<atype-id>8</atype-id>
<hplayer-id>6591</hplayer-id>
<hrate-id>5</hrate-id>
<htype-id>26</htype-id>
<Comment>CL&gt;2L&gt;MT</Comment>
</TMP_TB_ANALYSIS_IN>
<TMP_TB_ANALYSIS_IN>
<id>91552</id>
<play-id>515621</play-id>
<aplayer-id>22503</aplayer-id>
<arate-id>6</arate-id>
<atype-id>8</atype-id>
<hplayer-id>25633</hplayer-id>
<hrate-id>4</hrate-id>
<htype-id>26</htype-id>
<Comment>GC&gt;MT10&gt;MT32&gt;YDC&gt;1D</Comment>
</TMP_TB_ANALYSIS_IN>
<TMP_TB_ANALYSIS_IN>
<id>91554</id>
<play-id>515622</play-id>
<atype-id>26</atype-id>
<hplayer-id>6599</hplayer-id>
<hrate-id>5</hrate-id>
<htype-id>11</htype-id>
<Comment>PEN(FST)&gt;MC with snap count</Comment>
</TMP_TB_ANALYSIS_IN>
<TMP_TB_ANALYSIS_IN>
<id>91555</id>
<play-id>515623</play-id>
<aplayer-id>15957</aplayer-id>
<arate-id>4</arate-id>
<atype-id>26</atype-id>
<htype-id>26</htype-id>
<Comment>U&gt;TFL</Comment>
</TMP_TB_ANALYSIS_IN>
<TMP_TB_ANALYSIS_IN>
<id>91556</id>
<play-id>515623</play-id>
<aplayer-id>15951</aplayer-id>
<arate-id>5</arate-id>
<atype-id>26</atype-id>
<hplayer-id>6591</hplayer-id>
<hrate-id>5</hrate-id>
<htype-id>26</htype-id>
<Comment>CL&gt;DT&gt;Keeps C from blocking CR</Comment>
</TMP_TB_ANALYSIS_IN>
<TMP_TB_ANALYSIS_IN>
<id>91557</id>
<play-id>515623</play-id>
<aplayer-id>15941</aplayer-id>
<arate-id>6</arate-id>
<atype-id>26</atype-id>
<hplayer-id>6602</hplayer-id>
<hrate-id>4</hrate-id>
<htype-id>26</htype-id>
<Comment>I</Comment>
</TMP_TB_ANALYSIS_IN>
<TMP_TB_ANALYSIS_IN>
<id>91558</id>
<play-id>515623</play-id>
<aplayer-id>15918</aplayer-id>
<arate-id>4</arate-id>
<atype-id>26</atype-id>
<hplayer-id>6608</hplayer-id>
<hrate-id>6</hrate-id>
<htype-id>26</htype-id>
<Comment>I&gt;SQ</Comment>
</TMP_TB_ANALYSIS_IN>
<TMP_TB_ANALYSIS_IN>
<id>91560</id>
<play-id>515624</play-id>
<aplayer-id>3589</aplayer-id>
<arate-id>4</arate-id>
<atype-id>42</atype-id>
<hplayer-id>6602</hplayer-id>
<hrate-id>6</hrate-id>
<htype-id>42</htype-id>
<Comment>O</Comment>
</TMP_TB_ANALYSIS_IN>
<TMP_TB_ANALYSIS_IN>
<id>91561</id>
<play-id>515624</play-id>
<aplayer-id>22089</aplayer-id>
<arate-id>6</arate-id>
<atype-id>26</atype-id>
<hplayer-id>6604</hplayer-id>
<hrate-id>6</hrate-id>
<htype-id>26</htype-id>
<Comment>XR&gt;IF</Comment>
</TMP_TB_ANALYSIS_IN>
<TMP_TB_ANALYSIS_IN>
<id>91562</id>
<play-id>515625</play-id>
<aplayer-id>3589</aplayer-id>
<arate-id>4</arate-id>
<atype-id>44</atype-id>
<hplayer-id>6604</hplayer-id>
<hrate-id>5</hrate-id>
<htype-id>26</htype-id>
<Comment>3R&gt;CC&gt;OT</Comment>
</TMP_TB_ANALYSIS_IN>
<TMP_TB_ANALYSIS_IN>
<id>91563</id>
<play-id>515626</play-id>
<atype-id>26</atype-id>
<hplayer-id>6669</hplayer-id>
<hrate-id>5</hrate-id>
<htype-id>26</htype-id>
<Comment>27&gt;LHM&gt;M</Comment>
</TMP_TB_ANALYSIS_IN>
<TMP_TB_ANALYSIS_IN>
<id>91564</id>
<play-id>515627</play-id>
<atype-id>26</atype-id>
<hplayer-id>6663</hplayer-id>
<hrate-id>6</hrate-id>
<htype-id>26</htype-id>
<Comment>KO&gt;BD</Comment>
</TMP_TB_ANALYSIS_IN>
<TMP_TB_ANALYSIS_IN>
<id>91565</id>
<play-id>515627</play-id>
<atype-id>26</atype-id>
<hplayer-id>6607</hplayer-id>
<hrate-id>4</hrate-id>
<htype-id>26</htype-id>
<Comment>KR&gt;T</Comment>
</TMP_TB_ANALYSIS_IN>
<TMP_TB_ANALYSIS_IN>
<id>91566</id>
<play-id>515627</play-id>
<atype-id>26</atype-id>
<hplayer-id>6631</hplayer-id>
<hrate-id>4</hrate-id>
<htype-id>26</htype-id>
<Comment>KR&gt;T</Comment>
</TMP_TB_ANALYSIS_IN>
<TMP_TB_ANALYSIS_IN>
<id>91567</id>
<play-id>515628</play-id>
<atype-id>26</atype-id>
<hplayer-id>6651</hplayer-id>
<hrate-id>5</hrate-id>
<htype-id>38</htype-id>
<Comment>LOC on RL</Comment>
</TMP_TB_ANALYSIS_IN>
<TMP_TB_ANALYSIS_IN>
<id>91568</id>
<play-id>515629</play-id>
<aplayer-id>15902</aplayer-id>
<arate-id>4</arate-id>
<atype-id>26</atype-id>
<hplayer-id>6649</hplayer-id>
<hrate-id>6</hrate-id>
<htype-id>26</htype-id>
<Comment>I</Comment>
</TMP_TB_ANALYSIS_IN>
<TMP_TB_ANALYSIS_IN>
<id>91569</id>
<play-id>515629</play-id>
<atype-id>26</atype-id>
<hplayer-id>26202</hplayer-id>
<hrate-id>4</hrate-id>
<htype-id>26</htype-id>
<Comment>U&gt;TFNG</Comment>
</TMP_TB_ANALYSIS_IN>
<TMP_TB_ANALYSIS_IN>
<id>91570</id>
<play-id>515629</play-id>
<aplayer-id>15896</aplayer-id>
<arate-id>7</arate-id>
<atype-id>26</atype-id>
<hplayer-id>6658</hplayer-id>
<hrate-id>3</hrate-id>
<htype-id>26</htype-id>
<Comment>O&gt;SQ&gt;TFNG</Comment>
</TMP_TB_ANALYSIS_IN>
<TMP_TB_ANALYSIS_IN>
<id>91571</id>
<play-id>515630</play-id>
<aplayer-id>15878</aplayer-id>
<arate-id>4</arate-id>
<atype-id>26</atype-id>
<hplayer-id>6628</hplayer-id>
<hrate-id>7</hrate-id>
<htype-id>8</htype-id>
<Comment>H2&gt;SP&gt;MT&gt;1D</Comment>
</TMP_TB_ANALYSIS_IN>
<TMP_TB_ANALYSIS_IN>
<id>91572</id>
<play-id>515631</play-id>
<atype-id>26</atype-id>
<hplayer-id>6651</hplayer-id>
<hrate-id>4</hrate-id>
<htype-id>26</htype-id>
<Comment>U&gt;TFSG</Comment>
</TMP_TB_ANALYSIS_IN>
<TMP_TB_ANALYSIS_IN>
<id>91573</id>
<play-id>515631</play-id>
<aplayer-id>15896</aplayer-id>
<arate-id>6</arate-id>
<atype-id>26</atype-id>
<hplayer-id>26202</hplayer-id>
<hrate-id>4</hrate-id>
<htype-id>26</htype-id>
<Comment>O&gt;T&gt;TFSG</Comment>
</TMP_TB_ANALYSIS_IN>
<TMP_TB_ANALYSIS_IN>
<id>91574</id>
<play-id>515632</play-id>
<aplayer-id>15892</aplayer-id>
<arate-id>5</arate-id>
<atype-id>26</atype-id>
<hplayer-id>6658</hplayer-id>
<hrate-id>4</hrate-id>
<htype-id>26</htype-id>
<Comment>O&gt;TFL</Comment>
</TMP_TB_ANALYSIS_IN>
<TMP_TB_ANALYSIS_IN>
<id>91575</id>
<play-id>515632</play-id>
<aplayer-id>15905</aplayer-id>
<arate-id>6</arate-id>
<atype-id>26</atype-id>
<hplayer-id>6640</hplayer-id>
<hrate-id>4</hrate-id>
<htype-id>26</htype-id>
<Comment>SU at LOS</Comment>
</TMP_TB_ANALYSIS_IN>
<TMP_TB_ANALYSIS_IN>
<id>91576</id>
<play-id>515632</play-id>
<aplayer-id>15903</aplayer-id>
<arate-id>6</arate-id>
<atype-id>26</atype-id>
<hplayer-id>6649</hplayer-id>
<hrate-id>4</hrate-id>
<htype-id>26</htype-id>
<Comment>SU at pOA</Comment>
</TMP_TB_ANALYSIS_IN>
<TMP_TB_ANALYSIS_IN>
<id>91577</id>
<play-id>515633</play-id>
<atype-id>26</atype-id>
<hplayer-id>6628</hplayer-id>
<hrate-id>5</hrate-id>
<htype-id>3</htype-id>
<Comment>U&gt;L.E.D</Comment>
</TMP_TB_ANALYSIS_IN>
<TMP_TB_ANALYSIS_IN>
<id>91578</id>
<play-id>515633</play-id>
<aplayer-id>23176</aplayer-id>
<arate-id>4</arate-id>
<atype-id>26</atype-id>
<hplayer-id>24043</hplayer-id>
<hrate-id>7</hrate-id>
<htype-id>8</htype-id>
<Comment>6R&gt;MT</Comment>
</TMP_TB_ANALYSIS_IN>
<TMP_TB_ANALYSIS_IN>
<id>91579</id>
<play-id>515633</play-id>
<aplayer-id>23176</aplayer-id>
<arate-id>5</arate-id>
<atype-id>26</atype-id>
<hplayer-id>26202</hplayer-id>
<hrate-id>4</hrate-id>
<htype-id>26</htype-id>
<Comment>6R&gt;TSo3</Comment>
</TMP_TB_ANALYSIS_IN>
<TMP_TB_ANALYSIS_IN>
<id>91580</id>
<play-id>515634</play-id>
<atype-id>26</atype-id>
<hplayer-id>6607</hplayer-id>
<hrate-id>6</hrate-id>
<htype-id>26</htype-id>
<Comment>PR&gt;FC with lots of room</Comment>
</TMP_TB_ANALYSIS_IN>
<TMP_TB_ANALYSIS_IN>
<id>91581</id>
<play-id>515635</play-id>
<aplayer-id>28286</aplayer-id>
<arate-id>6</arate-id>
<atype-id>26</atype-id>
<hplayer-id>6589</hplayer-id>
<hrate-id>4</hrate-id>
<htype-id>26</htype-id>
<Comment>I&gt;DT</Comment>
</TMP_TB_ANALYSIS_IN>
<TMP_TB_ANALYSIS_IN>
<id>91582</id>
<play-id>515635</play-id>
<aplayer-id>15947</aplayer-id>
<arate-id>4</arate-id>
<atype-id>26</atype-id>
<hplayer-id>6576</hplayer-id>
<hrate-id>7</hrate-id>
<htype-id>26</htype-id>
<Comment>SU at POA</Comment>
</TMP_TB_ANALYSIS_IN>
<TMP_TB_ANALYSIS_IN>
<id>91583</id>
<play-id>515635</play-id>
<aplayer-id>15942</aplayer-id>
<arate-id>4</arate-id>
<atype-id>26</atype-id>
<htype-id>26</htype-id>
<Comment>U&gt;TFSG</Comment>
</TMP_TB_ANALYSIS_IN>
<TMP_TB_ANALYSIS_IN>
<id>91584</id>
<play-id>515636</play-id>
<aplayer-id>26590</aplayer-id>
<arate-id>4</arate-id>
<atype-id>26</atype-id>
<htype-id>26</htype-id>
<Comment>U&gt;TFL</Comment>
</TMP_TB_ANALYSIS_IN>
<TMP_TB_ANALYSIS_IN>
<id>91585</id>
<play-id>515636</play-id>
<aplayer-id>15935</aplayer-id>
<arate-id>4</arate-id>
<atype-id>26</atype-id>
<hplayer-id>6589</hplayer-id>
<hrate-id>6</hrate-id>
<htype-id>26</htype-id>
<Comment>O&gt;TFL</Comment>
</TMP_TB_ANALYSIS_IN>
<TMP_TB_ANALYSIS_IN>
<id>91586</id>
<play-id>515636</play-id>
<aplayer-id>15956</aplayer-id>
<arate-id>5</arate-id>
<atype-id>26</atype-id>
<hplayer-id>28885</hplayer-id>
<hrate-id>5</hrate-id>
<htype-id>26</htype-id>
<Comment>I&gt;DT</Comment>
</TMP_TB_ANALYSIS_IN>
<TMP_TB_ANALYSIS_IN>
<id>91587</id>
<play-id>515637</play-id>
<aplayer-id>26590</aplayer-id>
<arate-id>3</arate-id>
<atype-id>26</atype-id>
<hplayer-id>6588</hplayer-id>
<hrate-id>7</hrate-id>
<htype-id>26</htype-id>
<Comment>I&gt;TFSG</Comment>
</TMP_TB_ANALYSIS_IN>
<TMP_TB_ANALYSIS_IN>
<id>91588</id>
<play-id>515637</play-id>
<aplayer-id>28286</aplayer-id>
<arate-id>6</arate-id>
<atype-id>26</atype-id>
<hplayer-id>6589</hplayer-id>
<hrate-id>4</hrate-id>
<htype-id>26</htype-id>
<Comment>I&gt;DT</Comment>
</TMP_TB_ANALYSIS_IN>
<TMP_TB_ANALYSIS_IN>
<id>91589</id>
<play-id>515637</play-id>
<aplayer-id>15947</aplayer-id>
<arate-id>4</arate-id>
<atype-id>26</atype-id>
<hplayer-id>6576</hplayer-id>
<hrate-id>6</hrate-id>
<htype-id>26</htype-id>
<Comment>SU at POA</Comment>
</TMP_TB_ANALYSIS_IN>
</dataroot>
