<?xml version="1.0" encoding="UTF-8"?>
<dataroot xmlns:od="urn:schemas-microsoft-com:officedata" generated="2015-09-12T23:30:02">
<LU_width>
<id>1</id>
<width>0</width>
<distance-from-center>-26.5</distance-from-center>
<side>L</side>
<display-order>1</display-order>
<Landmark>Left Sideline</Landmark>
</LU_width>
<LU_width>
<id>2</id>
<width>1</width>
<distance-from-center>-25.5</distance-from-center>
<side>L</side>
<display-order>2</display-order>
<Landmark>Left Sideline Hash</Landmark>
</LU_width>
<LU_width>
<id>3</id>
<width>2</width>
<distance-from-center>-24.5</distance-from-center>
<side>L</side>
<display-order>3</display-order>
</LU_width>
<LU_width>
<id>4</id>
<width>3</width>
<distance-from-center>-23.5</distance-from-center>
<side>L</side>
<display-order>4</display-order>
</LU_width>
<LU_width>
<id>5</id>
<width>4</width>
<distance-from-center>-22.5</distance-from-center>
<side>L</side>
<display-order>5</display-order>
<Landmark>Mid Point Left Sideline Hash to Left Numbers (NCAA)</Landmark>
</LU_width>
<LU_width>
<id>6</id>
<width>5</width>
<distance-from-center>-21.5</distance-from-center>
<side>L</side>
<display-order>6</display-order>
</LU_width>
<LU_width>
<id>7</id>
<width>6</width>
<distance-from-center>-20.5</distance-from-center>
<side>L</side>
<display-order>7</display-order>
<Landmark>Mid Point Left Sideline to Left Numbers (NFL)</Landmark>
</LU_width>
<LU_width>
<id>8</id>
<width>7</width>
<distance-from-center>-19.5</distance-from-center>
<side>L</side>
<display-order>8</display-order>
<Landmark>Bottom of Left Numbers (NCAA)</Landmark>
</LU_width>
<LU_width>
<id>9</id>
<width>8</width>
<distance-from-center>-18.5</distance-from-center>
<side>L</side>
<display-order>9</display-order>
</LU_width>
<LU_width>
<id>10</id>
<width>9</width>
<distance-from-center>-17.5</distance-from-center>
<side>L</side>
<display-order>10</display-order>
<Landmark>Top of Left Numbers (NCAA)</Landmark>
</LU_width>
<LU_width>
<id>11</id>
<width>10</width>
<distance-from-center>-16.5</distance-from-center>
<side>L</side>
<display-order>11</display-order>
</LU_width>
<LU_width>
<id>12</id>
<width>11</width>
<distance-from-center>-15.5</distance-from-center>
<side>L</side>
<display-order>12</display-order>
</LU_width>
<LU_width>
<id>13</id>
<width>12</width>
<distance-from-center>-14.5</distance-from-center>
<side>L</side>
<display-order>13</display-order>
<Landmark>Bottom of Left Numbers (NFL)</Landmark>
</LU_width>
<LU_width>
<id>14</id>
<width>13</width>
<distance-from-center>-13.5</distance-from-center>
<side>L</side>
<display-order>14</display-order>
</LU_width>
<LU_width>
<id>15</id>
<width>14</width>
<distance-from-center>-12.5</distance-from-center>
<side>L</side>
<display-order>15</display-order>
<Landmark>Top of Left Numbers (NFL)</Landmark>
</LU_width>
<LU_width>
<id>16</id>
<width>15</width>
<distance-from-center>-11.5</distance-from-center>
<side>L</side>
<display-order>16</display-order>
<Landmark>Mid Point Left Numbers to Left Hash (NCAA)</Landmark>
</LU_width>
<LU_width>
<id>17</id>
<width>16</width>
<distance-from-center>-10.5</distance-from-center>
<side>L</side>
<display-order>17</display-order>
</LU_width>
<LU_width>
<id>18</id>
<width>17</width>
<distance-from-center>-9.5</distance-from-center>
<side>L</side>
<display-order>18</display-order>
</LU_width>
<LU_width>
<id>19</id>
<width>18</width>
<distance-from-center>-8.5</distance-from-center>
<side>L</side>
<display-order>19</display-order>
</LU_width>
<LU_width>
<id>20</id>
<width>19</width>
<distance-from-center>-7.5</distance-from-center>
<side>L</side>
<display-order>20</display-order>
<Landmark>Mid Point Left Numbers to Left Hash (NFL)</Landmark>
</LU_width>
<LU_width>
<id>21</id>
<width>20</width>
<distance-from-center>-6.5</distance-from-center>
<side>L</side>
<display-order>21</display-order>
<Landmark>Inside of Left Hash (NCAA)</Landmark>
</LU_width>
<LU_width>
<id>22</id>
<width>21</width>
<distance-from-center>-5.5</distance-from-center>
<side>L</side>
<display-order>22</display-order>
</LU_width>
<LU_width>
<id>23</id>
<width>22</width>
<distance-from-center>-4.5</distance-from-center>
<side>L</side>
<display-order>23</display-order>
</LU_width>
<LU_width>
<id>24</id>
<width>23</width>
<distance-from-center>-3.5</distance-from-center>
<side>L</side>
<display-order>24</display-order>
</LU_width>
<LU_width>
<id>25</id>
<width>24</width>
<distance-from-center>-2.5</distance-from-center>
<side>L</side>
<display-order>25</display-order>
<Landmark>Inside of Left Hash (NFL)</Landmark>
</LU_width>
<LU_width>
<id>26</id>
<width>25</width>
<distance-from-center>-1.5</distance-from-center>
<side>L</side>
<display-order>26</display-order>
</LU_width>
<LU_width>
<id>27</id>
<width>26</width>
<distance-from-center>-0.5</distance-from-center>
<side>R</side>
<display-order>27</display-order>
<Landmark>Middle of Field</Landmark>
</LU_width>
<LU_width>
<id>28</id>
<width>27</width>
<distance-from-center>0.5</distance-from-center>
<side>R</side>
<display-order>28</display-order>
<Landmark>Middle of Field</Landmark>
</LU_width>
<LU_width>
<id>29</id>
<width>28</width>
<distance-from-center>1.5</distance-from-center>
<side>R</side>
<display-order>29</display-order>
</LU_width>
<LU_width>
<id>30</id>
<width>29</width>
<distance-from-center>2.5</distance-from-center>
<side>R</side>
<display-order>30</display-order>
<Landmark>Inside of Right Hash (NFL)</Landmark>
</LU_width>
<LU_width>
<id>31</id>
<width>30</width>
<distance-from-center>3.5</distance-from-center>
<side>R</side>
<display-order>31</display-order>
</LU_width>
<LU_width>
<id>32</id>
<width>31</width>
<distance-from-center>4.5</distance-from-center>
<side>R</side>
<display-order>32</display-order>
</LU_width>
<LU_width>
<id>33</id>
<width>32</width>
<distance-from-center>5.5</distance-from-center>
<side>R</side>
<display-order>33</display-order>
</LU_width>
<LU_width>
<id>34</id>
<width>33</width>
<distance-from-center>6.5</distance-from-center>
<side>R</side>
<display-order>34</display-order>
<Landmark>Inside of Right Hash (NCAA)</Landmark>
</LU_width>
<LU_width>
<id>35</id>
<width>34</width>
<distance-from-center>7.5</distance-from-center>
<side>R</side>
<display-order>35</display-order>
<Landmark>Mid Point Right Numbers to Right Hash (NFL)</Landmark>
</LU_width>
<LU_width>
<id>36</id>
<width>35</width>
<distance-from-center>8.5</distance-from-center>
<side>R</side>
<display-order>36</display-order>
</LU_width>
<LU_width>
<id>37</id>
<width>36</width>
<distance-from-center>9.5</distance-from-center>
<side>R</side>
<display-order>37</display-order>
</LU_width>
<LU_width>
<id>38</id>
<width>37</width>
<distance-from-center>10.5</distance-from-center>
<side>R</side>
<display-order>38</display-order>
</LU_width>
<LU_width>
<id>39</id>
<width>38</width>
<distance-from-center>11.5</distance-from-center>
<side>R</side>
<display-order>39</display-order>
<Landmark>Mid Point Right Numbers to Right Hash (NCAA)</Landmark>
</LU_width>
<LU_width>
<id>40</id>
<width>39</width>
<distance-from-center>12.5</distance-from-center>
<side>R</side>
<display-order>40</display-order>
<Landmark>Top of Right Numbers (NFL)</Landmark>
</LU_width>
<LU_width>
<id>41</id>
<width>40</width>
<distance-from-center>13.5</distance-from-center>
<side>R</side>
<display-order>41</display-order>
</LU_width>
<LU_width>
<id>42</id>
<width>41</width>
<distance-from-center>14.5</distance-from-center>
<side>R</side>
<display-order>42</display-order>
<Landmark>Bottom of Right Numbers (NFL)</Landmark>
</LU_width>
<LU_width>
<id>43</id>
<width>42</width>
<distance-from-center>15.5</distance-from-center>
<side>R</side>
<display-order>43</display-order>
</LU_width>
<LU_width>
<id>44</id>
<width>43</width>
<distance-from-center>16.5</distance-from-center>
<side>R</side>
<display-order>44</display-order>
</LU_width>
<LU_width>
<id>45</id>
<width>44</width>
<distance-from-center>17.5</distance-from-center>
<side>R</side>
<display-order>45</display-order>
<Landmark>Top of Right Numbers (NCAA)</Landmark>
</LU_width>
<LU_width>
<id>46</id>
<width>45</width>
<distance-from-center>18.5</distance-from-center>
<side>R</side>
<display-order>46</display-order>
</LU_width>
<LU_width>
<id>47</id>
<width>46</width>
<distance-from-center>19.5</distance-from-center>
<side>R</side>
<display-order>47</display-order>
<Landmark>Bottom of Right Numbers (NCAA)</Landmark>
</LU_width>
<LU_width>
<id>48</id>
<width>47</width>
<distance-from-center>20.5</distance-from-center>
<side>R</side>
<display-order>48</display-order>
<Landmark>Mid Point Right Sideline to Right Numbers (NFL)</Landmark>
</LU_width>
<LU_width>
<id>49</id>
<width>48</width>
<distance-from-center>21.5</distance-from-center>
<side>R</side>
<display-order>49</display-order>
</LU_width>
<LU_width>
<id>50</id>
<width>49</width>
<distance-from-center>22.5</distance-from-center>
<side>R</side>
<display-order>50</display-order>
<Landmark>Mid Point Right Sideline Hash to Right Numbers (NCAA)</Landmark>
</LU_width>
<LU_width>
<id>51</id>
<width>50</width>
<distance-from-center>23.5</distance-from-center>
<side>R</side>
<display-order>51</display-order>
</LU_width>
<LU_width>
<id>52</id>
<width>51</width>
<distance-from-center>24.5</distance-from-center>
<side>R</side>
<display-order>52</display-order>
</LU_width>
<LU_width>
<id>53</id>
<width>52</width>
<distance-from-center>25.5</distance-from-center>
<side>R</side>
<display-order>53</display-order>
<Landmark>Right Sideline Hash</Landmark>
</LU_width>
<LU_width>
<id>54</id>
<width>53</width>
<distance-from-center>26.5</distance-from-center>
<side>R</side>
<display-order>54</display-order>
<Landmark>Right Sideline</Landmark>
</LU_width>
</dataroot>
