<?xml version="1.0" encoding="UTF-8"?>
<dataroot xmlns:od="urn:schemas-microsoft-com:officedata" generated="2015-09-12T23:30:04">
<TB_colleges>
<id>16</id>
<name>Austin, TX</name>
</TB_colleges>
<TB_colleges>
<id>18</id>
<name>Carrollton, TX</name>
</TB_colleges>
<TB_colleges>
<id>19</id>
<name>Dallas, TX</name>
</TB_colleges>
<TB_colleges>
<id>21</id>
<name>Fort Worth, TX</name>
</TB_colleges>
<TB_colleges>
<id>24</id>
<name>Houston, TX</name>
</TB_colleges>
<TB_colleges>
<id>26</id>
<name>Killeen, TX</name>
</TB_colleges>
<TB_colleges>
<id>28</id>
<name>McKinney, TX</name>
</TB_colleges>
<TB_colleges>
<id>30</id>
<name>Allen, TX</name>
</TB_colleges>
<TB_colleges>
<id>33</id>
<name>Lewisville, TX</name>
</TB_colleges>
<TB_colleges>
<id>44</id>
<name>Arlington, TX</name>
</TB_colleges>
<TB_colleges>
<id>55</id>
<name>Katy, TX</name>
</TB_colleges>
<TB_colleges>
<id>66</id>
<name>Colleyville, TX</name>
</TB_colleges>
<TB_colleges>
<id>69</id>
<name>Waco, TX</name>
</TB_colleges>
<TB_colleges>
<id>72</id>
<name>College Station, TX</name>
</TB_colleges>
<TB_colleges>
<id>75</id>
<name>Garland, TX</name>
</TB_colleges>
<TB_colleges>
<id>88</id>
<name>Atlanta, GA</name>
</TB_colleges>
<TB_colleges>
<id>89</id>
<name>Lawrenceville, GA</name>
</TB_colleges>
<TB_colleges>
<id>95</id>
<name>Cedar Hill, TX</name>
</TB_colleges>
<TB_colleges>
<id>411</id>
<name>Fresno, CA</name>
</TB_colleges>
<TB_colleges>
<id>419</id>
<name>La Mirada, CA</name>
</TB_colleges>
<TB_colleges>
<id>450</id>
<name>Bentonville, AR</name>
</TB_colleges>
<TB_colleges>
<id>471</id>
<name>Little Rock, AR</name>
</TB_colleges>
<TB_colleges>
<id>472</id>
<name>Louisville, KY</name>
</TB_colleges>
<TB_colleges>
<id>474</id>
<name>Marrero, LA</name>
</TB_colleges>
<TB_colleges>
<id>476</id>
<name>McGregor, TX</name>
</TB_colleges>
<TB_colleges>
<id>489</id>
<name>The Woodlands, TX</name>
</TB_colleges>
<TB_colleges>
<id>493</id>
<name>Wichita, KS</name>
</TB_colleges>
<TB_colleges>
<id>513</id>
<name>Blytheville, AR</name>
</TB_colleges>
<TB_colleges>
<id>520</id>
<name>West Memphis, AR</name>
</TB_colleges>
<TB_colleges>
<id>542</id>
<name>Byhalia, MS</name>
</TB_colleges>
<TB_colleges>
<id>544</id>
<name>Powder Springs, GA</name>
</TB_colleges>
<TB_colleges>
<id>545</id>
<name>Germantown, TN</name>
</TB_colleges>
<TB_colleges>
<id>569</id>
<name>Olive Branch, MS</name>
</TB_colleges>
<TB_colleges>
<id>592</id>
<name>Fayetteville, GA</name>
</TB_colleges>
<TB_colleges>
<id>101</id>
<name>Las Vegas, NV</name>
</TB_colleges>
<TB_colleges>
<id>102</id>
<name>Carlsbad, CA</name>
</TB_colleges>
<TB_colleges>
<id>103</id>
<name>Fontana, CA</name>
</TB_colleges>
<TB_colleges>
<id>112</id>
<name>Marietta, GA</name>
</TB_colleges>
<TB_colleges>
<id>113</id>
<name>Grand Prairie, TX</name>
</TB_colleges>
<TB_colleges>
<id>123</id>
<name>Louisburg, KS</name>
</TB_colleges>
<TB_colleges>
<id>129</id>
<name>Roswell, GA</name>
</TB_colleges>
<TB_colleges>
<id>132</id>
<name>Highlands Ranch, CO</name>
</TB_colleges>
<TB_colleges>
<id>136</id>
<name>Edmond, OK</name>
</TB_colleges>
<TB_colleges>
<id>156</id>
<name>Chicago, IL</name>
</TB_colleges>
<TB_colleges>
<id>172</id>
<name>Miami, FL</name>
</TB_colleges>
<TB_colleges>
<id>199</id>
<name>Fort Lauderdale, FL</name>
</TB_colleges>
<TB_colleges>
<id>211</id>
<name>Naples, FL</name>
</TB_colleges>
<TB_colleges>
<id>214</id>
<name>Washington, DC</name>
</TB_colleges>
<TB_colleges>
<id>215</id>
<name>St. Louis, MO</name>
</TB_colleges>
<TB_colleges>
<id>228</id>
<name>Montgomery, AL</name>
</TB_colleges>
<TB_colleges>
<id>229</id>
<name>Memphis, TN</name>
</TB_colleges>
<TB_colleges>
<id>230</id>
<name>Auburn, AL</name>
</TB_colleges>
<TB_colleges>
<id>241</id>
<name>New Orleans, LA</name>
</TB_colleges>
<TB_colleges>
<id>244</id>
<name>Oklahoma City, OK</name>
</TB_colleges>
<TB_colleges>
<id>248</id>
<name>Kansas City, MO</name>
</TB_colleges>
<TB_colleges>
<id>263</id>
<name>Boca Raton, FL</name>
</TB_colleges>
<TB_colleges>
<id>267</id>
<name>Starkville, MS</name>
</TB_colleges>
<TB_colleges>
<id>271</id>
<name>Beaumont, TX</name>
</TB_colleges>
<TB_colleges>
<id>273</id>
<name>Baltimore, MD</name>
</TB_colleges>
<TB_colleges>
<id>312</id>
<name>Orlando, FL</name>
</TB_colleges>
<TB_colleges>
<id>384</id>
<name>Tampa, FL</name>
</TB_colleges>
<TB_colleges>
<id>639</id>
<name>Wildwood, MO</name>
</TB_colleges>
<TB_colleges>
<id>696</id>
<name>Deer Park, TX</name>
</TB_colleges>
<TB_colleges>
<id>707</id>
<name>Harvey, LA</name>
</TB_colleges>
<TB_colleges>
<id>736</id>
<name>Opelika, AL</name>
</TB_colleges>
<TB_colleges>
<id>744</id>
<name>Stone Mountain, GA</name>
</TB_colleges>
<TB_colleges>
<id>753</id>
<name>Newnan, GA</name>
</TB_colleges>
<TB_colleges>
<id>766</id>
<name>Brentwood, TN</name>
</TB_colleges>
<TB_colleges>
<id>769</id>
<name>Olathe, KS</name>
</TB_colleges>
<TB_colleges>
<id>778</id>
<name>East St. Louis, IL</name>
</TB_colleges>
<TB_colleges>
<id>792</id>
<name>Cordova, TN</name>
</TB_colleges>
<TB_colleges>
<id>800</id>
<name>Millington, TN</name>
</TB_colleges>
<TB_colleges>
<id>801</id>
<name>Murfreesboro, TN</name>
</TB_colleges>
<TB_colleges>
<id>863</id>
<name>Cape Coral, FL</name>
</TB_colleges>
<TB_colleges>
<id>870</id>
<name>Davie, FL</name>
</TB_colleges>
<TB_colleges>
<id>949</id>
<name>Round Rock, TX</name>
</TB_colleges>
<TB_colleges>
<id>960</id>
<name>Sherman, TX</name>
</TB_colleges>
<TB_colleges>
<id>962</id>
<name>Nacogdoches, TX</name>
</TB_colleges>
<TB_colleges>
<id>983</id>
<name>Worcester, MA</name>
</TB_colleges>
<TB_colleges>
<id>1048</id>
<name>St. Augustine, FL</name>
</TB_colleges>
<TB_colleges>
<id>1096</id>
<name>Ann Arbor, MI</name>
</TB_colleges>
<TB_colleges>
<id>1234</id>
<name>Topeka, KS</name>
</TB_colleges>
<TB_colleges>
<id>1251</id>
<name>Grenada, MS</name>
</TB_colleges>
<TB_colleges>
<id>1253</id>
<name>Martinez, CA</name>
</TB_colleges>
<TB_colleges>
<id>1264</id>
<name>Missouri City, TX</name>
</TB_colleges>
<TB_colleges>
<id>1386</id>
<name>Lake Charles, LA</name>
</TB_colleges>
<TB_colleges>
<id>1387</id>
<name>Bartlett, TN</name>
</TB_colleges>
<TB_colleges>
<id>1388</id>
<name>Bryant, AR</name>
</TB_colleges>
<TB_colleges>
<id>1394</id>
<name>Lee&apos;s Summit, MO</name>
</TB_colleges>
<TB_colleges>
<id>1401</id>
<name>Little Elm, TX</name>
</TB_colleges>
<TB_colleges>
<id>1435</id>
<name>Bloomfield Hills, MI</name>
</TB_colleges>
<TB_colleges>
<id>1458</id>
<name>Orland Park, IL</name>
</TB_colleges>
<TB_colleges>
<id>1483</id>
<name>Central, SC</name>
</TB_colleges>
<TB_colleges>
<id>1543</id>
<name>Plantation, FL</name>
</TB_colleges>
<TB_colleges>
<id>1608</id>
<name>Melbourne, FL</name>
</TB_colleges>
<TB_colleges>
<id>1730</id>
<name>Sylmar, CA</name>
</TB_colleges>
<TB_colleges>
<id>1757</id>
<name>Coral Springs, FL</name>
</TB_colleges>
<TB_colleges>
<id>1758</id>
<name>Blue Springs, MO</name>
</TB_colleges>
<TB_colleges>
<id>1801</id>
<name>Alexandria, VA</name>
</TB_colleges>
<TB_colleges>
<id>1844</id>
<name>Toronto, Ontario, Canada</name>
</TB_colleges>
<TB_colleges>
<id>1853</id>
<name>Vero Beach, FL</name>
</TB_colleges>
<TB_colleges>
<id>4113</id>
<name>Shawnee, KS</name>
</TB_colleges>
<TB_colleges>
<id>4341</id>
<name>Huffman, TX</name>
</TB_colleges>
<TB_colleges>
<id>1919</id>
<name>Uniondale, NY</name>
</TB_colleges>
<TB_colleges>
<id>1925</id>
<name>Piscataway, NJ</name>
</TB_colleges>
<TB_colleges>
<id>1939</id>
<name>Bowie, MD</name>
</TB_colleges>
<TB_colleges>
<id>1993</id>
<name>Mississauga, Ontario, Canada</name>
</TB_colleges>
<TB_colleges>
<id>2144</id>
<name>Renton, WA</name>
</TB_colleges>
<TB_colleges>
<id>2404</id>
<name>Columbia, MO</name>
</TB_colleges>
<TB_colleges>
<id>2481</id>
<name>League City, TX</name>
</TB_colleges>
<TB_colleges>
<id>2497</id>
<name>Lufkin, TX</name>
</TB_colleges>
<TB_colleges>
<id>2550</id>
<name>Eureka, MO</name>
</TB_colleges>
<TB_colleges>
<id>2553</id>
<name>Overland Park, KS</name>
</TB_colleges>
<TB_colleges>
<id>2597</id>
<name>Western Springs, IL</name>
</TB_colleges>
<TB_colleges>
<id>2749</id>
<name>Lawrence, KS</name>
</TB_colleges>
<TB_colleges>
<id>2751</id>
<name>Osborne, KS</name>
</TB_colleges>
<TB_colleges>
<id>2752</id>
<name>Spring Hill, KS</name>
</TB_colleges>
<TB_colleges>
<id>2756</id>
<name>Mill Creek, WA</name>
</TB_colleges>
<TB_colleges>
<id>2758</id>
<name>Centralia, KS</name>
</TB_colleges>
<TB_colleges>
<id>2761</id>
<name>Palos Park, IL</name>
</TB_colleges>
<TB_colleges>
<id>2762</id>
<name>Manchester, MO</name>
</TB_colleges>
<TB_colleges>
<id>2764</id>
<name>Creve Coeur, MO</name>
</TB_colleges>
<TB_colleges>
<id>2765</id>
<name>Villa Park, IL</name>
</TB_colleges>
<TB_colleges>
<id>2768</id>
<name>Prairie Village, KS</name>
</TB_colleges>
<TB_colleges>
<id>2769</id>
<name>Basehor, KS</name>
</TB_colleges>
<TB_colleges>
<id>3056</id>
<name>Lakeland, TN</name>
</TB_colleges>
<TB_colleges>
<id>3057</id>
<name>Deltona, FL</name>
</TB_colleges>
<TB_colleges>
<id>3060</id>
<name>Ringling, OK</name>
</TB_colleges>
<TB_colleges>
<id>3061</id>
<name>Melbourne, Victoria, Australia</name>
</TB_colleges>
<TB_colleges>
<id>3062</id>
<name>Amite, LA</name>
</TB_colleges>
<TB_colleges>
<id>3063</id>
<name>Ardsley, NY</name>
</TB_colleges>
<TB_colleges>
<id>3064</id>
<name>Great Bend, KS</name>
</TB_colleges>
<TB_colleges>
<id>3066</id>
<name>Lindale, TX</name>
</TB_colleges>
<TB_colleges>
<id>3067</id>
<name>Atco, NJ</name>
</TB_colleges>
<TB_colleges>
<id>3068</id>
<name>Commerce, TX</name>
</TB_colleges>
<TB_colleges>
<id>3124</id>
<name>Horn Lake, MS</name>
</TB_colleges>
<TB_colleges>
<id>3195</id>
<name>Tunica, MS</name>
</TB_colleges>
<TB_colleges>
<id>3205</id>
<name>Collierville, TN</name>
</TB_colleges>
<TB_colleges>
<id>3206</id>
<name>Adamsville, TN</name>
</TB_colleges>
<TB_colleges>
<id>3231</id>
<name>Stilwell, KS</name>
</TB_colleges>
<TB_colleges>
<id>3345</id>
<name>Sun Prairie, WI</name>
</TB_colleges>
<TB_colleges>
<id>3419</id>
<name>Chanute, KS</name>
</TB_colleges>
<TB_colleges>
<id>3616</id>
<name>Pinson, AL</name>
</TB_colleges>
<TB_colleges>
<id>3639</id>
<name>Mequon, WI</name>
</TB_colleges>
<TB_colleges>
<id>4523</id>
<name>Fayette, AL</name>
</TB_colleges>
<TB_colleges>
<id>4575</id>
<name>Kingfisher, OK</name>
</TB_colleges>
<TB_colleges>
<id>4947</id>
<name>Attleboro, MA</name>
</TB_colleges>
<TB_colleges>
<id>5546</id>
<name>Arkadelphia, TN</name>
</TB_colleges>
<TB_colleges>
<id>5547</id>
<name>Arlington, TN</name>
</TB_colleges>
<TB_colleges>
<id>5554</id>
<name>Atmore, AL</name>
</TB_colleges>
<TB_colleges>
<id>5722</id>
<name>Flushing, NY</name>
</TB_colleges>
<TB_colleges>
<id>5775</id>
<name>Haslet, TX</name>
</TB_colleges>
<TB_colleges>
<id>5788</id>
<name>Hesston, KS</name>
</TB_colleges>
<TB_colleges>
<id>5915</id>
<name>Midland City, AL</name>
</TB_colleges>
<TB_colleges>
<id>5947</id>
<name>Munford, TN</name>
</TB_colleges>
<TB_colleges>
<id>6299</id>
<name>Stillwell, KS</name>
</TB_colleges>
<TB_colleges>
<id>6300</id>
<name>DeForest, WI</name>
</TB_colleges>
</dataroot>
