<?xml version="1.0" encoding="UTF-8"?>
<dataroot xmlns:od="urn:schemas-microsoft-com:officedata" generated="2015-09-12T23:30:07">
<TB_teams>
<id>198</id>
<order>99</order>
<city>Kansas</city>
<nickname>Jayhawks</nickname>
<abrev1>KANJAY</abrev1>
<abrev2>KAN</abrev2>
<conf>Big-12</conf>
<div>FBS</div>
<stadium>Memorial Stadium</stadium>
<Colours>Blue &amp; Red</Colours>
<bcolour>11889152</bcolour>
<fcolour>3610853</fcolour>
</TB_teams>
<TB_teams>
<id>218</id>
<order>119</order>
<city>Memphis</city>
<nickname>Tigers</nickname>
<abrev1>MEMPHI</abrev1>
<abrev2>MEM</abrev2>
<conf>AAC</conf>
<div>FBS</div>
<stadium>Liberty Bowl Memorial Stadium</stadium>
<Colours>Blue &amp; White</Colours>
<bcolour>10168874</bcolour>
<fcolour>16777215</fcolour>
</TB_teams>
</dataroot>
