<?xml version="1.0" encoding="UTF-8"?>
<dataroot xmlns:od="urn:schemas-microsoft-com:officedata" generated="2015-09-13T20:07:16">
<LU_coverage-scheme>
<id>1</id>
<abrev>2M</abrev>
<description>2-Man</description>
<Display_x0020_Order>10</Display_x0020_Order>
</LU_coverage-scheme>
<LU_coverage-scheme>
<id>2</id>
<abrev>0</abrev>
<description>Cover-0</description>
<Display_x0020_Order>20</Display_x0020_Order>
</LU_coverage-scheme>
<LU_coverage-scheme>
<id>3</id>
<abrev>1</abrev>
<description>Cover-1</description>
<Display_x0020_Order>30</Display_x0020_Order>
</LU_coverage-scheme>
<LU_coverage-scheme>
<id>4</id>
<abrev>2</abrev>
<description>Cover-2</description>
<Display_x0020_Order>40</Display_x0020_Order>
</LU_coverage-scheme>
<LU_coverage-scheme>
<id>5</id>
<abrev>3</abrev>
<description>Cover-3</description>
<Display_x0020_Order>50</Display_x0020_Order>
</LU_coverage-scheme>
<LU_coverage-scheme>
<id>6</id>
<abrev>4</abrev>
<description>Quarters</description>
<Display_x0020_Order>60</Display_x0020_Order>
</LU_coverage-scheme>
<LU_coverage-scheme>
<id>7</id>
<abrev>6</abrev>
<description>Cover-6</description>
<Display_x0020_Order>70</Display_x0020_Order>
</LU_coverage-scheme>
<LU_coverage-scheme>
<id>8</id>
<abrev>GL</abrev>
<description>Goal Line</description>
<Display_x0020_Order>80</Display_x0020_Order>
</LU_coverage-scheme>
<LU_coverage-scheme>
<id>9</id>
<abrev>RZ</abrev>
<description>Red Zone</description>
<Display_x0020_Order>90</Display_x0020_Order>
</LU_coverage-scheme>
<LU_coverage-scheme>
<id>10</id>
<abrev>P</abrev>
<description>Prevent</description>
<Display_x0020_Order>100</Display_x0020_Order>
</LU_coverage-scheme>
<LU_coverage-scheme>
<id>11</id>
<abrev>Mis</abrev>
<description>Miscellaneous</description>
<Display_x0020_Order>110</Display_x0020_Order>
</LU_coverage-scheme>
<LU_coverage-scheme>
<id>12</id>
<abrev>Oth</abrev>
<description>Other</description>
<Display_x0020_Order>120</Display_x0020_Order>
</LU_coverage-scheme>
</dataroot>
