<?xml version="1.0" encoding="UTF-8"?>
<dataroot xmlns:od="urn:schemas-microsoft-com:officedata" generated="2015-09-13T20:07:17">
<LU_received-type>
<id>1</id>
<type>Downs</type>
</LU_received-type>
<LU_received-type>
<id>2</id>
<type>Fumble</type>
</LU_received-type>
<LU_received-type>
<id>3</id>
<type>Interception</type>
</LU_received-type>
<LU_received-type>
<id>4</id>
<type>Kickoff</type>
</LU_received-type>
<LU_received-type>
<id>5</id>
<type>Missed FG</type>
</LU_received-type>
<LU_received-type>
<id>6</id>
<type>Punt</type>
</LU_received-type>
<LU_received-type>
<id>7</id>
<type>Muffed Punt</type>
</LU_received-type>
</dataroot>
