<?xml version="1.0" encoding="UTF-8"?>
<dataroot xmlns:od="urn:schemas-microsoft-com:officedata" generated="2015-09-13T20:07:17">
<LU_x005F_xpoint-type>
<id>1</id>
<abrev>KG</abrev>
<type>Kick - Good</type>
</LU_x005F_xpoint-type>
<LU_x005F_xpoint-type>
<id>2</id>
<abrev>KN</abrev>
<type>Kick - No Good</type>
</LU_x005F_xpoint-type>
<LU_x005F_xpoint-type>
<id>3</id>
<abrev>PG</abrev>
<type>Pass - Good</type>
</LU_x005F_xpoint-type>
<LU_x005F_xpoint-type>
<id>4</id>
<abrev>PN</abrev>
<type>Pass - No Good</type>
</LU_x005F_xpoint-type>
<LU_x005F_xpoint-type>
<id>5</id>
<abrev>RG</abrev>
<type>Run - Good</type>
</LU_x005F_xpoint-type>
<LU_x005F_xpoint-type>
<id>6</id>
<abrev>RN</abrev>
<type>Run - No Good</type>
</LU_x005F_xpoint-type>
</dataroot>
