<?xml version="1.0" encoding="UTF-8"?>
<dataroot xmlns:od="urn:schemas-microsoft-com:officedata" generated="2015-09-14T03:12:27">
<TB_analysis>
<id>1</id>
<play-id>853500</play-id>
<atype-id>26</atype-id>
<hplayer-id>10133</hplayer-id>
<hrate-id>4</hrate-id>
<htype-id>26</htype-id>
<Comment>GD&gt;TB</Comment>
</TB_analysis>
<TB_analysis>
<id>2</id>
<play-id>853501</play-id>
<aplayer-id>9025</aplayer-id>
<arate-id>6</arate-id>
<atype-id>26</atype-id>
<hplayer-id>6170</hplayer-id>
<hrate-id>4</hrate-id>
<htype-id>26</htype-id>
<Comment>I&gt;C&gt;TFSG</Comment>
</TB_analysis>
<TB_analysis>
<id>3</id>
<play-id>853501</play-id>
<aplayer-id>9461</aplayer-id>
<arate-id>5</arate-id>
<atype-id>26</atype-id>
<hplayer-id>5603</hplayer-id>
<hrate-id>4</hrate-id>
<htype-id>26</htype-id>
<Comment>SU at POA</Comment>
</TB_analysis>
<TB_analysis>
<id>4</id>
<play-id>853501</play-id>
<aplayer-id>7029</aplayer-id>
<arate-id>5</arate-id>
<atype-id>26</atype-id>
<hplayer-id>7052</hplayer-id>
<hrate-id>5</hrate-id>
<htype-id>26</htype-id>
<Comment>O&gt;DT</Comment>
</TB_analysis>
<TB_analysis>
<id>5</id>
<play-id>853501</play-id>
<aplayer-id>8711</aplayer-id>
<arate-id>6</arate-id>
<atype-id>26</atype-id>
<hplayer-id>5757</hplayer-id>
<hrate-id>4</hrate-id>
<htype-id>26</htype-id>
<Comment>CL&gt;SQ</Comment>
</TB_analysis>
<TB_analysis>
<id>6</id>
<play-id>853502</play-id>
<aplayer-id>5585</aplayer-id>
<arate-id>4</arate-id>
<atype-id>26</atype-id>
<hplayer-id>7819</hplayer-id>
<hrate-id>7</hrate-id>
<htype-id>8</htype-id>
<Comment>0R&gt;GB&gt;MT&gt;1D</Comment>
</TB_analysis>
<TB_analysis>
<id>7</id>
<play-id>853503</play-id>
<aplayer-id>2130</aplayer-id>
<arate-id>4</arate-id>
<atype-id>26</atype-id>
<hplayer-id>9481</hplayer-id>
<hrate-id>6</hrate-id>
<htype-id>26</htype-id>
<Comment>BIR</Comment>
</TB_analysis>
<TB_analysis>
<id>8</id>
<play-id>853503</play-id>
<aplayer-id>5797</aplayer-id>
<arate-id>4</arate-id>
<atype-id>26</atype-id>
<htype-id>26</htype-id>
<Comment>GC</Comment>
</TB_analysis>
<TB_analysis>
<id>9</id>
<play-id>853503</play-id>
<aplayer-id>9025</aplayer-id>
<arate-id>4</arate-id>
<atype-id>26</atype-id>
<hplayer-id>7052</hplayer-id>
<hrate-id>6</hrate-id>
<htype-id>26</htype-id>
<Comment>O</Comment>
</TB_analysis>
<TB_analysis>
<id>10</id>
<play-id>853503</play-id>
<aplayer-id>3733</aplayer-id>
<arate-id>5</arate-id>
<atype-id>26</atype-id>
<hplayer-id>5757</hplayer-id>
<hrate-id>6</hrate-id>
<htype-id>26</htype-id>
<Comment>I</Comment>
</TB_analysis>
<TB_analysis>
<id>11</id>
<play-id>853504</play-id>
<aplayer-id>9487</aplayer-id>
<arate-id>5</arate-id>
<atype-id>26</atype-id>
<hplayer-id>5603</hplayer-id>
<hrate-id>4</hrate-id>
<htype-id>26</htype-id>
<Comment>H2&gt;TFNG</Comment>
</TB_analysis>
<TB_analysis>
<id>12</id>
<play-id>853505</play-id>
<aplayer-id>3618</aplayer-id>
<arate-id>3</arate-id>
<atype-id>26</atype-id>
<hplayer-id>4349</hplayer-id>
<hrate-id>7</hrate-id>
<htype-id>26</htype-id>
<Comment>2R&gt;GB&gt;YDC&gt;1D</Comment>
</TB_analysis>
<TB_analysis>
<id>13</id>
<play-id>853505</play-id>
<aplayer-id>4924</aplayer-id>
<arate-id>4</arate-id>
<atype-id>26</atype-id>
<htype-id>26</htype-id>
<Comment>2R&gt;1D</Comment>
</TB_analysis>
<TB_analysis>
<id>14</id>
<play-id>853505</play-id>
<aplayer-id>7029</aplayer-id>
<arate-id>6</arate-id>
<atype-id>3</atype-id>
<hplayer-id>7024</hplayer-id>
<hrate-id>4</hrate-id>
<htype-id>3</htype-id>
<Comment>O</Comment>
</TB_analysis>
<TB_analysis>
<id>15</id>
<play-id>853505</play-id>
<aplayer-id>9487</aplayer-id>
<arate-id>6</arate-id>
<atype-id>3</atype-id>
<hplayer-id>7819</hplayer-id>
<hrate-id>4</hrate-id>
<htype-id>3</htype-id>
<Comment>BOR&gt;C</Comment>
</TB_analysis>
<TB_analysis>
<id>16</id>
<play-id>853506</play-id>
<atype-id>26</atype-id>
<hplayer-id>9586</hplayer-id>
<hrate-id>5</hrate-id>
<htype-id>3</htype-id>
<Comment>CU</Comment>
</TB_analysis>
<TB_analysis>
<id>17</id>
<play-id>853506</play-id>
<atype-id>26</atype-id>
<hplayer-id>5761</hplayer-id>
<hrate-id>5</hrate-id>
<htype-id>3</htype-id>
<Comment>CU</Comment>
</TB_analysis>
<TB_analysis>
<id>18</id>
<play-id>853507</play-id>
<aplayer-id>8711</aplayer-id>
<arate-id>6</arate-id>
<atype-id>19</atype-id>
<hplayer-id>5603</hplayer-id>
<hrate-id>5</hrate-id>
<htype-id>26</htype-id>
<Comment>O&gt;C&gt;PBR</Comment>
</TB_analysis>
<TB_analysis>
<id>19</id>
<play-id>853508</play-id>
<aplayer-id>9461</aplayer-id>
<arate-id>5</arate-id>
<atype-id>26</atype-id>
<hplayer-id>7819</hplayer-id>
<hrate-id>6</hrate-id>
<htype-id>26</htype-id>
<Comment>I</Comment>
</TB_analysis>
<TB_analysis>
<id>20</id>
<play-id>853508</play-id>
<aplayer-id>9487</aplayer-id>
<arate-id>3</arate-id>
<atype-id>26</atype-id>
<hplayer-id>3653</hplayer-id>
<hrate-id>7</hrate-id>
<htype-id>26</htype-id>
<Comment>GB&gt;GC&gt;TD</Comment>
</TB_analysis>
<TB_analysis>
<id>21</id>
<play-id>853508</play-id>
<aplayer-id>7029</aplayer-id>
<arate-id>4</arate-id>
<atype-id>26</atype-id>
<hplayer-id>6170</hplayer-id>
<hrate-id>6</hrate-id>
<htype-id>26</htype-id>
<Comment>O</Comment>
</TB_analysis>
<TB_analysis>
<id>22</id>
<play-id>853508</play-id>
<aplayer-id>8711</aplayer-id>
<arate-id>5</arate-id>
<atype-id>26</atype-id>
<hplayer-id>5761</hplayer-id>
<hrate-id>5</hrate-id>
<htype-id>26</htype-id>
<Comment>CR&gt;DT</Comment>
</TB_analysis>
<TB_analysis>
<id>24</id>
<play-id>853510</play-id>
<aplayer-id>7947</aplayer-id>
<arate-id>4</arate-id>
<atype-id>26</atype-id>
<htype-id>26</htype-id>
<Comment>GD</Comment>
</TB_analysis>
<TB_analysis>
<id>25</id>
<play-id>853510</play-id>
<aplayer-id>5101</aplayer-id>
<arate-id>4</arate-id>
<atype-id>26</atype-id>
<htype-id>26</htype-id>
<Comment>KR&gt;TSo20</Comment>
</TB_analysis>
<TB_analysis>
<id>26</id>
<play-id>853511</play-id>
<aplayer-id>7459</aplayer-id>
<arate-id>4</arate-id>
<atype-id>3</atype-id>
<hplayer-id>6198</hplayer-id>
<hrate-id>6</hrate-id>
<htype-id>3</htype-id>
<Comment>B</Comment>
</TB_analysis>
<TB_analysis>
<id>27</id>
<play-id>853512</play-id>
<aplayer-id>2957</aplayer-id>
<arate-id>5</arate-id>
<atype-id>26</atype-id>
<hplayer-id>8724</hplayer-id>
<hrate-id>5</hrate-id>
<htype-id>26</htype-id>
<Comment>CR&gt;DT</Comment>
</TB_analysis>
<TB_analysis>
<id>28</id>
<play-id>853512</play-id>
<aplayer-id>8094</aplayer-id>
<arate-id>3</arate-id>
<atype-id>26</atype-id>
<hplayer-id>7110</hplayer-id>
<hrate-id>6</hrate-id>
<htype-id>26</htype-id>
<Comment>I&gt;TFL</Comment>
</TB_analysis>
<TB_analysis>
<id>30</id>
<play-id>853513</play-id>
<aplayer-id>4368</aplayer-id>
<arate-id>4</arate-id>
<atype-id>3</atype-id>
<hplayer-id>8724</hplayer-id>
<hrate-id>6</hrate-id>
<htype-id>3</htype-id>
<Comment>B</Comment>
</TB_analysis>
<TB_analysis>
<id>31</id>
<play-id>853513</play-id>
<aplayer-id>5371</aplayer-id>
<arate-id>4</arate-id>
<atype-id>4</atype-id>
<hplayer-id>6244</hplayer-id>
<hrate-id>5</hrate-id>
<htype-id>26</htype-id>
<Comment>O&gt;CU</Comment>
</TB_analysis>
<TB_analysis>
<id>32</id>
<play-id>853513</play-id>
<aplayer-id>2957</aplayer-id>
<arate-id>4</arate-id>
<atype-id>3</atype-id>
<hplayer-id>7792</hplayer-id>
<hrate-id>6</hrate-id>
<htype-id>3</htype-id>
<Comment>B</Comment>
</TB_analysis>
<TB_analysis>
<id>33</id>
<play-id>853514</play-id>
<aplayer-id>5585</aplayer-id>
<arate-id>4</arate-id>
<atype-id>26</atype-id>
<hplayer-id>9586</hplayer-id>
<hrate-id>6</hrate-id>
<htype-id>26</htype-id>
<Comment>PR&gt;GB</Comment>
</TB_analysis>
<TB_analysis>
<id>34</id>
<play-id>853514</play-id>
<atype-id>26</atype-id>
<hplayer-id>7110</hplayer-id>
<hrate-id>4</hrate-id>
<htype-id>26</htype-id>
<Comment>PR&gt;T</Comment>
</TB_analysis>
<TB_analysis>
<id>35</id>
<play-id>853514</play-id>
<atype-id>26</atype-id>
<hplayer-id>1458</hplayer-id>
<hrate-id>5</hrate-id>
<htype-id>26</htype-id>
<Comment>OF&gt;GD&gt;BH&gt;BL</Comment>
</TB_analysis>
<TB_analysis>
<id>36</id>
<play-id>853515</play-id>
<aplayer-id>9461</aplayer-id>
<arate-id>7</arate-id>
<atype-id>2</atype-id>
<hplayer-id>9625</hplayer-id>
<hrate-id>3</hrate-id>
<htype-id>2</htype-id>
<Comment>O</Comment>
</TB_analysis>
<TB_analysis>
<id>37</id>
<play-id>853515</play-id>
<aplayer-id>4924</aplayer-id>
<arate-id>6</arate-id>
<atype-id>26</atype-id>
<hplayer-id>4349</hplayer-id>
<hrate-id>5</hrate-id>
<htype-id>26</htype-id>
<Comment>5R&gt;UT</Comment>
</TB_analysis>
<TB_analysis>
<id>38</id>
<play-id>853516</play-id>
<aplayer-id>2130</aplayer-id>
<arate-id>6</arate-id>
<atype-id>26</atype-id>
<hplayer-id>5603</hplayer-id>
<hrate-id>4</hrate-id>
<htype-id>26</htype-id>
<Comment>BOL&gt;T</Comment>
</TB_analysis>
<TB_analysis>
<id>39</id>
<play-id>853516</play-id>
<aplayer-id>7029</aplayer-id>
<arate-id>6</arate-id>
<atype-id>26</atype-id>
<hplayer-id>7052</hplayer-id>
<hrate-id>4</hrate-id>
<htype-id>26</htype-id>
<Comment>SU at POA&gt;I&gt;T</Comment>
</TB_analysis>
<TB_analysis>
<id>40</id>
<play-id>853516</play-id>
<aplayer-id>8711</aplayer-id>
<arate-id>6</arate-id>
<atype-id>26</atype-id>
<hplayer-id>5757</hplayer-id>
<hrate-id>5</hrate-id>
<htype-id>26</htype-id>
<Comment>CL</Comment>
</TB_analysis>
<TB_analysis>
<id>41</id>
<play-id>853517</play-id>
<aplayer-id>4924</aplayer-id>
<arate-id>4</arate-id>
<atype-id>26</atype-id>
<htype-id>26</htype-id>
<Comment>3R&gt;DP</Comment>
</TB_analysis>
<TB_analysis>
<id>42</id>
<play-id>853517</play-id>
<aplayer-id>8645</aplayer-id>
<arate-id>7</arate-id>
<atype-id>9</atype-id>
<hplayer-id>6387</hplayer-id>
<hrate-id>6</hrate-id>
<htype-id>26</htype-id>
<Comment>3R&gt;DP</Comment>
</TB_analysis>
<TB_analysis>
<id>43</id>
<play-id>853518</play-id>
<aplayer-id>7947</aplayer-id>
<arate-id>4</arate-id>
<atype-id>26</atype-id>
<htype-id>26</htype-id>
<Comment>C2&gt;GH</Comment>
</TB_analysis>
<TB_analysis>
<id>44</id>
<play-id>853519</play-id>
<aplayer-id>4147</aplayer-id>
<arate-id>6</arate-id>
<atype-id>26</atype-id>
<hplayer-id>4538</hplayer-id>
<hrate-id>4</hrate-id>
<htype-id>19</htype-id>
<Comment>I</Comment>
</TB_analysis>
<TB_analysis>
<id>45</id>
<play-id>853519</play-id>
<aplayer-id>3671</aplayer-id>
<arate-id>5</arate-id>
<atype-id>26</atype-id>
<hplayer-id>2044</hplayer-id>
<hrate-id>4</hrate-id>
<htype-id>19</htype-id>
<Comment>O</Comment>
</TB_analysis>
<TB_analysis>
<id>46</id>
<play-id>853520</play-id>
<aplayer-id>2957</aplayer-id>
<arate-id>5</arate-id>
<atype-id>26</atype-id>
<hplayer-id>7792</hplayer-id>
<hrate-id>5</hrate-id>
<htype-id>26</htype-id>
<Comment>O&gt;DT</Comment>
</TB_analysis>
<TB_analysis>
<id>47</id>
<play-id>853520</play-id>
<aplayer-id>3061</aplayer-id>
<arate-id>4</arate-id>
<atype-id>26</atype-id>
<hplayer-id>8724</hplayer-id>
<hrate-id>6</hrate-id>
<htype-id>26</htype-id>
<Comment>B&gt;2L</Comment>
</TB_analysis>
<TB_analysis>
<id>48</id>
<play-id>853520</play-id>
<aplayer-id>7459</aplayer-id>
<arate-id>6</arate-id>
<atype-id>8</atype-id>
<hplayer-id>6198</hplayer-id>
<hrate-id>6</hrate-id>
<htype-id>26</htype-id>
<Comment>I&gt;DT&gt;MT</Comment>
</TB_analysis>
<TB_analysis>
<id>49</id>
<play-id>853520</play-id>
<atype-id>26</atype-id>
<hplayer-id>9448</hplayer-id>
<hrate-id>4</hrate-id>
<htype-id>26</htype-id>
<Comment>GC&gt;MT93&gt;1D</Comment>
</TB_analysis>
<TB_analysis>
<id>50</id>
<play-id>853521</play-id>
<aplayer-id>4368</aplayer-id>
<arate-id>4</arate-id>
<atype-id>26</atype-id>
<hplayer-id>6244</hplayer-id>
<hrate-id>7</hrate-id>
<htype-id>26</htype-id>
<Comment>I&gt;TFL</Comment>
</TB_analysis>
<TB_analysis>
<id>51</id>
<play-id>853521</play-id>
<aplayer-id>7459</aplayer-id>
<arate-id>5</arate-id>
<atype-id>26</atype-id>
<hplayer-id>4544</hplayer-id>
<hrate-id>5</hrate-id>
<htype-id>26</htype-id>
<Comment>I&gt;DT</Comment>
</TB_analysis>
<TB_analysis>
<id>52</id>
<play-id>853521</play-id>
<aplayer-id>8094</aplayer-id>
<arate-id>4</arate-id>
<atype-id>26</atype-id>
<hplayer-id>7110</hplayer-id>
<hrate-id>6</hrate-id>
<htype-id>26</htype-id>
<Comment>SU at LOS&gt;SQ</Comment>
</TB_analysis>
<TB_analysis>
<id>53</id>
<play-id>853521</play-id>
<aplayer-id>6503</aplayer-id>
<arate-id>6</arate-id>
<atype-id>26</atype-id>
<hplayer-id>7792</hplayer-id>
<hrate-id>4</hrate-id>
<htype-id>26</htype-id>
<Comment>I&gt;PBL</Comment>
</TB_analysis>
<TB_analysis>
<id>54</id>
<play-id>853522</play-id>
<aplayer-id>2957</aplayer-id>
<arate-id>5</arate-id>
<atype-id>26</atype-id>
<hplayer-id>8724</hplayer-id>
<hrate-id>4</hrate-id>
<htype-id>26</htype-id>
<Comment>CL&gt;DT</Comment>
</TB_analysis>
<TB_analysis>
<id>55</id>
<play-id>853522</play-id>
<aplayer-id>4368</aplayer-id>
<arate-id>6</arate-id>
<atype-id>26</atype-id>
<hplayer-id>6244</hplayer-id>
<hrate-id>5</hrate-id>
<htype-id>26</htype-id>
<Comment>O&gt;OP upfield</Comment>
</TB_analysis>
<TB_analysis>
<id>56</id>
<play-id>853522</play-id>
<aplayer-id>3671</aplayer-id>
<arate-id>5</arate-id>
<atype-id>26</atype-id>
<hplayer-id>4538</hplayer-id>
<hrate-id>6</hrate-id>
<htype-id>26</htype-id>
<Comment>I&gt;2L&gt;T</Comment>
</TB_analysis>
<TB_analysis>
<id>57</id>
<play-id>853522</play-id>
<atype-id>26</atype-id>
<hplayer-id>4914</hplayer-id>
<hrate-id>4</hrate-id>
<htype-id>26</htype-id>
<Comment>GC</Comment>
</TB_analysis>
<TB_analysis>
<id>58</id>
<play-id>853523</play-id>
<aplayer-id>2957</aplayer-id>
<arate-id>4</arate-id>
<atype-id>3</atype-id>
<hplayer-id>7792</hplayer-id>
<hrate-id>6</hrate-id>
<htype-id>3</htype-id>
<Comment>B</Comment>
</TB_analysis>
<TB_analysis>
<id>59</id>
<play-id>853523</play-id>
<aplayer-id>3061</aplayer-id>
<arate-id>6</arate-id>
<atype-id>26</atype-id>
<hplayer-id>4538</hplayer-id>
<hrate-id>4</hrate-id>
<htype-id>26</htype-id>
<Comment>6R&gt;1D</Comment>
</TB_analysis>
<TB_analysis>
<id>60</id>
<play-id>853524</play-id>
<aplayer-id>3061</aplayer-id>
<arate-id>7</arate-id>
<atype-id>8</atype-id>
<hplayer-id>9448</hplayer-id>
<hrate-id>4</hrate-id>
<htype-id>26</htype-id>
<Comment>H2&gt;GC&gt;MTFL</Comment>
</TB_analysis>
<TB_analysis>
<id>61</id>
<play-id>853524</play-id>
<aplayer-id>3008</aplayer-id>
<arate-id>4</arate-id>
<atype-id>26</atype-id>
<hplayer-id>9448</hplayer-id>
<hrate-id>5</hrate-id>
<htype-id>26</htype-id>
<Comment>H2&gt;TFSG</Comment>
</TB_analysis>
<TB_analysis>
<id>62</id>
<play-id>853525</play-id>
<aplayer-id>3008</aplayer-id>
<arate-id>6</arate-id>
<atype-id>26</atype-id>
<hplayer-id>5165</hplayer-id>
<hrate-id>4</hrate-id>
<htype-id>26</htype-id>
<Comment>BIR</Comment>
</TB_analysis>
<TB_analysis>
<id>63</id>
<play-id>853525</play-id>
<atype-id>26</atype-id>
<hplayer-id>9448</hplayer-id>
<hrate-id>4</hrate-id>
<htype-id>26</htype-id>
<Comment>GC&gt;GB&gt;1D</Comment>
</TB_analysis>
<TB_analysis>
<id>64</id>
<play-id>853525</play-id>
<aplayer-id>3671</aplayer-id>
<arate-id>5</arate-id>
<atype-id>26</atype-id>
<hplayer-id>4538</hplayer-id>
<hrate-id>6</hrate-id>
<htype-id>26</htype-id>
<Comment>I&gt;2L&gt;T</Comment>
</TB_analysis>
<TB_analysis>
<id>65</id>
<play-id>853525</play-id>
<aplayer-id>7459</aplayer-id>
<arate-id>5</arate-id>
<atype-id>26</atype-id>
<hplayer-id>7792</hplayer-id>
<hrate-id>6</hrate-id>
<htype-id>26</htype-id>
<Comment>I&gt;SQ</Comment>
</TB_analysis>
<TB_analysis>
<id>66</id>
<play-id>853526</play-id>
<aplayer-id>7459</aplayer-id>
<arate-id>6</arate-id>
<atype-id>26</atype-id>
<hplayer-id>7792</hplayer-id>
<hrate-id>4</hrate-id>
<htype-id>26</htype-id>
<Comment>I&gt;DT</Comment>
</TB_analysis>
<TB_analysis>
<id>67</id>
<play-id>853526</play-id>
<aplayer-id>6503</aplayer-id>
<arate-id>4</arate-id>
<atype-id>26</atype-id>
<hplayer-id>6244</hplayer-id>
<hrate-id>5</hrate-id>
<htype-id>26</htype-id>
<Comment>U&gt;TFNG&gt;RT late peeling from DT</Comment>
</TB_analysis>
<TB_analysis>
<id>68</id>
<play-id>853526</play-id>
<aplayer-id>3061</aplayer-id>
<arate-id>5</arate-id>
<atype-id>26</atype-id>
<hplayer-id>6198</hplayer-id>
<hrate-id>6</hrate-id>
<htype-id>26</htype-id>
<Comment>O&gt;PBR</Comment>
</TB_analysis>
<TB_analysis>
<id>69</id>
<play-id>853527</play-id>
<aplayer-id>3671</aplayer-id>
<arate-id>7</arate-id>
<atype-id>8</atype-id>
<hplayer-id>7857</hplayer-id>
<hrate-id>4</hrate-id>
<htype-id>26</htype-id>
<Comment>XR&gt;GB&gt;MT&gt;1D</Comment>
</TB_analysis>
<TB_analysis>
<id>70</id>
<play-id>853527</play-id>
<aplayer-id>7459</aplayer-id>
<arate-id>4</arate-id>
<atype-id>3</atype-id>
<hplayer-id>8724</hplayer-id>
<hrate-id>6</hrate-id>
<htype-id>3</htype-id>
<Comment>B</Comment>
</TB_analysis>
<TB_analysis>
<id>71</id>
<play-id>853528</play-id>
<aplayer-id>1355</aplayer-id>
<arate-id>4</arate-id>
<atype-id>26</atype-id>
<hplayer-id>4914</hplayer-id>
<hrate-id>5</hrate-id>
<htype-id>26</htype-id>
<Comment>0R&gt;TFSG</Comment>
</TB_analysis>
<TB_analysis>
<id>72</id>
<play-id>853529</play-id>
<aplayer-id>2957</aplayer-id>
<arate-id>6</arate-id>
<atype-id>26</atype-id>
<hplayer-id>8724</hplayer-id>
<hrate-id>4</hrate-id>
<htype-id>26</htype-id>
<Comment>CR</Comment>
</TB_analysis>
<TB_analysis>
<id>73</id>
<play-id>853529</play-id>
<aplayer-id>5814</aplayer-id>
<arate-id>4</arate-id>
<atype-id>26</atype-id>
<hplayer-id>4544</hplayer-id>
<hrate-id>6</hrate-id>
<htype-id>26</htype-id>
<Comment>B&gt;SQ</Comment>
</TB_analysis>
<TB_analysis>
<id>74</id>
<play-id>853529</play-id>
<aplayer-id>8094</aplayer-id>
<arate-id>5</arate-id>
<atype-id>26</atype-id>
<hplayer-id>7110</hplayer-id>
<hrate-id>4</hrate-id>
<htype-id>26</htype-id>
<Comment>I&gt;ST from DRE</Comment>
</TB_analysis>
<TB_analysis>
<id>75</id>
<play-id>853529</play-id>
<aplayer-id>3061</aplayer-id>
<arate-id>6</arate-id>
<atype-id>26</atype-id>
<hplayer-id>7792</hplayer-id>
<hrate-id>4</hrate-id>
<htype-id>26</htype-id>
<Comment>I&gt;2L</Comment>
</TB_analysis>
<TB_analysis>
<id>76</id>
<play-id>853529</play-id>
<atype-id>26</atype-id>
<hplayer-id>9448</hplayer-id>
<hrate-id>4</hrate-id>
<htype-id>26</htype-id>
<Comment>SP&gt;GB</Comment>
</TB_analysis>
<TB_analysis>
<id>77</id>
<play-id>853530</play-id>
<aplayer-id>7459</aplayer-id>
<arate-id>3</arate-id>
<atype-id>3</atype-id>
<hplayer-id>6198</hplayer-id>
<hrate-id>7</hrate-id>
<htype-id>3</htype-id>
<Comment>B</Comment>
</TB_analysis>
<TB_analysis>
<id>78</id>
<play-id>853531</play-id>
<atype-id>26</atype-id>
<hplayer-id>10133</hplayer-id>
<hrate-id>5</hrate-id>
<htype-id>26</htype-id>
<Comment>32&gt;M&gt;M</Comment>
</TB_analysis>
<TB_analysis>
<id>79</id>
<play-id>853532</play-id>
<atype-id>26</atype-id>
<hplayer-id>10133</hplayer-id>
<hrate-id>4</hrate-id>
<htype-id>26</htype-id>
<Comment>GD</Comment>
</TB_analysis>
<TB_analysis>
<id>80</id>
<play-id>853532</play-id>
<atype-id>26</atype-id>
<hplayer-id>6387</hplayer-id>
<hrate-id>4</hrate-id>
<htype-id>26</htype-id>
<Comment>KR&gt;T</Comment>
</TB_analysis>
<TB_analysis>
<id>81</id>
<play-id>853532</play-id>
<aplayer-id>7207</aplayer-id>
<arate-id>4</arate-id>
<atype-id>26</atype-id>
<hplayer-id>5132</hplayer-id>
<hrate-id>6</hrate-id>
<htype-id>26</htype-id>
<Comment>KOL</Comment>
</TB_analysis>
<TB_analysis>
<id>82</id>
<play-id>853532</play-id>
<aplayer-id>9487</aplayer-id>
<arate-id>4</arate-id>
<atype-id>26</atype-id>
<htype-id>26</htype-id>
<Comment>KR&gt;GC&gt;GB</Comment>
</TB_analysis>
<TB_analysis>
<id>83</id>
<play-id>853532</play-id>
<aplayer-id>7953</aplayer-id>
<arate-id>4</arate-id>
<atype-id>26</atype-id>
<hplayer-id>3653</hplayer-id>
<hrate-id>6</hrate-id>
<htype-id>26</htype-id>
<Comment>KOL</Comment>
</TB_analysis>
<TB_analysis>
<id>84</id>
<play-id>853533</play-id>
<aplayer-id>3733</aplayer-id>
<arate-id>5</arate-id>
<atype-id>26</atype-id>
<hplayer-id>5757</hplayer-id>
<hrate-id>5</hrate-id>
<htype-id>26</htype-id>
<Comment>I&gt;DT</Comment>
</TB_analysis>
<TB_analysis>
<id>85</id>
<play-id>853533</play-id>
<aplayer-id>5797</aplayer-id>
<arate-id>4</arate-id>
<atype-id>26</atype-id>
<htype-id>26</htype-id>
<Comment>GC</Comment>
</TB_analysis>
<TB_analysis>
<id>86</id>
<play-id>853533</play-id>
<aplayer-id>9461</aplayer-id>
<arate-id>6</arate-id>
<atype-id>26</atype-id>
<hplayer-id>6170</hplayer-id>
<hrate-id>4</hrate-id>
<htype-id>26</htype-id>
<Comment>SU at POA&gt;FC</Comment>
</TB_analysis>
<TB_analysis>
<id>87</id>
<play-id>853533</play-id>
<aplayer-id>9025</aplayer-id>
<arate-id>4</arate-id>
<atype-id>26</atype-id>
<hplayer-id>7052</hplayer-id>
<hrate-id>6</hrate-id>
<htype-id>26</htype-id>
<Comment>O</Comment>
</TB_analysis>
<TB_analysis>
<id>88</id>
<play-id>853534</play-id>
<aplayer-id>8711</aplayer-id>
<arate-id>7</arate-id>
<atype-id>3</atype-id>
<hplayer-id>5757</hplayer-id>
<hrate-id>3</hrate-id>
<htype-id>3</htype-id>
<Comment>CL</Comment>
</TB_analysis>
<TB_analysis>
<id>89</id>
<play-id>853535</play-id>
<aplayer-id>7029</aplayer-id>
<arate-id>6</arate-id>
<atype-id>4</atype-id>
<hplayer-id>9586</hplayer-id>
<hrate-id>4</hrate-id>
<htype-id>4</htype-id>
<Comment>U&gt;L.E.N&gt;O</Comment>
</TB_analysis>
<TB_analysis>
<id>90</id>
<play-id>853536</play-id>
<aplayer-id>7947</aplayer-id>
<arate-id>4</arate-id>
<atype-id>26</atype-id>
<htype-id>26</htype-id>
<Comment>OF&gt;GH</Comment>
</TB_analysis>
<TB_analysis>
<id>91</id>
<play-id>853537</play-id>
<aplayer-id>5814</aplayer-id>
<arate-id>6</arate-id>
<atype-id>26</atype-id>
<hplayer-id>6198</hplayer-id>
<hrate-id>4</hrate-id>
<htype-id>26</htype-id>
<Comment>O&gt;DT</Comment>
</TB_analysis>
<TB_analysis>
<id>92</id>
<play-id>853537</play-id>
<aplayer-id>7459</aplayer-id>
<arate-id>4</arate-id>
<atype-id>26</atype-id>
<hplayer-id>6244</hplayer-id>
<hrate-id>6</hrate-id>
<htype-id>26</htype-id>
<Comment>SU at POA&gt;DT&gt;FC</Comment>
</TB_analysis>
<TB_analysis>
<id>94</id>
<play-id>853537</play-id>
<aplayer-id>5371</aplayer-id>
<arate-id>6</arate-id>
<atype-id>26</atype-id>
<hplayer-id>4544</hplayer-id>
<hrate-id>5</hrate-id>
<htype-id>26</htype-id>
<Comment>I</Comment>
</TB_analysis>
<TB_analysis>
<id>95</id>
<play-id>853537</play-id>
<aplayer-id>3061</aplayer-id>
<arate-id>6</arate-id>
<atype-id>26</atype-id>
<hplayer-id>8724</hplayer-id>
<hrate-id>4</hrate-id>
<htype-id>26</htype-id>
<Comment>CR&gt;2L</Comment>
</TB_analysis>
<TB_analysis>
<id>96</id>
<play-id>853537</play-id>
<atype-id>26</atype-id>
<hplayer-id>9448</hplayer-id>
<hrate-id>4</hrate-id>
<htype-id>26</htype-id>
<Comment>GC</Comment>
</TB_analysis>
<TB_analysis>
<id>97</id>
<play-id>853537</play-id>
<aplayer-id>3671</aplayer-id>
<arate-id>5</arate-id>
<atype-id>26</atype-id>
<hplayer-id>4538</hplayer-id>
<hrate-id>4</hrate-id>
<htype-id>26</htype-id>
<Comment>O&gt;DF</Comment>
</TB_analysis>
<TB_analysis>
<id>99</id>
<play-id>853539</play-id>
<aplayer-id>5371</aplayer-id>
<arate-id>4</arate-id>
<atype-id>3</atype-id>
<hplayer-id>9448</hplayer-id>
<hrate-id>4</hrate-id>
<htype-id>3</htype-id>
<Comment>BOR&gt;C</Comment>
</TB_analysis>
<TB_analysis>
<id>100</id>
<play-id>853539</play-id>
<aplayer-id>5035</aplayer-id>
<arate-id>4</arate-id>
<atype-id>26</atype-id>
<hplayer-id>7857</hplayer-id>
<hrate-id>6</hrate-id>
<htype-id>9</htype-id>
<Comment>XR&gt;BR&gt;DP&gt;INT&gt;TD</Comment>
</TB_analysis>
<TB_analysis>
<id>101</id>
<play-id>853541</play-id>
<aplayer-id>7947</aplayer-id>
<arate-id>4</arate-id>
<atype-id>26</atype-id>
<htype-id>26</htype-id>
<Comment>GD&gt;TBZ</Comment>
</TB_analysis>
<TB_analysis>
<id>102</id>
<play-id>853542</play-id>
<aplayer-id>6503</aplayer-id>
<arate-id>4</arate-id>
<atype-id>26</atype-id>
<hplayer-id>7857</hplayer-id>
<hrate-id>5</hrate-id>
<htype-id>26</htype-id>
<Comment>6R&gt;TFSG</Comment>
</TB_analysis>
<TB_analysis>
<id>103</id>
<play-id>853543</play-id>
<aplayer-id>8094</aplayer-id>
<arate-id>4</arate-id>
<atype-id>4</atype-id>
<htype-id>26</htype-id>
<Comment>CU</Comment>
</TB_analysis>
<TB_analysis>
<id>104</id>
<play-id>853543</play-id>
<aplayer-id>2957</aplayer-id>
<arate-id>4</arate-id>
<atype-id>3</atype-id>
<hplayer-id>8724</hplayer-id>
<hrate-id>6</hrate-id>
<htype-id>3</htype-id>
<Comment>B</Comment>
</TB_analysis>
<TB_analysis>
<id>105</id>
<play-id>853543</play-id>
<aplayer-id>7914</aplayer-id>
<arate-id>5</arate-id>
<atype-id>3</atype-id>
<htype-id>26</htype-id>
<Comment>CU</Comment>
</TB_analysis>
<TB_analysis>
<id>106</id>
<play-id>853543</play-id>
<aplayer-id>5814</aplayer-id>
<arate-id>4</arate-id>
<atype-id>3</atype-id>
<hplayer-id>6198</hplayer-id>
<hrate-id>6</hrate-id>
<htype-id>3</htype-id>
<Comment>B</Comment>
</TB_analysis>
<TB_analysis>
<id>108</id>
<play-id>853544</play-id>
<atype-id>26</atype-id>
<hplayer-id>8724</hplayer-id>
<hrate-id>7</hrate-id>
<htype-id>38</htype-id>
<Comment>SH&gt;Over Qb's head</Comment>
</TB_analysis>
<TB_analysis>
<id>109</id>
<play-id>853544</play-id>
<aplayer-id>8094</aplayer-id>
<arate-id>4</arate-id>
<atype-id>2</atype-id>
<htype-id>26</htype-id>
<Comment>CU</Comment>
</TB_analysis>
<TB_analysis>
<id>110</id>
<play-id>853545</play-id>
<atype-id>26</atype-id>
<hplayer-id>9481</hplayer-id>
<hrate-id>4</hrate-id>
<htype-id>26</htype-id>
<Comment>PR&gt;T</Comment>
</TB_analysis>
<TB_analysis>
<id>111</id>
<play-id>853545</play-id>
<aplayer-id>5585</aplayer-id>
<arate-id>4</arate-id>
<atype-id>26</atype-id>
<htype-id>26</htype-id>
<Comment>PR&gt;GC</Comment>
</TB_analysis>
<TB_analysis>
<id>112</id>
<play-id>853545</play-id>
<atype-id>26</atype-id>
<hplayer-id>1458</hplayer-id>
<hrate-id>3</hrate-id>
<htype-id>26</htype-id>
<Comment>OF&gt;GH&gt;GL</Comment>
</TB_analysis>
<TB_analysis>
<id>113</id>
<play-id>853546</play-id>
<aplayer-id>9461</aplayer-id>
<arate-id>7</arate-id>
<atype-id>26</atype-id>
<hplayer-id>7819</hplayer-id>
<hrate-id>3</hrate-id>
<htype-id>26</htype-id>
<Comment>I&gt;PBL&gt;TFSG</Comment>
</TB_analysis>
<TB_analysis>
<id>114</id>
<play-id>853546</play-id>
<aplayer-id>3733</aplayer-id>
<arate-id>5</arate-id>
<atype-id>26</atype-id>
<hplayer-id>9625</hplayer-id>
<hrate-id>5</hrate-id>
<htype-id>26</htype-id>
<Comment>I&gt;DT</Comment>
</TB_analysis>
<TB_analysis>
<id>115</id>
<play-id>853546</play-id>
<aplayer-id>9025</aplayer-id>
<arate-id>6</arate-id>
<atype-id>26</atype-id>
<hplayer-id>5603</hplayer-id>
<hrate-id>4</hrate-id>
<htype-id>26</htype-id>
<Comment>O&gt;2L</Comment>
</TB_analysis>
<TB_analysis>
<id>116</id>
<play-id>853547</play-id>
<aplayer-id>3733</aplayer-id>
<arate-id>4</arate-id>
<atype-id>26</atype-id>
<hplayer-id>9625</hplayer-id>
<hrate-id>6</hrate-id>
<htype-id>26</htype-id>
<Comment>I</Comment>
</TB_analysis>
<TB_analysis>
<id>118</id>
<play-id>853547</play-id>
<aplayer-id>9461</aplayer-id>
<arate-id>5</arate-id>
<atype-id>26</atype-id>
<hplayer-id>5761</hplayer-id>
<hrate-id>5</hrate-id>
<htype-id>26</htype-id>
<Comment>O</Comment>
</TB_analysis>
<TB_analysis>
<id>119</id>
<play-id>853548</play-id>
<aplayer-id>2718</aplayer-id>
<arate-id>4</arate-id>
<atype-id>26</atype-id>
<hplayer-id>8117</hplayer-id>
<hrate-id>6</hrate-id>
<htype-id>26</htype-id>
<Comment>XR&gt;1D</Comment>
</TB_analysis>
<TB_analysis>
<id>120</id>
<play-id>853548</play-id>
<aplayer-id>4924</aplayer-id>
<arate-id>4</arate-id>
<atype-id>26</atype-id>
<htype-id>26</htype-id>
<Comment>XR&gt;1D</Comment>
</TB_analysis>
<TB_analysis>
<id>121</id>
<play-id>853549</play-id>
<aplayer-id>4924</aplayer-id>
<arate-id>4</arate-id>
<atype-id>26</atype-id>
<hplayer-id>5603</hplayer-id>
<hrate-id>6</hrate-id>
<htype-id>26</htype-id>
<Comment>8R&gt;PA&gt;TD</Comment>
</TB_analysis>
<TB_analysis>
<id>122</id>
<play-id>853549</play-id>
<aplayer-id>8645</aplayer-id>
<arate-id>4</arate-id>
<atype-id>26</atype-id>
<hplayer-id>3653</hplayer-id>
<hrate-id>7</hrate-id>
<htype-id>26</htype-id>
<Comment>8R&gt;PA&gt;TD</Comment>
</TB_analysis>
<TB_analysis>
<id>123</id>
<play-id>853551</play-id>
<aplayer-id>7947</aplayer-id>
<arate-id>4</arate-id>
<atype-id>26</atype-id>
<htype-id>26</htype-id>
<Comment>GD&gt;TBZ</Comment>
</TB_analysis>
<TB_analysis>
<id>124</id>
<play-id>853552</play-id>
<aplayer-id>7459</aplayer-id>
<arate-id>4</arate-id>
<atype-id>26</atype-id>
<hplayer-id>7792</hplayer-id>
<hrate-id>6</hrate-id>
<htype-id>26</htype-id>
<Comment>SU at POA&gt;FC</Comment>
</TB_analysis>
<TB_analysis>
<id>125</id>
<play-id>853552</play-id>
<aplayer-id>5371</aplayer-id>
<arate-id>4</arate-id>
<atype-id>26</atype-id>
<hplayer-id>4544</hplayer-id>
<hrate-id>6</hrate-id>
<htype-id>26</htype-id>
<Comment>B&gt;O&gt;TFSG</Comment>
</TB_analysis>
<TB_analysis>
<id>126</id>
<play-id>853553</play-id>
<aplayer-id>7817</aplayer-id>
<arate-id>6</arate-id>
<atype-id>26</atype-id>
<hplayer-id>7857</hplayer-id>
<hrate-id>4</hrate-id>
<htype-id>26</htype-id>
<Comment>8R&gt;1D</Comment>
</TB_analysis>
<TB_analysis>
<id>127</id>
<play-id>853553</play-id>
<atype-id>26</atype-id>
<hplayer-id>1725</hplayer-id>
<hrate-id>3</hrate-id>
<htype-id>26</htype-id>
<Comment>8R&gt;1D</Comment>
</TB_analysis>
<TB_analysis>
<id>128</id>
<play-id>853553</play-id>
<aplayer-id>4147</aplayer-id>
<arate-id>7</arate-id>
<atype-id>11</atype-id>
<hplayer-id>7857</hplayer-id>
<hrate-id>5</hrate-id>
<htype-id>40</htype-id>
<Comment>PEN(UNR)</Comment>
</TB_analysis>
<TB_analysis>
<id>129</id>
<play-id>853554</play-id>
<aplayer-id>5814</aplayer-id>
<arate-id>5</arate-id>
<atype-id>26</atype-id>
<hplayer-id>8724</hplayer-id>
<hrate-id>5</hrate-id>
<htype-id>26</htype-id>
<Comment>CR&gt;DT</Comment>
</TB_analysis>
<TB_analysis>
<id>130</id>
<play-id>853554</play-id>
<aplayer-id>5371</aplayer-id>
<arate-id>4</arate-id>
<atype-id>26</atype-id>
<hplayer-id>4544</hplayer-id>
<hrate-id>7</hrate-id>
<htype-id>26</htype-id>
<Comment>I&gt;TFSG</Comment>
</TB_analysis>
<TB_analysis>
<id>132</id>
<play-id>853554</play-id>
<aplayer-id>7459</aplayer-id>
<arate-id>4</arate-id>
<atype-id>26</atype-id>
<hplayer-id>7792</hplayer-id>
<hrate-id>5</hrate-id>
<htype-id>26</htype-id>
<Comment>O&gt;DT&gt;Prevents RG from reaching 2L to block LB57</Comment>
</TB_analysis>
<TB_analysis>
<id>133</id>
<play-id>853555</play-id>
<aplayer-id>3061</aplayer-id>
<arate-id>7</arate-id>
<atype-id>8</atype-id>
<hplayer-id>7110</hplayer-id>
<hrate-id>4</hrate-id>
<htype-id>26</htype-id>
<Comment>XR&gt;SA&gt;MT&gt;1D</Comment>
</TB_analysis>
<TB_analysis>
<id>134</id>
<play-id>853556</play-id>
<aplayer-id>6503</aplayer-id>
<arate-id>5</arate-id>
<atype-id>26</atype-id>
<hplayer-id>8724</hplayer-id>
<hrate-id>4</hrate-id>
<htype-id>26</htype-id>
<Comment>CR&gt;C&gt;2L</Comment>
</TB_analysis>
<TB_analysis>
<id>135</id>
<play-id>853556</play-id>
<aplayer-id>7459</aplayer-id>
<arate-id>6</arate-id>
<atype-id>26</atype-id>
<hplayer-id>6198</hplayer-id>
<hrate-id>4</hrate-id>
<htype-id>26</htype-id>
<Comment>O</Comment>
</TB_analysis>
<TB_analysis>
<id>136</id>
<play-id>853556</play-id>
<aplayer-id>2957</aplayer-id>
<arate-id>6</arate-id>
<atype-id>26</atype-id>
<hplayer-id>7792</hplayer-id>
<hrate-id>4</hrate-id>
<htype-id>26</htype-id>
<Comment>O</Comment>
</TB_analysis>
<TB_analysis>
<id>137</id>
<play-id>853557</play-id>
<aplayer-id>6503</aplayer-id>
<arate-id>4</arate-id>
<atype-id>26</atype-id>
<htype-id>26</htype-id>
<Comment>U&gt;TFSG</Comment>
</TB_analysis>
<TB_analysis>
<id>138</id>
<play-id>853557</play-id>
<aplayer-id>2957</aplayer-id>
<arate-id>5</arate-id>
<atype-id>26</atype-id>
<hplayer-id>7792</hplayer-id>
<hrate-id>5</hrate-id>
<htype-id>26</htype-id>
<Comment>I&gt;DT</Comment>
</TB_analysis>
<TB_analysis>
<id>139</id>
<play-id>853557</play-id>
<aplayer-id>7459</aplayer-id>
<arate-id>4</arate-id>
<atype-id>26</atype-id>
<hplayer-id>6198</hplayer-id>
<hrate-id>6</hrate-id>
<htype-id>26</htype-id>
<Comment>SU at LOS&gt;FC</Comment>
</TB_analysis>
<TB_analysis>
<id>140</id>
<play-id>853558</play-id>
<aplayer-id>7459</aplayer-id>
<arate-id>7</arate-id>
<atype-id>11</atype-id>
<htype-id>26</htype-id>
<Comment>PEN(ENC)</Comment>
</TB_analysis>
<TB_analysis>
<id>141</id>
<play-id>853559</play-id>
<aplayer-id>7459</aplayer-id>
<arate-id>5</arate-id>
<atype-id>26</atype-id>
<hplayer-id>4544</hplayer-id>
<hrate-id>5</hrate-id>
<htype-id>26</htype-id>
<Comment>I&gt;DT</Comment>
</TB_analysis>
<TB_analysis>
<id>142</id>
<play-id>853559</play-id>
<atype-id>26</atype-id>
<hplayer-id>4914</hplayer-id>
<hrate-id>4</hrate-id>
<htype-id>26</htype-id>
<Comment>GB&gt;TD</Comment>
</TB_analysis>
<TB_analysis>
<id>143</id>
<play-id>853559</play-id>
<aplayer-id>3061</aplayer-id>
<arate-id>6</arate-id>
<atype-id>26</atype-id>
<hplayer-id>7792</hplayer-id>
<hrate-id>4</hrate-id>
<htype-id>26</htype-id>
<Comment>O&gt;PBL</Comment>
</TB_analysis>
<TB_analysis>
<id>144</id>
<play-id>853559</play-id>
<aplayer-id>2957</aplayer-id>
<arate-id>5</arate-id>
<atype-id>26</atype-id>
<hplayer-id>8724</hplayer-id>
<hrate-id>6</hrate-id>
<htype-id>26</htype-id>
<Comment>CR</Comment>
</TB_analysis>
<TB_analysis>
<id>145</id>
<play-id>853561</play-id>
<atype-id>26</atype-id>
<hplayer-id>10133</hplayer-id>
<hrate-id>4</hrate-id>
<htype-id>26</htype-id>
<Comment>GD&gt;TBZ</Comment>
</TB_analysis>
<TB_analysis>
<id>146</id>
<play-id>853562</play-id>
<aplayer-id>3733</aplayer-id>
<arate-id>4</arate-id>
<atype-id>26</atype-id>
<hplayer-id>6170</hplayer-id>
<hrate-id>6</hrate-id>
<htype-id>26</htype-id>
<Comment>O</Comment>
</TB_analysis>
<TB_analysis>
<id>147</id>
<play-id>853562</play-id>
<aplayer-id>9461</aplayer-id>
<arate-id>5</arate-id>
<atype-id>26</atype-id>
<hplayer-id>7052</hplayer-id>
<hrate-id>5</hrate-id>
<htype-id>26</htype-id>
<Comment>I&gt;DT</Comment>
</TB_analysis>
<TB_analysis>
<id>148</id>
<play-id>853562</play-id>
<aplayer-id>8645</aplayer-id>
<arate-id>6</arate-id>
<atype-id>26</atype-id>
<hplayer-id>7819</hplayer-id>
<hrate-id>5</hrate-id>
<htype-id>26</htype-id>
<Comment>O&gt;2L&gt;T</Comment>
</TB_analysis>
<TB_analysis>
<id>149</id>
<play-id>853562</play-id>
<aplayer-id>9487</aplayer-id>
<arate-id>5</arate-id>
<atype-id>40</atype-id>
<hplayer-id>7819</hplayer-id>
<hrate-id>7</hrate-id>
<htype-id>11</htype-id>
<Comment>PEN(FMM)</Comment>
</TB_analysis>
<TB_analysis>
<id>150</id>
<play-id>853563</play-id>
<aplayer-id>9461</aplayer-id>
<arate-id>7</arate-id>
<atype-id>26</atype-id>
<hplayer-id>6170</hplayer-id>
<hrate-id>3</hrate-id>
<htype-id>26</htype-id>
<Comment>O&gt;TFNG</Comment>
</TB_analysis>
<TB_analysis>
<id>151</id>
<play-id>853563</play-id>
<aplayer-id>8711</aplayer-id>
<arate-id>4</arate-id>
<atype-id>26</atype-id>
<hplayer-id>5757</hplayer-id>
<hrate-id>6</hrate-id>
<htype-id>26</htype-id>
<Comment>CL</Comment>
</TB_analysis>
<TB_analysis>
<id>152</id>
<play-id>853563</play-id>
<atype-id>26</atype-id>
<hplayer-id>9586</hplayer-id>
<hrate-id>4</hrate-id>
<htype-id>26</htype-id>
<Comment>U&gt;TFNG</Comment>
</TB_analysis>
<TB_analysis>
<id>153</id>
<play-id>853563</play-id>
<aplayer-id>3733</aplayer-id>
<arate-id>5</arate-id>
<atype-id>26</atype-id>
<hplayer-id>5603</hplayer-id>
<hrate-id>5</hrate-id>
<htype-id>26</htype-id>
<Comment>O</Comment>
</TB_analysis>
<TB_analysis>
<id>154</id>
<play-id>853564</play-id>
<aplayer-id>7029</aplayer-id>
<arate-id>7</arate-id>
<atype-id>3</atype-id>
<hplayer-id>7024</hplayer-id>
<hrate-id>3</hrate-id>
<htype-id>3</htype-id>
<Comment>B&gt;I&gt;HA</Comment>
</TB_analysis>
<TB_analysis>
<id>155</id>
<play-id>853565</play-id>
<aplayer-id>5585</aplayer-id>
<arate-id>5</arate-id>
<atype-id>26</atype-id>
<hplayer-id>8660</hplayer-id>
<hrate-id>4</hrate-id>
<htype-id>26</htype-id>
<Comment>XR&gt;TSo3</Comment>
</TB_analysis>
<TB_analysis>
<id>156</id>
<play-id>853566</play-id>
<aplayer-id>7947</aplayer-id>
<arate-id>4</arate-id>
<atype-id>26</atype-id>
<htype-id>26</htype-id>
<Comment>C1&gt;GH&gt;GL</Comment>
</TB_analysis>
<TB_analysis>
<id>157</id>
<play-id>853567</play-id>
<aplayer-id>7914</aplayer-id>
<arate-id>5</arate-id>
<atype-id>26</atype-id>
<hplayer-id>6244</hplayer-id>
<hrate-id>6</hrate-id>
<htype-id>26</htype-id>
<Comment>O&gt;T</Comment>
</TB_analysis>
<TB_analysis>
<id>158</id>
<play-id>853567</play-id>
<aplayer-id>2957</aplayer-id>
<arate-id>6</arate-id>
<atype-id>26</atype-id>
<hplayer-id>7792</hplayer-id>
<hrate-id>4</hrate-id>
<htype-id>26</htype-id>
<Comment>O</Comment>
</TB_analysis>
<TB_analysis>
<id>159</id>
<play-id>853567</play-id>
<aplayer-id>7459</aplayer-id>
<arate-id>4</arate-id>
<atype-id>26</atype-id>
<hplayer-id>8724</hplayer-id>
<hrate-id>6</hrate-id>
<htype-id>26</htype-id>
<Comment>CL&gt;SQ&gt;FC</Comment>
</TB_analysis>
<TB_analysis>
<id>160</id>
<play-id>853567</play-id>
<atype-id>26</atype-id>
<hplayer-id>9448</hplayer-id>
<hrate-id>4</hrate-id>
<htype-id>26</htype-id>
<Comment>GC&gt;YDC</Comment>
</TB_analysis>
<TB_analysis>
<id>161</id>
<play-id>853568</play-id>
<aplayer-id>3671</aplayer-id>
<arate-id>4</arate-id>
<atype-id>26</atype-id>
<htype-id>26</htype-id>
<Comment>U&gt;TFNG</Comment>
</TB_analysis>
<TB_analysis>
<id>162</id>
<play-id>853568</play-id>
<aplayer-id>7459</aplayer-id>
<arate-id>4</arate-id>
<atype-id>26</atype-id>
<hplayer-id>8724</hplayer-id>
<hrate-id>6</hrate-id>
<htype-id>26</htype-id>
<Comment>SU at POA</Comment>
</TB_analysis>
<TB_analysis>
<id>163</id>
<play-id>853568</play-id>
<aplayer-id>8094</aplayer-id>
<arate-id>5</arate-id>
<atype-id>26</atype-id>
<hplayer-id>4544</hplayer-id>
<hrate-id>5</hrate-id>
<htype-id>26</htype-id>
<Comment>O&gt;DT</Comment>
</TB_analysis>
<TB_analysis>
<id>164</id>
<play-id>853568</play-id>
<aplayer-id>3061</aplayer-id>
<arate-id>5</arate-id>
<atype-id>26</atype-id>
<hplayer-id>4538</hplayer-id>
<hrate-id>6</hrate-id>
<htype-id>26</htype-id>
<Comment>I&gt;2L</Comment>
</TB_analysis>
<TB_analysis>
<id>165</id>
<play-id>853569</play-id>
<aplayer-id>4368</aplayer-id>
<arate-id>7</arate-id>
<atype-id>11</atype-id>
<htype-id>26</htype-id>
<Comment>PEN(NZI)</Comment>
</TB_analysis>
<TB_analysis>
<id>166</id>
<play-id>853570</play-id>
<aplayer-id>2957</aplayer-id>
<arate-id>3</arate-id>
<atype-id>26</atype-id>
<hplayer-id>7792</hplayer-id>
<hrate-id>7</hrate-id>
<htype-id>26</htype-id>
<Comment>O&gt;TFSG</Comment>
</TB_analysis>
<TB_analysis>
<id>167</id>
<play-id>853570</play-id>
<aplayer-id>7135</aplayer-id>
<arate-id>5</arate-id>
<atype-id>26</atype-id>
<hplayer-id>7110</hplayer-id>
<hrate-id>6</hrate-id>
<htype-id>26</htype-id>
<Comment>O&gt;SP&gt;2L</Comment>
</TB_analysis>
<TB_analysis>
<id>168</id>
<play-id>853571</play-id>
<aplayer-id>7817</aplayer-id>
<arate-id>7</arate-id>
<atype-id>26</atype-id>
<hplayer-id>2044</hplayer-id>
<hrate-id>3</hrate-id>
<htype-id>26</htype-id>
<Comment>7R&gt;1D</Comment>
</TB_analysis>
<TB_analysis>
<id>169</id>
<play-id>853571</play-id>
<atype-id>26</atype-id>
<hplayer-id>1725</hplayer-id>
<hrate-id>3</hrate-id>
<htype-id>26</htype-id>
<Comment>7R&gt;1D</Comment>
</TB_analysis>
<TB_analysis>
<id>170</id>
<play-id>853571</play-id>
<aplayer-id>7459</aplayer-id>
<arate-id>4</arate-id>
<atype-id>3</atype-id>
<hplayer-id>6198</hplayer-id>
<hrate-id>6</hrate-id>
<htype-id>3</htype-id>
<Comment>B</Comment>
</TB_analysis>
<TB_analysis>
<id>171</id>
<play-id>853572</play-id>
<aplayer-id>4147</aplayer-id>
<arate-id>7</arate-id>
<atype-id>8</atype-id>
<hplayer-id>7110</hplayer-id>
<hrate-id>3</hrate-id>
<htype-id>26</htype-id>
<Comment>9R&gt;MT32&gt;GC&gt;MT31&gt;1D</Comment>
</TB_analysis>
<TB_analysis>
<id>172</id>
<play-id>853572</play-id>
<aplayer-id>1355</aplayer-id>
<arate-id>6</arate-id>
<atype-id>8</atype-id>
<hplayer-id>7110</hplayer-id>
<hrate-id>5</hrate-id>
<htype-id>26</htype-id>
<Comment>9R&gt;MT32&gt;GC&gt;MT31&gt;1D</Comment>
</TB_analysis>
<TB_analysis>
<id>173</id>
<play-id>853572</play-id>
<aplayer-id>7135</aplayer-id>
<arate-id>6</arate-id>
<atype-id>26</atype-id>
<hplayer-id>1725</hplayer-id>
<hrate-id>4</hrate-id>
<htype-id>26</htype-id>
<Comment>9R&gt;1D</Comment>
</TB_analysis>
<TB_analysis>
<id>174</id>
<play-id>853573</play-id>
<atype-id>26</atype-id>
<hplayer-id>8724</hplayer-id>
<hrate-id>7</hrate-id>
<htype-id>11</htype-id>
<Comment>PEN(FST)</Comment>
</TB_analysis>
<TB_analysis>
<id>175</id>
<play-id>853574</play-id>
<aplayer-id>9461</aplayer-id>
<arate-id>6</arate-id>
<atype-id>2</atype-id>
<hplayer-id>7052</hplayer-id>
<hrate-id>4</hrate-id>
<htype-id>2</htype-id>
<Comment>O</Comment>
</TB_analysis>
<TB_analysis>
<id>176</id>
<play-id>853574</play-id>
<aplayer-id>1355</aplayer-id>
<arate-id>4</arate-id>
<atype-id>44</atype-id>
<hplayer-id>1725</hplayer-id>
<hrate-id>5</hrate-id>
<htype-id>26</htype-id>
<Comment>6R&gt;CC&gt;OT</Comment>
</TB_analysis>
<TB_analysis>
<id>177</id>
<play-id>853575</play-id>
<aplayer-id>3671</aplayer-id>
<arate-id>6</arate-id>
<atype-id>26</atype-id>
<hplayer-id>4538</hplayer-id>
<hrate-id>5</hrate-id>
<htype-id>26</htype-id>
<Comment>0R&gt;IOP&gt;9 on 2D-15</Comment>
</TB_analysis>
<TB_analysis>
<id>178</id>
<play-id>853576</play-id>
<aplayer-id>7135</aplayer-id>
<arate-id>6</arate-id>
<atype-id>26</atype-id>
<hplayer-id>4914</hplayer-id>
<hrate-id>4</hrate-id>
<htype-id>26</htype-id>
<Comment>H6&gt;1D</Comment>
</TB_analysis>
<TB_analysis>
<id>179</id>
<play-id>853577</play-id>
<aplayer-id>7817</aplayer-id>
<arate-id>3</arate-id>
<atype-id>26</atype-id>
<hplayer-id>1725</hplayer-id>
<hrate-id>7</hrate-id>
<htype-id>26</htype-id>
<Comment>9R&gt;FT&gt;INT</Comment>
</TB_analysis>
<TB_analysis>
<id>180</id>
<play-id>853579</play-id>
<aplayer-id>7947</aplayer-id>
<arate-id>4</arate-id>
<atype-id>26</atype-id>
<htype-id>26</htype-id>
<Comment>GD&gt;TB</Comment>
</TB_analysis>
<TB_analysis>
<id>181</id>
<play-id>853580</play-id>
<aplayer-id>6503</aplayer-id>
<arate-id>5</arate-id>
<atype-id>26</atype-id>
<hplayer-id>4914</hplayer-id>
<hrate-id>6</hrate-id>
<htype-id>9</htype-id>
<Comment>0R&gt;UT&gt;DP</Comment>
</TB_analysis>
<TB_analysis>
<id>182</id>
<play-id>853581</play-id>
<aplayer-id>1355</aplayer-id>
<arate-id>6</arate-id>
<atype-id>26</atype-id>
<hplayer-id>7857</hplayer-id>
<hrate-id>4</hrate-id>
<htype-id>26</htype-id>
<Comment>4R&gt;1D</Comment>
</TB_analysis>
<TB_analysis>
<id>183</id>
<play-id>853581</play-id>
<atype-id>26</atype-id>
<hplayer-id>1725</hplayer-id>
<hrate-id>4</hrate-id>
<htype-id>26</htype-id>
<Comment>4R&gt;1D</Comment>
</TB_analysis>
<TB_analysis>
<id>184</id>
<play-id>853581</play-id>
<aplayer-id>5814</aplayer-id>
<arate-id>3</arate-id>
<atype-id>3</atype-id>
<hplayer-id>8724</hplayer-id>
<hrate-id>7</hrate-id>
<htype-id>3</htype-id>
<Comment>CR</Comment>
</TB_analysis>
<TB_analysis>
<id>185</id>
<play-id>853581</play-id>
<aplayer-id>7459</aplayer-id>
<arate-id>4</arate-id>
<atype-id>3</atype-id>
<hplayer-id>7792</hplayer-id>
<hrate-id>6</hrate-id>
<htype-id>3</htype-id>
<Comment>B</Comment>
</TB_analysis>
<TB_analysis>
<id>186</id>
<play-id>853582</play-id>
<aplayer-id>1355</aplayer-id>
<arate-id>5</arate-id>
<atype-id>26</atype-id>
<hplayer-id>7857</hplayer-id>
<hrate-id>6</hrate-id>
<htype-id>9</htype-id>
<Comment>6R&gt;DP</Comment>
</TB_analysis>
<TB_analysis>
<id>187</id>
<play-id>853583</play-id>
<aplayer-id>3008</aplayer-id>
<arate-id>4</arate-id>
<atype-id>42</atype-id>
<hplayer-id>8724</hplayer-id>
<hrate-id>6</hrate-id>
<htype-id>42</htype-id>
<Comment>B&gt;ST from DLE</Comment>
</TB_analysis>
<TB_analysis>
<id>188</id>
<play-id>853583</play-id>
<aplayer-id>1355</aplayer-id>
<arate-id>6</arate-id>
<atype-id>26</atype-id>
<hplayer-id>7857</hplayer-id>
<hrate-id>4</hrate-id>
<htype-id>26</htype-id>
<Comment>6R&gt;1D</Comment>
</TB_analysis>
<TB_analysis>
<id>189</id>
<play-id>853584</play-id>
<aplayer-id>3671</aplayer-id>
<arate-id>5</arate-id>
<atype-id>26</atype-id>
<hplayer-id>7110</hplayer-id>
<hrate-id>6</hrate-id>
<htype-id>19</htype-id>
<Comment>I&gt;T</Comment>
</TB_analysis>
<TB_analysis>
<id>190</id>
<play-id>853585</play-id>
<aplayer-id>2957</aplayer-id>
<arate-id>5</arate-id>
<atype-id>26</atype-id>
<hplayer-id>7792</hplayer-id>
<hrate-id>5</hrate-id>
<htype-id>26</htype-id>
<Comment>I&gt;DT</Comment>
</TB_analysis>
<TB_analysis>
<id>191</id>
<play-id>853585</play-id>
<aplayer-id>7914</aplayer-id>
<arate-id>5</arate-id>
<atype-id>26</atype-id>
<hplayer-id>7110</hplayer-id>
<hrate-id>6</hrate-id>
<htype-id>26</htype-id>
<Comment>I&gt;T&gt;1D</Comment>
</TB_analysis>
<TB_analysis>
<id>192</id>
<play-id>853585</play-id>
<aplayer-id>7459</aplayer-id>
<arate-id>5</arate-id>
<atype-id>26</atype-id>
<hplayer-id>8724</hplayer-id>
<hrate-id>5</hrate-id>
<htype-id>26</htype-id>
<Comment>B&gt;CL&gt;DT</Comment>
</TB_analysis>
<TB_analysis>
<id>193</id>
<play-id>853587</play-id>
<aplayer-id>7207</aplayer-id>
<arate-id>6</arate-id>
<atype-id>26</atype-id>
<hplayer-id>7792</hplayer-id>
<hrate-id>4</hrate-id>
<htype-id>19</htype-id>
<Comment>I&gt;C&gt;DF</Comment>
</TB_analysis>
<TB_analysis>
<id>194</id>
<play-id>853587</play-id>
<atype-id>26</atype-id>
<hplayer-id>4914</hplayer-id>
<hrate-id>4</hrate-id>
<htype-id>26</htype-id>
<Comment>H1&gt;GC&gt;1D</Comment>
</TB_analysis>
<TB_analysis>
<id>195</id>
<play-id>853588</play-id>
<aplayer-id>9546</aplayer-id>
<arate-id>3</arate-id>
<atype-id>26</atype-id>
<hplayer-id>6198</hplayer-id>
<hrate-id>7</hrate-id>
<htype-id>26</htype-id>
<Comment>O&gt;DT&gt;TFSG</Comment>
</TB_analysis>
<TB_analysis>
<id>196</id>
<play-id>853588</play-id>
<aplayer-id>2957</aplayer-id>
<arate-id>5</arate-id>
<atype-id>26</atype-id>
<hplayer-id>7792</hplayer-id>
<hrate-id>5</hrate-id>
<htype-id>26</htype-id>
<Comment>O&gt;DT</Comment>
</TB_analysis>
<TB_analysis>
<id>197</id>
<play-id>853589</play-id>
<aplayer-id>1355</aplayer-id>
<arate-id>4</arate-id>
<atype-id>26</atype-id>
<hplayer-id>7110</hplayer-id>
<hrate-id>5</hrate-id>
<htype-id>26</htype-id>
<Comment>0R&gt;TFL</Comment>
</TB_analysis>
<TB_analysis>
<id>198</id>
<play-id>853589</play-id>
<aplayer-id>5371</aplayer-id>
<arate-id>4</arate-id>
<atype-id>26</atype-id>
<hplayer-id>7110</hplayer-id>
<hrate-id>5</hrate-id>
<htype-id>26</htype-id>
<Comment>0R&gt;TFL</Comment>
</TB_analysis>
<TB_analysis>
<id>199</id>
<play-id>853590</play-id>
<aplayer-id>5035</aplayer-id>
<arate-id>4</arate-id>
<atype-id>26</atype-id>
<hplayer-id>7857</hplayer-id>
<hrate-id>5</hrate-id>
<htype-id>26</htype-id>
<Comment>21R&gt;TSo3</Comment>
</TB_analysis>
<TB_analysis>
<id>200</id>
<play-id>853590</play-id>
<aplayer-id>4368</aplayer-id>
<arate-id>4</arate-id>
<atype-id>3</atype-id>
<hplayer-id>8724</hplayer-id>
<hrate-id>6</hrate-id>
<htype-id>3</htype-id>
<Comment>B</Comment>
</TB_analysis>
<TB_analysis>
<id>201</id>
<play-id>853591</play-id>
<atype-id>26</atype-id>
<hplayer-id>10133</hplayer-id>
<hrate-id>5</hrate-id>
<htype-id>26</htype-id>
<Comment>25&gt;RHM&gt;M</Comment>
</TB_analysis>
<TB_analysis>
<id>202</id>
<play-id>853592</play-id>
<atype-id>26</atype-id>
<hplayer-id>10133</hplayer-id>
<hrate-id>4</hrate-id>
<htype-id>26</htype-id>
<Comment>GD&gt;TBZ</Comment>
</TB_analysis>
<TB_analysis>
<id>203</id>
<play-id>853593</play-id>
<aplayer-id>8711</aplayer-id>
<arate-id>6</arate-id>
<atype-id>38</atype-id>
<htype-id>26</htype-id>
<Comment>SH</Comment>
</TB_analysis>
<TB_analysis>
<id>204</id>
<play-id>853593</play-id>
<aplayer-id>9025</aplayer-id>
<arate-id>6</arate-id>
<atype-id>19</atype-id>
<hplayer-id>8117</hplayer-id>
<hrate-id>6</hrate-id>
<htype-id>8</htype-id>
<Comment>I&gt;PBR&gt;MT</Comment>
</TB_analysis>
<TB_analysis>
<id>205</id>
<play-id>853593</play-id>
<aplayer-id>3618</aplayer-id>
<arate-id>4</arate-id>
<atype-id>19</atype-id>
<hplayer-id>4349</hplayer-id>
<hrate-id>6</hrate-id>
<htype-id>26</htype-id>
<Comment>O&gt;DF</Comment>
</TB_analysis>
<TB_analysis>
<id>206</id>
<play-id>853593</play-id>
<aplayer-id>9487</aplayer-id>
<arate-id>3</arate-id>
<atype-id>26</atype-id>
<htype-id>26</htype-id>
<Comment>H2&gt;GC&gt;MT37&gt;GB&gt;1D</Comment>
</TB_analysis>
<TB_analysis>
<id>207</id>
<play-id>853594</play-id>
<aplayer-id>2718</aplayer-id>
<arate-id>4</arate-id>
<atype-id>19</atype-id>
<hplayer-id>5557</hplayer-id>
<hrate-id>6</hrate-id>
<htype-id>26</htype-id>
<Comment>I</Comment>
</TB_analysis>
<TB_analysis>
<id>208</id>
<play-id>853595</play-id>
<aplayer-id>3733</aplayer-id>
<arate-id>7</arate-id>
<atype-id>3</atype-id>
<hplayer-id>5757</hplayer-id>
<hrate-id>3</hrate-id>
<htype-id>3</htype-id>
<Comment>I</Comment>
</TB_analysis>
<TB_analysis>
<id>209</id>
<play-id>853595</play-id>
<aplayer-id>4924</aplayer-id>
<arate-id>4</arate-id>
<atype-id>26</atype-id>
<hplayer-id>8660</hplayer-id>
<hrate-id>4</hrate-id>
<htype-id>44</htype-id>
<Comment>9R&gt;CC</Comment>
</TB_analysis>
<TB_analysis>
<id>210</id>
<play-id>853596</play-id>
<atype-id>26</atype-id>
<hplayer-id>7024</hplayer-id>
<hrate-id>4</hrate-id>
<htype-id>2</htype-id>
<Comment>U&gt;R.E.N</Comment>
</TB_analysis>
<TB_analysis>
<id>211</id>
<play-id>853596</play-id>
<aplayer-id>4924</aplayer-id>
<arate-id>5</arate-id>
<atype-id>26</atype-id>
<hplayer-id>9586</hplayer-id>
<hrate-id>4</hrate-id>
<htype-id>26</htype-id>
<Comment>HA(54)&gt;INT</Comment>
</TB_analysis>
<TB_analysis>
<id>212</id>
<play-id>853597</play-id>
<aplayer-id>1355</aplayer-id>
<arate-id>6</arate-id>
<atype-id>26</atype-id>
<hplayer-id>7857</hplayer-id>
<hrate-id>4</hrate-id>
<htype-id>26</htype-id>
<Comment>6R.1D</Comment>
</TB_analysis>
<TB_analysis>
<id>213</id>
<play-id>853597</play-id>
<atype-id>26</atype-id>
<hplayer-id>1725</hplayer-id>
<hrate-id>4</hrate-id>
<htype-id>26</htype-id>
<Comment>6R&gt;1D</Comment>
</TB_analysis>
<TB_analysis>
<id>214</id>
<play-id>853597</play-id>
<aplayer-id>4368</aplayer-id>
<arate-id>3</arate-id>
<atype-id>3</atype-id>
<hplayer-id>6244</hplayer-id>
<hrate-id>7</hrate-id>
<htype-id>3</htype-id>
<Comment>O</Comment>
</TB_analysis>
<TB_analysis>
<id>215</id>
<play-id>853597</play-id>
<aplayer-id>7459</aplayer-id>
<arate-id>4</arate-id>
<atype-id>3</atype-id>
<hplayer-id>6198</hplayer-id>
<hrate-id>6</hrate-id>
<htype-id>3</htype-id>
<Comment>B</Comment>
</TB_analysis>
<TB_analysis>
<id>216</id>
<play-id>853598</play-id>
<aplayer-id>2957</aplayer-id>
<arate-id>6</arate-id>
<atype-id>26</atype-id>
<hplayer-id>7792</hplayer-id>
<hrate-id>4</hrate-id>
<htype-id>26</htype-id>
<Comment>O</Comment>
</TB_analysis>
<TB_analysis>
<id>217</id>
<play-id>853598</play-id>
<aplayer-id>7459</aplayer-id>
<arate-id>5</arate-id>
<atype-id>26</atype-id>
<hplayer-id>6198</hplayer-id>
<hrate-id>5</hrate-id>
<htype-id>26</htype-id>
<Comment>O&gt;DT</Comment>
</TB_analysis>
<TB_analysis>
<id>218</id>
<play-id>853598</play-id>
<aplayer-id>6503</aplayer-id>
<arate-id>5</arate-id>
<atype-id>26</atype-id>
<hplayer-id>8724</hplayer-id>
<hrate-id>6</hrate-id>
<htype-id>26</htype-id>
<Comment>CR&gt;2L</Comment>
</TB_analysis>
<TB_analysis>
<id>219</id>
<play-id>853599</play-id>
<aplayer-id>4368</aplayer-id>
<arate-id>2</arate-id>
<atype-id>6</atype-id>
<hplayer-id>5165</hplayer-id>
<hrate-id>7</hrate-id>
<htype-id>26</htype-id>
<Comment>I&gt;T&gt;FF</Comment>
</TB_analysis>
<TB_analysis>
<id>220</id>
<play-id>853599</play-id>
<aplayer-id>7459</aplayer-id>
<arate-id>6</arate-id>
<atype-id>26</atype-id>
<hplayer-id>6198</hplayer-id>
<hrate-id>4</hrate-id>
<htype-id>26</htype-id>
<Comment>O&gt;DT</Comment>
</TB_analysis>
<TB_analysis>
<id>221</id>
<play-id>853599</play-id>
<aplayer-id>2957</aplayer-id>
<arate-id>5</arate-id>
<atype-id>26</atype-id>
<hplayer-id>6244</hplayer-id>
<hrate-id>5</hrate-id>
<htype-id>26</htype-id>
<Comment>O&gt;DT</Comment>
</TB_analysis>
<TB_analysis>
<id>222</id>
<play-id>853599</play-id>
<aplayer-id>3061</aplayer-id>
<arate-id>4</arate-id>
<atype-id>7</atype-id>
<hplayer-id>9448</hplayer-id>
<hrate-id>8</hrate-id>
<htype-id>5</htype-id>
</TB_analysis>
<TB_analysis>
<id>223</id>
<play-id>853600</play-id>
<aplayer-id>4943</aplayer-id>
<arate-id>7</arate-id>
<atype-id>26</atype-id>
<hplayer-id>7024</hplayer-id>
<hrate-id>3</hrate-id>
<htype-id>26</htype-id>
<Comment>O&gt;TFL</Comment>
</TB_analysis>
<TB_analysis>
<id>224</id>
<play-id>853600</play-id>
<aplayer-id>9461</aplayer-id>
<arate-id>6</arate-id>
<atype-id>26</atype-id>
<hplayer-id>7819</hplayer-id>
<hrate-id>3</hrate-id>
<htype-id>26</htype-id>
<Comment>I&gt;TFL</Comment>
</TB_analysis>
<TB_analysis>
<id>225</id>
<play-id>853600</play-id>
<aplayer-id>9025</aplayer-id>
<arate-id>5</arate-id>
<atype-id>26</atype-id>
<hplayer-id>7052</hplayer-id>
<hrate-id>5</hrate-id>
<htype-id>26</htype-id>
<Comment>O&gt;DT</Comment>
</TB_analysis>
<TB_analysis>
<id>226</id>
<play-id>853599</play-id>
<aplayer-id>8094</aplayer-id>
<arate-id>5</arate-id>
<atype-id>26</atype-id>
<hplayer-id>4544</hplayer-id>
<hrate-id>6</hrate-id>
<htype-id>26</htype-id>
<Comment>I</Comment>
</TB_analysis>
<TB_analysis>
<id>227</id>
<play-id>853601</play-id>
<aplayer-id>9487</aplayer-id>
<arate-id>5</arate-id>
<atype-id>26</atype-id>
<hplayer-id>9586</hplayer-id>
<hrate-id>4</hrate-id>
<htype-id>26</htype-id>
<Comment>H1&gt;TFL</Comment>
</TB_analysis>
<TB_analysis>
<id>228</id>
<play-id>853602</play-id>
<atype-id>26</atype-id>
<hplayer-id>9586</hplayer-id>
<hrate-id>5</hrate-id>
<htype-id>3</htype-id>
<Comment>U&gt;L.A.S&gt;ST from RLB</Comment>
</TB_analysis>
<TB_analysis>
<id>229</id>
<play-id>853602</play-id>
<aplayer-id>4924</aplayer-id>
<arate-id>8</arate-id>
<atype-id>26</atype-id>
<hplayer-id>5557</hplayer-id>
<hrate-id>3</hrate-id>
<htype-id>26</htype-id>
<Comment>39R&gt;CC&gt;UT&gt;INT</Comment>
</TB_analysis>
<TB_analysis>
<id>230</id>
<play-id>853603</play-id>
<aplayer-id>2957</aplayer-id>
<arate-id>4</arate-id>
<atype-id>26</atype-id>
<hplayer-id>8724</hplayer-id>
<hrate-id>6</hrate-id>
<htype-id>26</htype-id>
<Comment>CR&gt;DT&gt;TFSG</Comment>
</TB_analysis>
<TB_analysis>
<id>231</id>
<play-id>853604</play-id>
<aplayer-id>3008</aplayer-id>
<arate-id>3</arate-id>
<atype-id>26</atype-id>
<hplayer-id>6244</hplayer-id>
<hrate-id>7</hrate-id>
<htype-id>26</htype-id>
<Comment>O&gt;TFSG</Comment>
</TB_analysis>
<TB_analysis>
<id>232</id>
<play-id>853604</play-id>
<aplayer-id>7459</aplayer-id>
<arate-id>5</arate-id>
<atype-id>26</atype-id>
<hplayer-id>6198</hplayer-id>
<hrate-id>5</hrate-id>
<htype-id>26</htype-id>
<Comment>I&gt;DT</Comment>
</TB_analysis>
<TB_analysis>
<id>233</id>
<play-id>853605</play-id>
<aplayer-id>3061</aplayer-id>
<arate-id>6</arate-id>
<atype-id>26</atype-id>
<hplayer-id>4538</hplayer-id>
<hrate-id>4</hrate-id>
<htype-id>26</htype-id>
<Comment>XR&gt;GB&gt;TD</Comment>
</TB_analysis>
<TB_analysis>
<id>234</id>
<play-id>853607</play-id>
<atype-id>26</atype-id>
<hplayer-id>10133</hplayer-id>
<hrate-id>4</hrate-id>
<htype-id>26</htype-id>
<Comment>GD&gt;TBZ</Comment>
</TB_analysis>
<TB_analysis>
<id>235</id>
<play-id>853608</play-id>
<aplayer-id>9025</aplayer-id>
<arate-id>6</arate-id>
<atype-id>42</atype-id>
<hplayer-id>7024</hplayer-id>
<hrate-id>4</hrate-id>
<htype-id>42</htype-id>
<Comment>B</Comment>
</TB_analysis>
<TB_analysis>
<id>236</id>
<play-id>853608</play-id>
<aplayer-id>9487</aplayer-id>
<arate-id>4</arate-id>
<atype-id>26</atype-id>
<hplayer-id>7819</hplayer-id>
<hrate-id>7</hrate-id>
<htype-id>8</htype-id>
<Comment>H3&gt;MT&gt;YDC&gt;1D</Comment>
</TB_analysis>
<TB_analysis>
<id>237</id>
<play-id>853609</play-id>
<aplayer-id>7029</aplayer-id>
<arate-id>6</arate-id>
<atype-id>26</atype-id>
<hplayer-id>5603</hplayer-id>
<hrate-id>5</hrate-id>
<htype-id>26</htype-id>
<Comment>O</Comment>
</TB_analysis>
<TB_analysis>
<id>238</id>
<play-id>853609</play-id>
<aplayer-id>8094</aplayer-id>
<arate-id>5</arate-id>
<atype-id>26</atype-id>
<hplayer-id>6244</hplayer-id>
<hrate-id>5</hrate-id>
<htype-id>26</htype-id>
<Comment>I</Comment>
</TB_analysis>
<TB_analysis>
<id>239</id>
<play-id>853609</play-id>
<aplayer-id>3733</aplayer-id>
<arate-id>4</arate-id>
<atype-id>26</atype-id>
<hplayer-id>5761</hplayer-id>
<hrate-id>6</hrate-id>
<htype-id>26</htype-id>
<Comment>O</Comment>
</TB_analysis>
<TB_analysis>
<id>240</id>
<play-id>853609</play-id>
<aplayer-id>9487</aplayer-id>
<arate-id>4</arate-id>
<atype-id>26</atype-id>
<htype-id>26</htype-id>
<Comment>GC</Comment>
</TB_analysis>
<TB_analysis>
<id>241</id>
<play-id>853609</play-id>
<aplayer-id>8711</aplayer-id>
<arate-id>6</arate-id>
<atype-id>26</atype-id>
<hplayer-id>7819</hplayer-id>
<hrate-id>5</hrate-id>
<htype-id>26</htype-id>
<Comment>CL&gt;2L</Comment>
</TB_analysis>
<TB_analysis>
<id>242</id>
<play-id>853610</play-id>
<aplayer-id>2718</aplayer-id>
<arate-id>6</arate-id>
<atype-id>19</atype-id>
<hplayer-id>8660</hplayer-id>
<hrate-id>4</hrate-id>
<htype-id>26</htype-id>
<Comment>I&gt;TFSG</Comment>
</TB_analysis>
<TB_analysis>
<id>243</id>
<play-id>853610</play-id>
<aplayer-id>8645</aplayer-id>
<arate-id>4</arate-id>
<atype-id>19</atype-id>
<hplayer-id>5557</hplayer-id>
<hrate-id>5</hrate-id>
<htype-id>26</htype-id>
<Comment>O</Comment>
</TB_analysis>
<TB_analysis>
<id>244</id>
<play-id>853611</play-id>
<aplayer-id>9025</aplayer-id>
<arate-id>5</arate-id>
<atype-id>26</atype-id>
<hplayer-id>5761</hplayer-id>
<hrate-id>6</hrate-id>
<htype-id>26</htype-id>
<Comment>I&gt;DT</Comment>
</TB_analysis>
<TB_analysis>
<id>245</id>
<play-id>853611</play-id>
<atype-id>26</atype-id>
<hplayer-id>7819</hplayer-id>
<hrate-id>4</hrate-id>
<htype-id>26</htype-id>
<Comment>U&gt;TFSG&gt;TSo3</Comment>
</TB_analysis>
<TB_analysis>
<id>246</id>
<play-id>853611</play-id>
<aplayer-id>8711</aplayer-id>
<arate-id>5</arate-id>
<atype-id>26</atype-id>
<hplayer-id>7727</hplayer-id>
<hrate-id>4</hrate-id>
<htype-id>26</htype-id>
<Comment>CR&gt;TFSG&gt;TSo3</Comment>
</TB_analysis>
<TB_analysis>
<id>247</id>
<play-id>853612</play-id>
<atype-id>11</atype-id>
<htype-id>26</htype-id>
<Comment>PEN(DOG)</Comment>
</TB_analysis>
<TB_analysis>
<id>248</id>
<play-id>853613</play-id>
<aplayer-id>7947</aplayer-id>
<arate-id>4</arate-id>
<atype-id>26</atype-id>
<htype-id>26</htype-id>
<Comment>OF&gt;GH</Comment>
</TB_analysis>
<TB_analysis>
<id>249</id>
<play-id>853614</play-id>
<atype-id>26</atype-id>
<hplayer-id>9286</hplayer-id>
<hrate-id>4</hrate-id>
<htype-id>26</htype-id>
<Comment>H0&gt;GB&gt;1D</Comment>
</TB_analysis>
<TB_analysis>
<id>250</id>
<play-id>853614</play-id>
<aplayer-id>4147</aplayer-id>
<arate-id>6</arate-id>
<atype-id>26</atype-id>
<hplayer-id>6198</hplayer-id>
<hrate-id>4</hrate-id>
<htype-id>19</htype-id>
<Comment>B&gt;DF</Comment>
</TB_analysis>
<TB_analysis>
<id>251</id>
<play-id>853615</play-id>
<aplayer-id>5814</aplayer-id>
<arate-id>4</arate-id>
<atype-id>26</atype-id>
<hplayer-id>8724</hplayer-id>
<hrate-id>7</hrate-id>
<htype-id>26</htype-id>
<Comment>CR&gt;Draws pull block</Comment>
</TB_analysis>
<TB_analysis>
<id>252</id>
<play-id>853615</play-id>
<aplayer-id>7459</aplayer-id>
<arate-id>5</arate-id>
<atype-id>8</atype-id>
<hplayer-id>6244</hplayer-id>
<hrate-id>7</hrate-id>
<htype-id>26</htype-id>
<Comment>O&gt;MT</Comment>
</TB_analysis>
<TB_analysis>
<id>253</id>
<play-id>853615</play-id>
<aplayer-id>3061</aplayer-id>
<arate-id>6</arate-id>
<atype-id>26</atype-id>
<hplayer-id>6274</hplayer-id>
<hrate-id>4</hrate-id>
<htype-id>26</htype-id>
<Comment>I.2L</Comment>
</TB_analysis>
<TB_analysis>
<id>254</id>
<play-id>853615</play-id>
<aplayer-id>5814</aplayer-id>
<arate-id>5</arate-id>
<atype-id>26</atype-id>
<hplayer-id>6198</hplayer-id>
<hrate-id>4</hrate-id>
<htype-id>26</htype-id>
<Comment>I&gt;PBR</Comment>
</TB_analysis>
<TB_analysis>
<id>255</id>
<play-id>853616</play-id>
<aplayer-id>7459</aplayer-id>
<arate-id>5</arate-id>
<atype-id>8</atype-id>
<hplayer-id>8724</hplayer-id>
<hrate-id>6</hrate-id>
<htype-id>19</htype-id>
<Comment>I&gt;MTFL</Comment>
</TB_analysis>
<TB_analysis>
<id>256</id>
<play-id>853616</play-id>
<aplayer-id>5371</aplayer-id>
<arate-id>4</arate-id>
<atype-id>26</atype-id>
<hplayer-id>4914</hplayer-id>
<hrate-id>5</hrate-id>
<htype-id>26</htype-id>
<Comment>H0&gt;TFL</Comment>
</TB_analysis>
<TB_analysis>
<id>257</id>
<play-id>853617</play-id>
<aplayer-id>1355</aplayer-id>
<arate-id>6</arate-id>
<atype-id>26</atype-id>
<hplayer-id>7857</hplayer-id>
<hrate-id>4</hrate-id>
<htype-id>26</htype-id>
<Comment>4R&gt;1D</Comment>
</TB_analysis>
<TB_analysis>
<id>258</id>
<play-id>853617</play-id>
<atype-id>26</atype-id>
<hplayer-id>1725</hplayer-id>
<hrate-id>4</hrate-id>
<htype-id>26</htype-id>
<Comment>4R&gt;1D</Comment>
</TB_analysis>
<TB_analysis>
<id>259</id>
<play-id>853617</play-id>
<aplayer-id>5371</aplayer-id>
<arate-id>4</arate-id>
<atype-id>42</atype-id>
<hplayer-id>6244</hplayer-id>
<hrate-id>6</hrate-id>
<htype-id>42</htype-id>
<Comment>O</Comment>
</TB_analysis>
<TB_analysis>
<id>260</id>
<play-id>853617</play-id>
<aplayer-id>4368</aplayer-id>
<arate-id>5</arate-id>
<atype-id>3</atype-id>
<hplayer-id>8724</hplayer-id>
<hrate-id>5</hrate-id>
<htype-id>3</htype-id>
<Comment>B&gt;ST from DRT</Comment>
</TB_analysis>
<TB_analysis>
<id>261</id>
<play-id>853618</play-id>
<aplayer-id>4368</aplayer-id>
<arate-id>4</arate-id>
<atype-id>26</atype-id>
<hplayer-id>7110</hplayer-id>
<hrate-id>6</hrate-id>
<htype-id>26</htype-id>
<Comment>I&gt;T</Comment>
</TB_analysis>
<TB_analysis>
<id>262</id>
<play-id>853618</play-id>
<aplayer-id>2957</aplayer-id>
<arate-id>5</arate-id>
<atype-id>26</atype-id>
<hplayer-id>6244</hplayer-id>
<hrate-id>5</hrate-id>
<htype-id>26</htype-id>
<Comment>I&gt;DT</Comment>
</TB_analysis>
<TB_analysis>
<id>264</id>
<play-id>853619</play-id>
<aplayer-id>3061</aplayer-id>
<arate-id>5</arate-id>
<atype-id>26</atype-id>
<hplayer-id>7110</hplayer-id>
<hrate-id>4</hrate-id>
<htype-id>26</htype-id>
<Comment>XR&gt;1D</Comment>
</TB_analysis>
<TB_analysis>
<id>265</id>
<play-id>853619</play-id>
<aplayer-id>9461</aplayer-id>
<arate-id>6</arate-id>
<atype-id>42</atype-id>
<hplayer-id>7052</hplayer-id>
<hrate-id>4</hrate-id>
<htype-id>42</htype-id>
<Comment>B</Comment>
</TB_analysis>
<TB_analysis>
<id>266</id>
<play-id>853620</play-id>
<aplayer-id>7135</aplayer-id>
<arate-id>6</arate-id>
<atype-id>26</atype-id>
<hplayer-id>1725</hplayer-id>
<hrate-id>4</hrate-id>
<htype-id>26</htype-id>
<Comment>2R&gt;TD</Comment>
</TB_analysis>
<TB_analysis>
<id>267</id>
<play-id>853620</play-id>
<aplayer-id>4147</aplayer-id>
<arate-id>6</arate-id>
<atype-id>26</atype-id>
<hplayer-id>7110</hplayer-id>
<hrate-id>4</hrate-id>
<htype-id>26</htype-id>
<Comment>2R&gt;TD</Comment>
</TB_analysis>
<TB_analysis>
<id>268</id>
<play-id>853620</play-id>
<aplayer-id>7459</aplayer-id>
<arate-id>4</arate-id>
<atype-id>42</atype-id>
<hplayer-id>8724</hplayer-id>
<hrate-id>6</hrate-id>
<htype-id>42</htype-id>
<Comment>B</Comment>
</TB_analysis>
<TB_analysis>
<id>269</id>
<play-id>853621</play-id>
<atype-id>26</atype-id>
<hplayer-id>1725</hplayer-id>
<hrate-id>6</hrate-id>
<htype-id>11</htype-id>
<Comment>PEN(DOG)</Comment>
</TB_analysis>
<TB_analysis>
<id>270</id>
<play-id>853622</play-id>
<atype-id>26</atype-id>
<hplayer-id>10133</hplayer-id>
<hrate-id>7</hrate-id>
<htype-id>26</htype-id>
<Comment>XP&gt;WR&gt;38 yarder</Comment>
</TB_analysis>
<TB_analysis>
<id>271</id>
<play-id>853623</play-id>
<atype-id>26</atype-id>
<hplayer-id>10133</hplayer-id>
<hrate-id>4</hrate-id>
<htype-id>26</htype-id>
<Comment>KO&gt;GD</Comment>
</TB_analysis>
<TB_analysis>
<id>272</id>
<play-id>853623</play-id>
<aplayer-id>7980</aplayer-id>
<arate-id>4</arate-id>
<atype-id>26</atype-id>
<hplayer-id>10154</hplayer-id>
<hrate-id>6</hrate-id>
<htype-id>26</htype-id>
<Comment>KOL&gt;DT&gt;BTG</Comment>
</TB_analysis>
<TB_analysis>
<id>273</id>
<play-id>853623</play-id>
<aplayer-id>3008</aplayer-id>
<arate-id>4</arate-id>
<atype-id>26</atype-id>
<hplayer-id>10154</hplayer-id>
<hrate-id>5</hrate-id>
<htype-id>26</htype-id>
<Comment>KOL&gt;DT&gt;BTG</Comment>
</TB_analysis>
<TB_analysis>
<id>274</id>
<play-id>853623</play-id>
<atype-id>26</atype-id>
<hplayer-id>3653</hplayer-id>
<hrate-id>4</hrate-id>
<htype-id>26</htype-id>
<Comment>KR&gt;T</Comment>
</TB_analysis>
<TB_analysis>
<id>275</id>
<play-id>853624</play-id>
<aplayer-id>8711</aplayer-id>
<arate-id>5</arate-id>
<atype-id>19</atype-id>
<hplayer-id>7727</hplayer-id>
<hrate-id>6</hrate-id>
<htype-id>26</htype-id>
<Comment>I&gt;PBL</Comment>
</TB_analysis>
<TB_analysis>
<id>276</id>
<play-id>853624</play-id>
<aplayer-id>5797</aplayer-id>
<arate-id>4</arate-id>
<atype-id>26</atype-id>
<htype-id>26</htype-id>
<Comment>H1&gt;GB&gt;1D</Comment>
</TB_analysis>
<TB_analysis>
<id>277</id>
<play-id>853624</play-id>
<atype-id>26</atype-id>
<hplayer-id>7819</hplayer-id>
<hrate-id>6</hrate-id>
<htype-id>26</htype-id>
<Comment>IOP</Comment>
</TB_analysis>
<TB_analysis>
<id>278</id>
<play-id>853625</play-id>
<aplayer-id>8711</aplayer-id>
<arate-id>4</arate-id>
<atype-id>26</atype-id>
<hplayer-id>5603</hplayer-id>
<hrate-id>6</hrate-id>
<htype-id>26</htype-id>
<Comment>CL&gt;2L</Comment>
</TB_analysis>
<TB_analysis>
<id>279</id>
<play-id>853625</play-id>
<aplayer-id>3733</aplayer-id>
<arate-id>4</arate-id>
<atype-id>26</atype-id>
<hplayer-id>6170</hplayer-id>
<hrate-id>6</hrate-id>
<htype-id>26</htype-id>
<Comment>O</Comment>
</TB_analysis>
<TB_analysis>
<id>280</id>
<play-id>853625</play-id>
<aplayer-id>9487</aplayer-id>
<arate-id>4</arate-id>
<atype-id>26</atype-id>
<htype-id>26</htype-id>
<Comment>GC&gt;GB&gt;1D</Comment>
</TB_analysis>
<TB_analysis>
<id>281</id>
<play-id>853625</play-id>
<aplayer-id>9461</aplayer-id>
<arate-id>6</arate-id>
<atype-id>26</atype-id>
<hplayer-id>5761</hplayer-id>
<hrate-id>5</hrate-id>
<htype-id>26</htype-id>
<Comment>I</Comment>
</TB_analysis>
<TB_analysis>
<id>282</id>
<play-id>853626</play-id>
<atype-id>26</atype-id>
<hplayer-id>3653</hplayer-id>
<hrate-id>4</hrate-id>
<htype-id>26</htype-id>
<Comment>U&gt;TFSG</Comment>
</TB_analysis>
<TB_analysis>
<id>283</id>
<play-id>853626</play-id>
<aplayer-id>4943</aplayer-id>
<arate-id>5</arate-id>
<atype-id>26</atype-id>
<hplayer-id>7024</hplayer-id>
<hrate-id>5</hrate-id>
<htype-id>26</htype-id>
<Comment>I</Comment>
</TB_analysis>
<TB_analysis>
<id>284</id>
<play-id>853626</play-id>
<aplayer-id>8645</aplayer-id>
<arate-id>6</arate-id>
<atype-id>26</atype-id>
<hplayer-id>8660</hplayer-id>
<hrate-id>5</hrate-id>
<htype-id>26</htype-id>
<Comment>I.2L</Comment>
</TB_analysis>
<TB_analysis>
<id>285</id>
<play-id>853626</play-id>
<aplayer-id>7029</aplayer-id>
<arate-id>4</arate-id>
<atype-id>26</atype-id>
<hplayer-id>5603</hplayer-id>
<hrate-id>6</hrate-id>
<htype-id>26</htype-id>
<Comment>I</Comment>
</TB_analysis>
<TB_analysis>
<id>286</id>
<play-id>853626</play-id>
<aplayer-id>7029</aplayer-id>
<arate-id>5</arate-id>
<atype-id>40</atype-id>
<hplayer-id>5603</hplayer-id>
<hrate-id>7</hrate-id>
<htype-id>11</htype-id>
<Comment>PEN(ILH)</Comment>
</TB_analysis>
<TB_analysis>
<id>287</id>
<play-id>853627</play-id>
<aplayer-id>9025</aplayer-id>
<arate-id>7</arate-id>
<atype-id>42</atype-id>
<hplayer-id>7819</hplayer-id>
<hrate-id>4</hrate-id>
<htype-id>42</htype-id>
<Comment>B</Comment>
</TB_analysis>
<TB_analysis>
<id>288</id>
<play-id>853627</play-id>
<aplayer-id>4924</aplayer-id>
<arate-id>7</arate-id>
<atype-id>26</atype-id>
<hplayer-id>3653</hplayer-id>
<hrate-id>3</hrate-id>
<htype-id>12</htype-id>
<Comment>4R&gt;FT&gt;PD</Comment>
</TB_analysis>
<TB_analysis>
<id>289</id>
<play-id>853628</play-id>
<aplayer-id>9461</aplayer-id>
<arate-id>5</arate-id>
<atype-id>26</atype-id>
<hplayer-id>9625</hplayer-id>
<hrate-id>4</hrate-id>
<htype-id>26</htype-id>
<Comment>O</Comment>
</TB_analysis>
<TB_analysis>
<id>290</id>
<play-id>853628</play-id>
<aplayer-id>3733</aplayer-id>
<arate-id>6</arate-id>
<atype-id>26</atype-id>
<hplayer-id>7052</hplayer-id>
<hrate-id>4</hrate-id>
<htype-id>26</htype-id>
<Comment>I</Comment>
</TB_analysis>
<TB_analysis>
<id>291</id>
<play-id>853628</play-id>
<aplayer-id>8711</aplayer-id>
<arate-id>6</arate-id>
<atype-id>26</atype-id>
<hplayer-id>7052</hplayer-id>
<hrate-id>5</hrate-id>
<htype-id>26</htype-id>
<Comment>CR</Comment>
</TB_analysis>
<TB_analysis>
<id>292</id>
<play-id>853628</play-id>
<aplayer-id>7029</aplayer-id>
<arate-id>5</arate-id>
<atype-id>26</atype-id>
<hplayer-id>7819</hplayer-id>
<hrate-id>5</hrate-id>
<htype-id>8</htype-id>
<Comment>I&gt;MT</Comment>
</TB_analysis>
<TB_analysis>
<id>293</id>
<play-id>853628</play-id>
<aplayer-id>9487</aplayer-id>
<arate-id>7</arate-id>
<atype-id>5</atype-id>
<hplayer-id>5557</hplayer-id>
<hrate-id>3</hrate-id>
<htype-id>6</htype-id>
<Comment>CU&gt;TFL&gt;FF</Comment>
</TB_analysis>
<TB_analysis>
<id>294</id>
<play-id>853628</play-id>
<aplayer-id>9487</aplayer-id>
<arate-id>5</arate-id>
<atype-id>7</atype-id>
<htype-id>26</htype-id>
</TB_analysis>
<TB_analysis>
<id>295</id>
<play-id>853629</play-id>
<aplayer-id>9461</aplayer-id>
<arate-id>7</arate-id>
<atype-id>3</atype-id>
<hplayer-id>6170</hplayer-id>
<hrate-id>3</hrate-id>
<htype-id>3</htype-id>
<Comment>I</Comment>
</TB_analysis>
<TB_analysis>
<id>296</id>
<play-id>853629</play-id>
<aplayer-id>8711</aplayer-id>
<arate-id>6</arate-id>
<atype-id>3</atype-id>
<hplayer-id>6170</hplayer-id>
<hrate-id>5</hrate-id>
<htype-id>26</htype-id>
<Comment>CL</Comment>
</TB_analysis>
<TB_analysis>
<id>297</id>
<play-id>853629</play-id>
<aplayer-id>7029</aplayer-id>
<arate-id>6</arate-id>
<atype-id>42</atype-id>
<hplayer-id>7024</hplayer-id>
<hrate-id>5</hrate-id>
<htype-id>42</htype-id>
<Comment>B</Comment>
</TB_analysis>
<TB_analysis>
<id>298</id>
<play-id>853630</play-id>
<aplayer-id>7947</aplayer-id>
<arate-id>6</arate-id>
<atype-id>26</atype-id>
<htype-id>26</htype-id>
<Comment>C4&gt;GH&gt;GL&gt;BI</Comment>
</TB_analysis>
<TB_analysis>
<id>299</id>
<play-id>853631</play-id>
<aplayer-id>1355</aplayer-id>
<arate-id>5</arate-id>
<atype-id>26</atype-id>
<hplayer-id>7857</hplayer-id>
<hrate-id>4</hrate-id>
<htype-id>26</htype-id>
<Comment>6R&gt;7 on 1D</Comment>
</TB_analysis>
<TB_analysis>
<id>300</id>
<play-id>853632</play-id>
<aplayer-id>1355</aplayer-id>
<arate-id>6</arate-id>
<atype-id>26</atype-id>
<hplayer-id>7857</hplayer-id>
<hrate-id>4</hrate-id>
<htype-id>26</htype-id>
<Comment>2R&gt;1D</Comment>
</TB_analysis>
<TB_analysis>
<id>301</id>
<play-id>853632</play-id>
<aplayer-id>5814</aplayer-id>
<arate-id>4</arate-id>
<atype-id>2</atype-id>
<hplayer-id>8724</hplayer-id>
<hrate-id>5</hrate-id>
<htype-id>26</htype-id>
<Comment>CL&gt;Picked</Comment>
</TB_analysis>
<TB_analysis>
<id>303</id>
<play-id>853633</play-id>
<aplayer-id>9546</aplayer-id>
<arate-id>4</arate-id>
<atype-id>26</atype-id>
<hplayer-id>6274</hplayer-id>
<hrate-id>6</hrate-id>
<htype-id>26</htype-id>
<Comment>SU at LOS&gt;O&gt;DT</Comment>
</TB_analysis>
<TB_analysis>
<id>304</id>
<play-id>853633</play-id>
<aplayer-id>6503</aplayer-id>
<arate-id>4</arate-id>
<atype-id>26</atype-id>
<htype-id>26</htype-id>
<Comment>U&gt;TFSG</Comment>
</TB_analysis>
<TB_analysis>
<id>305</id>
<play-id>853633</play-id>
<aplayer-id>5814</aplayer-id>
<arate-id>5</arate-id>
<atype-id>26</atype-id>
<hplayer-id>8724</hplayer-id>
<hrate-id>5</hrate-id>
<htype-id>26</htype-id>
<Comment>CL&gt;DT</Comment>
</TB_analysis>
<TB_analysis>
<id>306</id>
<play-id>853633</play-id>
<aplayer-id>8094</aplayer-id>
<arate-id>4</arate-id>
<atype-id>26</atype-id>
<hplayer-id>4544</hplayer-id>
<hrate-id>6</hrate-id>
<htype-id>26</htype-id>
<Comment>B</Comment>
</TB_analysis>
<TB_analysis>
<id>307</id>
<play-id>853634</play-id>
<atype-id>26</atype-id>
<hplayer-id>4538</hplayer-id>
<hrate-id>3</hrate-id>
<htype-id>26</htype-id>
<Comment>0R&gt;GB&gt;MT55&gt;1D</Comment>
</TB_analysis>
<TB_analysis>
<id>308</id>
<play-id>853634</play-id>
<aplayer-id>9633</aplayer-id>
<arate-id>6</arate-id>
<atype-id>26</atype-id>
<hplayer-id>7110</hplayer-id>
<hrate-id>4</hrate-id>
<htype-id>19</htype-id>
<Comment>O</Comment>
</TB_analysis>
<TB_analysis>
<id>309</id>
<play-id>853634</play-id>
<aplayer-id>3061</aplayer-id>
<arate-id>5</arate-id>
<atype-id>8</atype-id>
<hplayer-id>6274</hplayer-id>
<hrate-id>6</hrate-id>
<htype-id>19</htype-id>
<Comment>O&gt;PBR&gt;MT</Comment>
</TB_analysis>
<TB_analysis>
<id>310</id>
<play-id>853634</play-id>
<aplayer-id>5035</aplayer-id>
<arate-id>6</arate-id>
<atype-id>26</atype-id>
<hplayer-id>6244</hplayer-id>
<hrate-id>5</hrate-id>
<htype-id>19</htype-id>
<Comment>O&gt;BPBR</Comment>
</TB_analysis>
<TB_analysis>
<id>311</id>
<play-id>853635</play-id>
<aplayer-id>9546</aplayer-id>
<arate-id>5</arate-id>
<atype-id>26</atype-id>
<hplayer-id>8724</hplayer-id>
<hrate-id>6</hrate-id>
<htype-id>26</htype-id>
<Comment>CL&gt;PEN(OH)</Comment>
</TB_analysis>
<TB_analysis>
<id>312</id>
<play-id>853635</play-id>
<aplayer-id>9546</aplayer-id>
<arate-id>5</arate-id>
<atype-id>40</atype-id>
<hplayer-id>8724</hplayer-id>
<hrate-id>5</hrate-id>
<htype-id>11</htype-id>
<Comment>PEN(OH)</Comment>
</TB_analysis>
<TB_analysis>
<id>313</id>
<play-id>853635</play-id>
<aplayer-id>3008</aplayer-id>
<arate-id>5</arate-id>
<atype-id>26</atype-id>
<hplayer-id>6601</hplayer-id>
<hrate-id>6</hrate-id>
<htype-id>26</htype-id>
<Comment>I&gt;DT&gt;T&gt;NOP</Comment>
</TB_analysis>
<TB_analysis>
<id>314</id>
<play-id>853635</play-id>
<aplayer-id>3061</aplayer-id>
<arate-id>5</arate-id>
<atype-id>26</atype-id>
<hplayer-id>6198</hplayer-id>
<hrate-id>6</hrate-id>
<htype-id>26</htype-id>
<Comment>I&gt;2L&gt;NOP</Comment>
</TB_analysis>
<TB_analysis>
<id>315</id>
<play-id>853635</play-id>
<aplayer-id>7459</aplayer-id>
<arate-id>5</arate-id>
<atype-id>26</atype-id>
<hplayer-id>6244</hplayer-id>
<hrate-id>5</hrate-id>
<htype-id>26</htype-id>
<Comment>I&gt;DT&gt;NOP</Comment>
</TB_analysis>
<TB_analysis>
<id>316</id>
<play-id>853636</play-id>
<aplayer-id>4147</aplayer-id>
<arate-id>4</arate-id>
<atype-id>26</atype-id>
<hplayer-id>7857</hplayer-id>
<hrate-id>5</hrate-id>
<htype-id>26</htype-id>
<Comment>XR&gt;TFSG</Comment>
</TB_analysis>
<TB_analysis>
<id>317</id>
<play-id>853637</play-id>
<aplayer-id>1355</aplayer-id>
<arate-id>4</arate-id>
<atype-id>26</atype-id>
<htype-id>26</htype-id>
<Comment>U&gt;CU&gt;TFL</Comment>
</TB_analysis>
<TB_analysis>
<id>318</id>
<play-id>853637</play-id>
<aplayer-id>3008</aplayer-id>
<arate-id>4</arate-id>
<atype-id>26</atype-id>
<hplayer-id>4544</hplayer-id>
<hrate-id>6</hrate-id>
<htype-id>26</htype-id>
<Comment>I&gt;TFL</Comment>
</TB_analysis>
<TB_analysis>
<id>319</id>
<play-id>853637</play-id>
<aplayer-id>7459</aplayer-id>
<arate-id>4</arate-id>
<atype-id>26</atype-id>
<hplayer-id>8724</hplayer-id>
<hrate-id>5</hrate-id>
<htype-id>26</htype-id>
<Comment>CR&gt;FC&gt;ST from DRT</Comment>
</TB_analysis>
<TB_analysis>
<id>320</id>
<play-id>853637</play-id>
<aplayer-id>4147</aplayer-id>
<arate-id>7</arate-id>
<atype-id>8</atype-id>
<htype-id>26</htype-id>
<Comment>U&gt;MTFL</Comment>
</TB_analysis>
<TB_analysis>
<id>322</id>
<play-id>853638</play-id>
<aplayer-id>2957</aplayer-id>
<arate-id>4</arate-id>
<atype-id>3</atype-id>
<hplayer-id>4914</hplayer-id>
<hrate-id>6</hrate-id>
<htype-id>3</htype-id>
<Comment>BBL</Comment>
</TB_analysis>
<TB_analysis>
<id>323</id>
<play-id>853638</play-id>
<aplayer-id>4147</aplayer-id>
<arate-id>7</arate-id>
<atype-id>8</atype-id>
<hplayer-id>7857</hplayer-id>
<hrate-id>4</hrate-id>
<htype-id>26</htype-id>
<Comment>XR&gt;GC&gt;OOP&gt;1D</Comment>
</TB_analysis>
<TB_analysis>
<id>324</id>
<play-id>853638</play-id>
<aplayer-id>7817</aplayer-id>
<arate-id>5</arate-id>
<atype-id>26</atype-id>
<hplayer-id>2044</hplayer-id>
<hrate-id>4</hrate-id>
<htype-id>19</htype-id>
<Comment>I&gt;DF</Comment>
</TB_analysis>
<TB_analysis>
<id>325</id>
<play-id>853639</play-id>
<aplayer-id>7914</aplayer-id>
<arate-id>6</arate-id>
<atype-id>26</atype-id>
<hplayer-id>6244</hplayer-id>
<hrate-id>4</hrate-id>
<htype-id>26</htype-id>
<Comment>I</Comment>
</TB_analysis>
<TB_analysis>
<id>326</id>
<play-id>853639</play-id>
<aplayer-id>3061</aplayer-id>
<arate-id>4</arate-id>
<atype-id>26</atype-id>
<htype-id>26</htype-id>
<Comment>U&gt;TFSG</Comment>
</TB_analysis>
<TB_analysis>
<id>327</id>
<play-id>853639</play-id>
<aplayer-id>2957</aplayer-id>
<arate-id>4</arate-id>
<atype-id>26</atype-id>
<hplayer-id>6274</hplayer-id>
<hrate-id>6</hrate-id>
<htype-id>26</htype-id>
<Comment>SU at LOS</Comment>
</TB_analysis>
<TB_analysis>
<id>329</id>
<play-id>853640</play-id>
<aplayer-id>9633</aplayer-id>
<arate-id>4</arate-id>
<atype-id>26</atype-id>
<hplayer-id>7857</hplayer-id>
<hrate-id>5</hrate-id>
<htype-id>26</htype-id>
<Comment>XR&gt;T</Comment>
</TB_analysis>
<TB_analysis>
<id>330</id>
<play-id>853641</play-id>
<aplayer-id>7459</aplayer-id>
<arate-id>5</arate-id>
<atype-id>3</atype-id>
<htype-id>26</htype-id>
<Comment>U&gt;L.A.D</Comment>
</TB_analysis>
<TB_analysis>
<id>331</id>
<play-id>853641</play-id>
<aplayer-id>5035</aplayer-id>
<arate-id>6</arate-id>
<atype-id>26</atype-id>
<hplayer-id>4544</hplayer-id>
<hrate-id>5</hrate-id>
<htype-id>19</htype-id>
<Comment>O</Comment>
</TB_analysis>
<TB_analysis>
<id>332</id>
<play-id>853641</play-id>
<atype-id>26</atype-id>
<hplayer-id>4538</hplayer-id>
<hrate-id>4</hrate-id>
<htype-id>26</htype-id>
<Comment>0R&gt;GB&gt;1D</Comment>
</TB_analysis>
<TB_analysis>
<id>333</id>
<play-id>853642</play-id>
<aplayer-id>7459</aplayer-id>
<arate-id>6</arate-id>
<atype-id>26</atype-id>
<hplayer-id>4544</hplayer-id>
<hrate-id>4</hrate-id>
<htype-id>26</htype-id>
<Comment>I</Comment>
</TB_analysis>
<TB_analysis>
<id>335</id>
<play-id>853642</play-id>
<aplayer-id>6503</aplayer-id>
<arate-id>5</arate-id>
<atype-id>26</atype-id>
<hplayer-id>6198</hplayer-id>
<hrate-id>4</hrate-id>
<htype-id>26</htype-id>
<Comment>I</Comment>
</TB_analysis>
<TB_analysis>
<id>336</id>
<play-id>853644</play-id>
<atype-id>26</atype-id>
<hplayer-id>10133</hplayer-id>
<hrate-id>4</hrate-id>
<htype-id>26</htype-id>
<Comment>GD</Comment>
</TB_analysis>
<TB_analysis>
<id>337</id>
<play-id>853644</play-id>
<atype-id>26</atype-id>
<hplayer-id>6387</hplayer-id>
<hrate-id>4</hrate-id>
<htype-id>26</htype-id>
<Comment>KIR&gt;T</Comment>
</TB_analysis>
<TB_analysis>
<id>338</id>
<play-id>853645</play-id>
<aplayer-id>9025</aplayer-id>
<arate-id>5</arate-id>
<atype-id>3</atype-id>
<hplayer-id>7727</hplayer-id>
<hrate-id>5</hrate-id>
<htype-id>3</htype-id>
<Comment>I</Comment>
</TB_analysis>
<TB_analysis>
<id>339</id>
<play-id>853645</play-id>
<aplayer-id>3733</aplayer-id>
<arate-id>6</arate-id>
<atype-id>3</atype-id>
<hplayer-id>7052</hplayer-id>
<hrate-id>4</hrate-id>
<htype-id>3</htype-id>
<Comment>O</Comment>
</TB_analysis>
<TB_analysis>
<id>340</id>
<play-id>853645</play-id>
<aplayer-id>8645</aplayer-id>
<arate-id>4</arate-id>
<atype-id>26</atype-id>
<hplayer-id>5634</hplayer-id>
<hrate-id>6</hrate-id>
<htype-id>26</htype-id>
<Comment>4R&gt;UT&gt;1D</Comment>
</TB_analysis>
<TB_analysis>
<id>341</id>
<play-id>853646</play-id>
<aplayer-id>9025</aplayer-id>
<arate-id>7</arate-id>
<atype-id>42</atype-id>
<hplayer-id>7727</hplayer-id>
<hrate-id>4</hrate-id>
<htype-id>42</htype-id>
<Comment>O</Comment>
</TB_analysis>
<TB_analysis>
<id>342</id>
<play-id>853646</play-id>
<aplayer-id>4924</aplayer-id>
<arate-id>6</arate-id>
<atype-id>26</atype-id>
<htype-id>26</htype-id>
<Comment>3R&gt;UT</Comment>
</TB_analysis>
<TB_analysis>
<id>343</id>
<play-id>853647</play-id>
<aplayer-id>3618</aplayer-id>
<arate-id>4</arate-id>
<atype-id>26</atype-id>
<hplayer-id>4349</hplayer-id>
<hrate-id>6</hrate-id>
<htype-id>26</htype-id>
<Comment>4R&gt;1D</Comment>
</TB_analysis>
<TB_analysis>
<id>344</id>
<play-id>853647</play-id>
<aplayer-id>4924</aplayer-id>
<arate-id>4</arate-id>
<atype-id>26</atype-id>
<htype-id>26</htype-id>
<Comment>4R&gt;1D</Comment>
</TB_analysis>
<TB_analysis>
<id>345</id>
<play-id>853648</play-id>
<aplayer-id>7980</aplayer-id>
<arate-id>4</arate-id>
<atype-id>26</atype-id>
<hplayer-id>7819</hplayer-id>
<hrate-id>7</hrate-id>
<htype-id>8</htype-id>
<Comment>H7&gt;GC&gt;MT50&gt;MT54&gt;1D</Comment>
</TB_analysis>
<TB_analysis>
<id>346</id>
<play-id>853648</play-id>
<aplayer-id>7980</aplayer-id>
<arate-id>5</arate-id>
<atype-id>26</atype-id>
<hplayer-id>7024</hplayer-id>
<hrate-id>6</hrate-id>
<htype-id>8</htype-id>
<Comment>H7&gt;GC&gt;MT50&gt;MT54&gt;1D</Comment>
</TB_analysis>
<TB_analysis>
<id>347</id>
<play-id>853649</play-id>
<aplayer-id>8645</aplayer-id>
<arate-id>4</arate-id>
<atype-id>26</atype-id>
<hplayer-id>6387</hplayer-id>
<hrate-id>5</hrate-id>
<htype-id>26</htype-id>
<Comment>2R&gt;1D</Comment>
</TB_analysis>
<TB_analysis>
<id>348</id>
<play-id>853650</play-id>
<aplayer-id>4924</aplayer-id>
<arate-id>4</arate-id>
<atype-id>26</atype-id>
<hplayer-id>5557</hplayer-id>
<hrate-id>6</hrate-id>
<htype-id>26</htype-id>
<Comment>8R&gt;PD(32)</Comment>
</TB_analysis>
<TB_analysis>
<id>349</id>
<play-id>853650</play-id>
<aplayer-id>5585</aplayer-id>
<arate-id>5</arate-id>
<atype-id>26</atype-id>
<hplayer-id>3653</hplayer-id>
<hrate-id>3</hrate-id>
<htype-id>12</htype-id>
<Comment>8R&gt;PD</Comment>
</TB_analysis>
<TB_analysis>
<id>350</id>
<play-id>853651</play-id>
<aplayer-id>9025</aplayer-id>
<arate-id>7</arate-id>
<atype-id>3</atype-id>
<hplayer-id>7727</hplayer-id>
<hrate-id>3</hrate-id>
<htype-id>3</htype-id>
<Comment>I&gt;C</Comment>
</TB_analysis>
<TB_analysis>
<id>351</id>
<play-id>853651</play-id>
<aplayer-id>7980</aplayer-id>
<arate-id>3</arate-id>
<atype-id>26</atype-id>
<hplayer-id>5634</hplayer-id>
<hrate-id>7</hrate-id>
<htype-id>8</htype-id>
<Comment>2R&gt;GC&gt;MT&gt;TD</Comment>
</TB_analysis>
<TB_analysis>
<id>352</id>
<play-id>853651</play-id>
<aplayer-id>4924</aplayer-id>
<arate-id>4</arate-id>
<atype-id>26</atype-id>
<hplayer-id>7819</hplayer-id>
<hrate-id>6</hrate-id>
<htype-id>26</htype-id>
<Comment>2R&gt;TD</Comment>
</TB_analysis>
</dataroot>
