<?xml version="1.0" encoding="UTF-8"?>
<dataroot xmlns:od="urn:schemas-microsoft-com:officedata" generated="2015-09-13T20:07:17">
<TB_colleges>
<id>719</id>
<name>Western Illinois</name>
</TB_colleges>
<TB_colleges>
<id>155</id>
<name>Connecticut</name>
</TB_colleges>
<TB_colleges>
<id>185</id>
<name>Duke</name>
</TB_colleges>
<TB_colleges>
<id>196</id>
<name>Eastern Michigan</name>
</TB_colleges>
<TB_colleges>
<id>28</id>
<name>Arkansas</name>
</TB_colleges>
<TB_colleges>
<id>346</id>
<name>Louisiana - Lafayette</name>
</TB_colleges>
<TB_colleges>
<id>354</id>
<name>LSU</name>
</TB_colleges>
<TB_colleges>
<id>367</id>
<name>Maryland</name>
</TB_colleges>
<TB_colleges>
<id>369</id>
<name>Massachusetts</name>
</TB_colleges>
<TB_colleges>
<id>381</id>
<name>Miami (Fla.)</name>
</TB_colleges>
<TB_colleges>
<id>589</id>
<name>Southern Mississippi</name>
</TB_colleges>
<TB_colleges>
<id>704</id>
<name>Wayne State (Mich.)</name>
</TB_colleges>
<TB_colleges>
<id>437</id>
<name>New Mexico</name>
</TB_colleges>
<TB_colleges>
<id>449</id>
<name>Norfolk State</name>
</TB_colleges>
<TB_colleges>
<id>451</id>
<name>North Carolina</name>
</TB_colleges>
<TB_colleges>
<id>454</id>
<name>North Carolina State</name>
</TB_colleges>
<TB_colleges>
<id>457</id>
<name>North Dakota State</name>
</TB_colleges>
<TB_colleges>
<id>481</id>
<name>Notre Dame</name>
</TB_colleges>
<TB_colleges>
<id>488</id>
<name>Oklahoma</name>
</TB_colleges>
<TB_colleges>
<id>492</id>
<name>Oklahoma State</name>
</TB_colleges>
<TB_colleges>
<id>494</id>
<name>Oregon</name>
</TB_colleges>
<TB_colleges>
<id>6</id>
<name>Alabama</name>
</TB_colleges>
<TB_colleges>
<id>25</id>
<name>Appalachian State</name>
</TB_colleges>
<TB_colleges>
<id>326</id>
<name>Lane</name>
</TB_colleges>
<TB_colleges>
<id>726</id>
<name>Western Oregon</name>
</TB_colleges>
<TB_colleges>
<id>740</id>
<name>William &amp; Mary</name>
</TB_colleges>
<TB_colleges>
<id>750</id>
<name>Wisconsin</name>
</TB_colleges>
<TB_colleges>
<id>763</id>
<name>Wyoming</name>
</TB_colleges>
<TB_colleges>
<id>778</id>
<name>Florida International</name>
</TB_colleges>
<TB_colleges>
<id>790</id>
<name>Texas State University - San Marcos</name>
</TB_colleges>
<TB_colleges>
<id>117</id>
<name>Central Florida</name>
</TB_colleges>
<TB_colleges>
<id>118</id>
<name>Central Michigan</name>
</TB_colleges>
<TB_colleges>
<id>634</id>
<name>Temple</name>
</TB_colleges>
<TB_colleges>
<id>640</id>
<name>Texas</name>
</TB_colleges>
<TB_colleges>
<id>643</id>
<name>Texas A &amp; M</name>
</TB_colleges>
<TB_colleges>
<id>646</id>
<name>Texas Christian</name>
</TB_colleges>
<TB_colleges>
<id>648</id>
<name>Texas Tech.</name>
</TB_colleges>
<TB_colleges>
<id>653</id>
<name>Toledo</name>
</TB_colleges>
<TB_colleges>
<id>664</id>
<name>Tulsa</name>
</TB_colleges>
<TB_colleges>
<id>678</id>
<name>Utah</name>
</TB_colleges>
<TB_colleges>
<id>679</id>
<name>Utah State</name>
</TB_colleges>
<TB_colleges>
<id>688</id>
<name>Virginia</name>
</TB_colleges>
<TB_colleges>
<id>691</id>
<name>Virginia Tech.</name>
</TB_colleges>
<TB_colleges>
<id>699</id>
<name>Washington</name>
</TB_colleges>
<TB_colleges>
<id>409</id>
<name>Montana</name>
</TB_colleges>
<TB_colleges>
<id>423</id>
<name>Mount Union</name>
</TB_colleges>
<TB_colleges>
<id>429</id>
<name>Nebraska</name>
</TB_colleges>
<TB_colleges>
<id>31</id>
<name>Arkansas State</name>
</TB_colleges>
<TB_colleges>
<id>36</id>
<name>Auburn</name>
</TB_colleges>
<TB_colleges>
<id>59</id>
<name>Bethune - Cookman</name>
</TB_colleges>
<TB_colleges>
<id>72</id>
<name>Brigham Young</name>
</TB_colleges>
<TB_colleges>
<id>79</id>
<name>Buffalo</name>
</TB_colleges>
<TB_colleges>
<id>84</id>
<name>Cal Poly - S.L.O.</name>
</TB_colleges>
<TB_colleges>
<id>401</id>
<name>Mississippi State</name>
</TB_colleges>
<TB_colleges>
<id>508</id>
<name>Penn State</name>
</TB_colleges>
<TB_colleges>
<id>509</id>
<name>Pennsylvania</name>
</TB_colleges>
<TB_colleges>
<id>240</id>
<name>Georgia</name>
</TB_colleges>
<TB_colleges>
<id>242</id>
<name>Georgia Tech.</name>
</TB_colleges>
<TB_colleges>
<id>274</id>
<name>Houston</name>
</TB_colleges>
<TB_colleges>
<id>278</id>
<name>Humboldt State</name>
</TB_colleges>
<TB_colleges>
<id>283</id>
<name>Illinois</name>
</TB_colleges>
<TB_colleges>
<id>292</id>
<name>Iowa</name>
</TB_colleges>
<TB_colleges>
<id>307</id>
<name>Kansas</name>
</TB_colleges>
<TB_colleges>
<id>308</id>
<name>Kansas State</name>
</TB_colleges>
<TB_colleges>
<id>311</id>
<name>Kentucky</name>
</TB_colleges>
<TB_colleges>
<id>524</id>
<name>Princeton</name>
</TB_colleges>
<TB_colleges>
<id>544</id>
<name>Rutgers</name>
</TB_colleges>
<TB_colleges>
<id>575</id>
<name>South Carolina</name>
</TB_colleges>
<TB_colleges>
<id>578</id>
<name>South Dakota State</name>
</TB_colleges>
<TB_colleges>
<id>93</id>
<name>California</name>
</TB_colleges>
<TB_colleges>
<id>219</id>
<name>Florida State</name>
</TB_colleges>
<TB_colleges>
<id>220</id>
<name>Fordham</name>
</TB_colleges>
<TB_colleges>
<id>120</id>
<name>Central Oklahoma</name>
</TB_colleges>
<TB_colleges>
<id>124</id>
<name>Chadron State</name>
</TB_colleges>
<TB_colleges>
<id>132</id>
<name>Cincinnati</name>
</TB_colleges>
<TB_colleges>
<id>138</id>
<name>Clemson</name>
</TB_colleges>
</dataroot>
