<?xml version="1.0" encoding="UTF-8"?>
<dataroot xmlns:od="urn:schemas-microsoft-com:officedata" generated="2015-09-13T20:07:18">
<TB_players>
<id>8711</id>
<lastname>Swanson</lastname>
<firstname>Travis</firstname>
<dob>1991-01-30T00:00:00</dob>
<height>605</height>
<weight>312</weight>
<draft-id>1</draft-id>
<year>2014</year>
<team-id>11</team-id>
<round>3</round>
<selection>76</selection>
<college-id>28</college-id>
<retired>0</retired>
</TB_players>
<TB_players>
<id>8724</id>
<lastname>Watt</lastname>
<firstname>Chris</firstname>
<dob>1990-08-17T00:00:00</dob>
<height>602</height>
<weight>311</weight>
<draft-id>1</draft-id>
<year>2014</year>
<team-id>27</team-id>
<round>3</round>
<selection>89</selection>
<college-id>481</college-id>
<retired>0</retired>
</TB_players>
<TB_players>
<id>8768</id>
<lastname>Lawson</lastname>
<firstname>Nevin</firstname>
<dob>1991-04-23T00:00:00</dob>
<height>510</height>
<weight>192</weight>
<draft-id>1</draft-id>
<year>2014</year>
<team-id>11</team-id>
<round>4</round>
<selection>133</selection>
<college-id>679</college-id>
<retired>0</retired>
</TB_players>
<TB_players>
<id>8793</id>
<lastname>Reid</lastname>
<firstname>Caraun</firstname>
<dob>1991-11-23T00:00:00</dob>
<height>602</height>
<weight>306</weight>
<draft-id>1</draft-id>
<year>2014</year>
<team-id>11</team-id>
<round>5</round>
<selection>158</selection>
<college-id>524</college-id>
<retired>0</retired>
</TB_players>
<TB_players>
<id>8660</id>
<lastname>Verrett</lastname>
<firstname>Jason</firstname>
<dob>1991-06-18T00:00:00</dob>
<height>510</height>
<weight>178</weight>
<draft-id>1</draft-id>
<year>2014</year>
<team-id>27</team-id>
<round>1</round>
<selection>25</selection>
<college-id>646</college-id>
<retired>0</retired>
</TB_players>
<TB_players>
<id>8675</id>
<lastname>Van Noy</lastname>
<firstname>Kyle</firstname>
<dob>1990-06-19T00:00:00</dob>
<height>603</height>
<weight>252</weight>
<draft-id>1</draft-id>
<year>2014</year>
<team-id>11</team-id>
<round>2</round>
<selection>40</selection>
<college-id>72</college-id>
<retired>0</retired>
</TB_players>
<TB_players>
<id>8685</id>
<lastname>Attaochu</lastname>
<firstname>Jerry</firstname>
<dob>1993-01-17T00:00:00</dob>
<height>603</height>
<weight>252</weight>
<draft-id>1</draft-id>
<year>2014</year>
<team-id>27</team-id>
<round>2</round>
<selection>50</selection>
<college-id>242</college-id>
<retired>0</retired>
</TB_players>
<TB_players>
<id>8800</id>
<lastname>Carrethers</lastname>
<firstname>Ryan</firstname>
<dob>1991-02-26T00:00:00</dob>
<height>601</height>
<weight>333</weight>
<draft-id>1</draft-id>
<year>2014</year>
<team-id>27</team-id>
<round>5</round>
<selection>165</selection>
<college-id>31</college-id>
<retired>0</retired>
</TB_players>
<TB_players>
<id>8824</id>
<lastname>Jones</lastname>
<firstname>T.J.</firstname>
<dob>1992-07-19T00:00:00</dob>
<height>600</height>
<weight>185</weight>
<draft-id>1</draft-id>
<year>2014</year>
<team-id>11</team-id>
<round>6</round>
<selection>189</selection>
<college-id>481</college-id>
<retired>0</retired>
</TB_players>
<TB_players>
<id>9025</id>
<lastname>Lucas</lastname>
<firstname>Cornelius</firstname>
<dob>1991-07-18T00:00:00</dob>
<height>609</height>
<weight>325</weight>
<draft-id>2</draft-id>
<year>2014</year>
<team-id>11</team-id>
<college-id>308</college-id>
<retired>0</retired>
</TB_players>
<TB_players>
<id>9286</id>
<lastname>Oliver</lastname>
<firstname>Branden</firstname>
<dob>1991-05-07T00:00:00</dob>
<height>508</height>
<weight>208</weight>
<draft-id>2</draft-id>
<year>2014</year>
<team-id>27</team-id>
<college-id>79</college-id>
<retired>0</retired>
</TB_players>
<TB_players>
<id>2957</id>
<lastname>Ngata</lastname>
<firstname>Haloti</firstname>
<dob>1984-01-21T00:00:00</dob>
<height>604</height>
<weight>340</weight>
<speed>5.13</speed>
<draft-id>1</draft-id>
<year>2006</year>
<team-id>3</team-id>
<round>1</round>
<selection>12</selection>
<college-id>494</college-id>
<retired>0</retired>
</TB_players>
<TB_players>
<id>2994</id>
<lastname>Clemens</lastname>
<firstname>Kellen</firstname>
<dob>1983-06-06T00:00:00</dob>
<height>602</height>
<weight>224</weight>
<speed>4.96</speed>
<draft-id>1</draft-id>
<year>2006</year>
<team-id>22</team-id>
<round>2</round>
<selection>49</selection>
<college-id>494</college-id>
<retired>0</retired>
</TB_players>
<TB_players>
<id>3008</id>
<lastname>Tapp</lastname>
<firstname>Darryl</firstname>
<dob>1984-09-12T00:00:00</dob>
<height>602</height>
<weight>265</weight>
<speed>4.83</speed>
<draft-id>1</draft-id>
<year>2006</year>
<team-id>29</team-id>
<round>2</round>
<selection>63</selection>
<college-id>691</college-id>
<retired>0</retired>
</TB_players>
<TB_players>
<id>2130</id>
<lastname>Muhlbach</lastname>
<firstname>Don</firstname>
<dob>1981-08-17T00:00:00</dob>
<height>604</height>
<weight>256</weight>
<draft-id>2</draft-id>
<year>2004</year>
<team-id>3</team-id>
<college-id>643</college-id>
<retired>0</retired>
</TB_players>
<TB_players>
<id>1355</id>
<lastname>Mathis</lastname>
<firstname>Rashean</firstname>
<dob>1980-08-27T00:00:00</dob>
<height>601</height>
<weight>195</weight>
<speed>4.46</speed>
<draft-id>1</draft-id>
<year>2003</year>
<team-id>15</team-id>
<round>2</round>
<selection>39</selection>
<college-id>59</college-id>
<retired>0</retired>
</TB_players>
<TB_players>
<id>1458</id>
<lastname>Scifres</lastname>
<firstname>Mike</firstname>
<dob>1980-10-08T00:00:00</dob>
<height>602</height>
<weight>236</weight>
<draft-id>1</draft-id>
<year>2003</year>
<team-id>27</team-id>
<round>5</round>
<selection>149</selection>
<college-id>719</college-id>
<retired>0</retired>
</TB_players>
<TB_players>
<id>1725</id>
<lastname>Rivers</lastname>
<firstname>Philip</firstname>
<dob>1981-12-08T00:00:00</dob>
<height>605</height>
<weight>228</weight>
<speed>5.1</speed>
<draft-id>1</draft-id>
<year>2004</year>
<team-id>21</team-id>
<round>1</round>
<selection>4</selection>
<college-id>454</college-id>
<retired>0</retired>
</TB_players>
<TB_players>
<id>2044</id>
<lastname>Floyd</lastname>
<firstname>Malcom</firstname>
<dob>1981-09-08T00:00:00</dob>
<height>606</height>
<weight>201</weight>
<speed>4.55</speed>
<draft-id>2</draft-id>
<year>2004</year>
<team-id>27</team-id>
<college-id>763</college-id>
<retired>0</retired>
</TB_players>
<TB_players>
<id>2362</id>
<lastname>Orlovsky</lastname>
<firstname>Dan</firstname>
<dob>1983-08-18T00:00:00</dob>
<height>605</height>
<weight>225</weight>
<speed>4.93</speed>
<draft-id>1</draft-id>
<year>2005</year>
<team-id>11</team-id>
<round>5</round>
<selection>145</selection>
<college-id>155</college-id>
<retired>0</retired>
</TB_players>
<TB_players>
<id>2718</id>
<lastname>Moore</lastname>
<firstname>Lance</firstname>
<dob>1983-08-31T00:00:00</dob>
<height>509</height>
<weight>189</weight>
<speed>4.52</speed>
<draft-id>2</draft-id>
<year>2005</year>
<team-id>8</team-id>
<college-id>653</college-id>
<retired>0</retired>
</TB_players>
<TB_players>
<id>3061</id>
<lastname>Tulloch</lastname>
<firstname>Stephen</firstname>
<dob>1985-01-01T00:00:00</dob>
<height>511</height>
<weight>235</weight>
<speed>4.84</speed>
<draft-id>1</draft-id>
<year>2006</year>
<team-id>31</team-id>
<round>4</round>
<selection>116</selection>
<college-id>454</college-id>
<retired>0</retired>
</TB_players>
<TB_players>
<id>3471</id>
<lastname>Prater</lastname>
<firstname>Matt</firstname>
<dob>1984-08-10T00:00:00</dob>
<height>510</height>
<weight>175</weight>
<draft-id>2</draft-id>
<year>2006</year>
<team-id>11</team-id>
<college-id>117</college-id>
<retired>0</retired>
</TB_players>
<TB_players>
<id>3618</id>
<lastname>Johnson</lastname>
<firstname>Calvin</firstname>
<dob>1985-09-25T00:00:00</dob>
<height>605</height>
<weight>235</weight>
<speed>4.4</speed>
<draft-id>1</draft-id>
<year>2007</year>
<team-id>11</team-id>
<round>1</round>
<selection>2</selection>
<college-id>242</college-id>
<retired>0</retired>
</TB_players>
<TB_players>
<id>3653</id>
<lastname>Weddle</lastname>
<firstname>Eric</firstname>
<dob>1985-01-04T00:00:00</dob>
<height>511</height>
<weight>200</weight>
<speed>4.56</speed>
<draft-id>1</draft-id>
<year>2007</year>
<team-id>27</team-id>
<round>2</round>
<selection>37</selection>
<college-id>678</college-id>
<retired>0</retired>
</TB_players>
<TB_players>
<id>3671</id>
<lastname>Wilson</lastname>
<firstname>Josh</firstname>
<dob>1985-03-11T00:00:00</dob>
<height>509</height>
<weight>189</weight>
<speed>4.42</speed>
<draft-id>1</draft-id>
<year>2007</year>
<team-id>29</team-id>
<round>2</round>
<selection>55</selection>
<college-id>367</college-id>
<retired>0</retired>
</TB_players>
<TB_players>
<id>3689</id>
<lastname>Jones</lastname>
<firstname>Jacoby</firstname>
<dob>1984-07-11T00:00:00</dob>
<height>602</height>
<weight>210</weight>
<speed>4.53</speed>
<draft-id>1</draft-id>
<year>2007</year>
<team-id>13</team-id>
<round>3</round>
<selection>73</selection>
<college-id>326</college-id>
<retired>0</retired>
</TB_players>
<TB_players>
<id>3733</id>
<lastname>Ramirez</lastname>
<firstname>Manuel</firstname>
<dob>1983-02-19T00:00:00</dob>
<height>603</height>
<weight>326</weight>
<speed>5.19</speed>
<draft-id>1</draft-id>
<year>2007</year>
<team-id>11</team-id>
<round>4</round>
<selection>117</selection>
<college-id>648</college-id>
<retired>0</retired>
</TB_players>
<TB_players>
<id>4147</id>
<lastname>Ihedigbo</lastname>
<firstname>James</firstname>
<dob>1983-12-03T00:00:00</dob>
<height>600</height>
<weight>202</weight>
<draft-id>2</draft-id>
<year>2007</year>
<team-id>22</team-id>
<college-id>369</college-id>
<retired>0</retired>
</TB_players>
<TB_players>
<id>4349</id>
<lastname>Flowers</lastname>
<firstname>Brandon</firstname>
<dob>1986-02-18T00:00:00</dob>
<height>510</height>
<weight>189</weight>
<speed>4.59</speed>
<draft-id>1</draft-id>
<year>2008</year>
<team-id>16</team-id>
<round>2</round>
<selection>35</selection>
<college-id>691</college-id>
<retired>0</retired>
</TB_players>
<TB_players>
<id>4368</id>
<lastname>Jones</lastname>
<firstname>Jason D.</firstname>
<dob>1985-01-12T00:00:00</dob>
<height>605</height>
<weight>273</weight>
<speed>4.8</speed>
<draft-id>1</draft-id>
<year>2008</year>
<team-id>31</team-id>
<round>2</round>
<selection>54</selection>
<college-id>196</college-id>
<retired>0</retired>
</TB_players>
<TB_players>
<id>4538</id>
<lastname>Johnson</lastname>
<firstname>Steve</firstname>
<dob>1986-07-22T00:00:00</dob>
<height>602</height>
<weight>210</weight>
<speed>4.47</speed>
<draft-id>1</draft-id>
<year>2008</year>
<team-id>4</team-id>
<round>7</round>
<selection>224</selection>
<college-id>311</college-id>
<retired>0</retired>
</TB_players>
<TB_players>
<id>4544</id>
<lastname>Dunlap</lastname>
<firstname>King</firstname>
<dob>1985-09-09T00:00:00</dob>
<height>609</height>
<weight>310</weight>
<speed>5.28</speed>
<draft-id>1</draft-id>
<year>2008</year>
<team-id>24</team-id>
<round>7</round>
<selection>230</selection>
<college-id>36</college-id>
<retired>0</retired>
</TB_players>
<TB_players>
<id>4914</id>
<lastname>Woodhead</lastname>
<firstname>Danny</firstname>
<dob>1985-01-25T00:00:00</dob>
<height>507</height>
<weight>195</weight>
<draft-id>2</draft-id>
<year>2008</year>
<team-id>22</team-id>
<college-id>124</college-id>
<retired>0</retired>
</TB_players>
<TB_players>
<id>4924</id>
<lastname>Stafford</lastname>
<firstname>Matthew</firstname>
<dob>1988-02-07T00:00:00</dob>
<height>602</height>
<weight>225</weight>
<draft-id>1</draft-id>
<year>2009</year>
<team-id>11</team-id>
<round>1</round>
<selection>1</selection>
<college-id>240</college-id>
<retired>0</retired>
</TB_players>
<TB_players>
<id>4943</id>
<lastname>Pettigrew</lastname>
<firstname>Brandon</firstname>
<dob>1985-02-23T00:00:00</dob>
<height>605</height>
<weight>263</weight>
<draft-id>1</draft-id>
<year>2009</year>
<team-id>11</team-id>
<round>1</round>
<selection>20</selection>
<college-id>492</college-id>
<retired>0</retired>
</TB_players>
<TB_players>
<id>4999</id>
<lastname>Levy</lastname>
<firstname>DeAndre</firstname>
<dob>1987-03-26T00:00:00</dob>
<height>602</height>
<weight>236</weight>
<draft-id>1</draft-id>
<year>2009</year>
<team-id>11</team-id>
<round>3</round>
<selection>76</selection>
<college-id>750</college-id>
<retired>0</retired>
</TB_players>
<TB_players>
<id>5035</id>
<lastname>Quin</lastname>
<firstname>Glover</firstname>
<dob>1986-01-15T00:00:00</dob>
<height>511</height>
<weight>204</weight>
<draft-id>1</draft-id>
<year>2009</year>
<team-id>13</team-id>
<round>4</round>
<selection>112</selection>
<college-id>437</college-id>
<retired>0</retired>
</TB_players>
<TB_players>
<id>5101</id>
<lastname>Carey</lastname>
<firstname>Don</firstname>
<dob>1987-02-14T00:00:00</dob>
<height>511</height>
<weight>192</weight>
<draft-id>1</draft-id>
<year>2009</year>
<team-id>15</team-id>
<round>6</round>
<selection>177</selection>
<college-id>449</college-id>
<retired>0</retired>
</TB_players>
<TB_players>
<id>5132</id>
<lastname>Phillips</lastname>
<firstname>John</firstname>
<dob>1984-09-19T00:00:00</dob>
<height>605</height>
<weight>251</weight>
<draft-id>1</draft-id>
<year>2009</year>
<team-id>9</team-id>
<round>6</round>
<selection>208</selection>
<college-id>688</college-id>
<retired>0</retired>
</TB_players>
<TB_players>
<id>5165</id>
<lastname>Johnson</lastname>
<firstname>David</firstname>
<dob>1987-08-26T00:00:00</dob>
<height>601</height>
<weight>260</weight>
<draft-id>1</draft-id>
<year>2009</year>
<team-id>25</team-id>
<round>7</round>
<selection>241</selection>
<college-id>31</college-id>
<retired>0</retired>
</TB_players>
<TB_players>
<id>4950</id>
<lastname>Brown</lastname>
<firstname>Donald</firstname>
<dob>1987-04-11T00:00:00</dob>
<height>510</height>
<weight>210</weight>
<draft-id>1</draft-id>
<year>2009</year>
<team-id>14</team-id>
<round>1</round>
<selection>27</selection>
<college-id>155</college-id>
<retired>0</retired>
</TB_players>
<TB_players>
<id>5371</id>
<lastname>Hunt</lastname>
<firstname>Phillip</firstname>
<dob>1986-01-09T00:00:00</dob>
<height>602</height>
<weight>260</weight>
<draft-id>2</draft-id>
<year>2009</year>
<team-id>8</team-id>
<college-id>274</college-id>
<retired>0</retired>
</TB_players>
<TB_players>
<id>5557</id>
<lastname>Robinson</lastname>
<firstname>Patrick</firstname>
<dob>1987-09-07T00:00:00</dob>
<height>511</height>
<weight>190</weight>
<draft-id>1</draft-id>
<year>2010</year>
<team-id>20</team-id>
<round>1</round>
<selection>32</selection>
<college-id>219</college-id>
<retired>0</retired>
</TB_players>
<TB_players>
<id>5585</id>
<lastname>Tate</lastname>
<firstname>Golden</firstname>
<dob>1988-08-02T00:00:00</dob>
<height>510</height>
<weight>199</weight>
<draft-id>1</draft-id>
<year>2010</year>
<team-id>29</team-id>
<round>2</round>
<selection>60</selection>
<college-id>481</college-id>
<retired>0</retired>
</TB_players>
<TB_players>
<id>5603</id>
<lastname>Butler</lastname>
<firstname>Donald</firstname>
<dob>1988-10-17T00:00:00</dob>
<height>601</height>
<weight>245</weight>
<draft-id>1</draft-id>
<year>2010</year>
<team-id>27</team-id>
<round>3</round>
<selection>79</selection>
<college-id>699</college-id>
<retired>0</retired>
</TB_players>
<TB_players>
<id>5634</id>
<lastname>Stuckey</lastname>
<firstname>Darrell</firstname>
<dob>1989-08-14T00:00:00</dob>
<height>511</height>
<weight>205</weight>
<draft-id>1</draft-id>
<year>2010</year>
<team-id>27</team-id>
<round>4</round>
<selection>110</selection>
<college-id>307</college-id>
<retired>0</retired>
</TB_players>
<TB_players>
<id>5757</id>
<lastname>Lissemore</lastname>
<firstname>Sean</firstname>
<dob>1987-09-11T00:00:00</dob>
<height>603</height>
<weight>298</weight>
<draft-id>1</draft-id>
<year>2010</year>
<team-id>9</team-id>
<round>7</round>
<selection>234</selection>
<college-id>740</college-id>
<retired>0</retired>
</TB_players>
<TB_players>
<id>5761</id>
<lastname>Mathews</lastname>
<firstname>Ricardo</firstname>
<dob>1987-07-30T00:00:00</dob>
<height>603</height>
<weight>294</weight>
<draft-id>1</draft-id>
<year>2010</year>
<team-id>14</team-id>
<round>7</round>
<selection>238</selection>
<college-id>132</college-id>
<retired>0</retired>
</TB_players>
<TB_players>
<id>5763</id>
<lastname>Conner</lastname>
<firstname>Kavell</firstname>
<dob>1987-02-23T00:00:00</dob>
<height>600</height>
<weight>242</weight>
<draft-id>1</draft-id>
<year>2010</year>
<team-id>14</team-id>
<round>7</round>
<selection>240</selection>
<college-id>138</college-id>
<retired>0</retired>
</TB_players>
<TB_players>
<id>5797</id>
<lastname>Bell</lastname>
<firstname>Joique</firstname>
<dob>1986-08-04T00:00:00</dob>
<height>511</height>
<weight>220</weight>
<draft-id>2</draft-id>
<year>2010</year>
<team-id>4</team-id>
<college-id>704</college-id>
<retired>0</retired>
</TB_players>
<TB_players>
<id>5813</id>
<lastname>Windt</lastname>
<firstname>Mike</firstname>
<dob>1985-05-29T00:00:00</dob>
<height>601</height>
<weight>251</weight>
<draft-id>2</draft-id>
<year>2010</year>
<team-id>7</team-id>
<college-id>132</college-id>
<retired>0</retired>
</TB_players>
<TB_players>
<id>5814</id>
<lastname>Cudjo</lastname>
<firstname>Jermelle</firstname>
<dob>1986-09-28T00:00:00</dob>
<height>602</height>
<weight>293</weight>
<draft-id>2</draft-id>
<year>2010</year>
<team-id>26</team-id>
<college-id>120</college-id>
<retired>0</retired>
</TB_players>
<TB_players>
<id>6031</id>
<lastname>Unrein</lastname>
<firstname>Mitch</firstname>
<dob>1987-03-25T00:00:00</dob>
<height>604</height>
<weight>270</weight>
<draft-id>2</draft-id>
<year>2010</year>
<team-id>13</team-id>
<college-id>763</college-id>
<retired>0</retired>
</TB_players>
<TB_players>
<id>6722</id>
<lastname>Abdul-Quddus</lastname>
<firstname>Isa</firstname>
<dob>1988-12-14T00:00:00</dob>
<height>601</height>
<weight>220</weight>
<draft-id>2</draft-id>
<year>2011</year>
<team-id>20</team-id>
<college-id>220</college-id>
<retired>0</retired>
</TB_players>
<TB_players>
<id>6727</id>
<lastname>Boggs</lastname>
<firstname>Taylor</firstname>
<dob>1987-02-20T00:00:00</dob>
<height>603</height>
<weight>285</weight>
<draft-id>2</draft-id>
<year>2011</year>
<team-id>22</team-id>
<college-id>278</college-id>
<retired>0</retired>
</TB_players>
<TB_players>
<id>6170</id>
<lastname>Liuget</lastname>
<firstname>Corey</firstname>
<dob>1989-12-11T00:00:00</dob>
<height>602</height>
<weight>300</weight>
<draft-id>1</draft-id>
<year>2011</year>
<team-id>27</team-id>
<round>1</round>
<selection>18</selection>
<college-id>283</college-id>
<retired>0</retired>
</TB_players>
<TB_players>
<id>6198</id>
<lastname>Franklin</lastname>
<firstname>Orlando</firstname>
<dob>1987-12-16T00:00:00</dob>
<height>605</height>
<weight>316</weight>
<draft-id>1</draft-id>
<year>2011</year>
<team-id>10</team-id>
<round>2</round>
<selection>46</selection>
<college-id>381</college-id>
<retired>0</retired>
</TB_players>
<TB_players>
<id>6244</id>
<lastname>Barksdale</lastname>
<firstname>Joe</firstname>
<dob>1988-12-05T00:00:00</dob>
<height>605</height>
<weight>325</weight>
<draft-id>1</draft-id>
<year>2011</year>
<team-id>23</team-id>
<round>3</round>
<selection>92</selection>
<college-id>354</college-id>
<retired>0</retired>
</TB_players>
<TB_players>
<id>6274</id>
<lastname>Hairston</lastname>
<firstname>Chris</firstname>
<dob>1989-03-22T00:00:00</dob>
<height>606</height>
<weight>341</weight>
<draft-id>1</draft-id>
<year>2011</year>
<team-id>4</team-id>
<round>4</round>
<selection>122</selection>
<college-id>138</college-id>
<retired>0</retired>
</TB_players>
<TB_players>
<id>6387</id>
<lastname>Wilson</lastname>
<firstname>Jimmy</firstname>
<dob>1986-07-30T00:00:00</dob>
<height>511</height>
<weight>185</weight>
<draft-id>1</draft-id>
<year>2011</year>
<team-id>17</team-id>
<round>7</round>
<selection>235</selection>
<college-id>409</college-id>
<retired>0</retired>
</TB_players>
<TB_players>
<id>6503</id>
<lastname>Bynes</lastname>
<firstname>Josh</firstname>
<dob>1989-08-24T00:00:00</dob>
<height>601</height>
<weight>240</weight>
<draft-id>2</draft-id>
<year>2011</year>
<team-id>3</team-id>
<college-id>36</college-id>
<retired>0</retired>
</TB_players>
<TB_players>
<id>6597</id>
<lastname>Inman</lastname>
<firstname>Dontrelle</firstname>
<dob>1989-01-31T00:00:00</dob>
<height>603</height>
<weight>198</weight>
<draft-id>2</draft-id>
<year>2011</year>
<team-id>15</team-id>
<college-id>688</college-id>
<retired>0</retired>
</TB_players>
<TB_players>
<id>6601</id>
<lastname>Miller</lastname>
<firstname>Kyle</firstname>
<dob>1988-04-18T00:00:00</dob>
<height>605</height>
<weight>257</weight>
<draft-id>2</draft-id>
<year>2011</year>
<team-id>15</team-id>
<college-id>423</college-id>
<retired>0</retired>
</TB_players>
<TB_players>
<id>7052</id>
<lastname>Reyes</lastname>
<firstname>Kendall</firstname>
<dob>1989-09-26T00:00:00</dob>
<height>604</height>
<weight>300</weight>
<draft-id>1</draft-id>
<year>2012</year>
<team-id>27</team-id>
<round>2</round>
<selection>49</selection>
<college-id>155</college-id>
<retired>0</retired>
</TB_players>
<TB_players>
<id>7029</id>
<lastname>Reiff</lastname>
<firstname>Riley</firstname>
<dob>1988-12-01T00:00:00</dob>
<height>606</height>
<weight>313</weight>
<draft-id>1</draft-id>
<year>2012</year>
<team-id>11</team-id>
<round>1</round>
<selection>23</selection>
<college-id>292</college-id>
<retired>0</retired>
</TB_players>
<TB_players>
<id>7110</id>
<lastname>Green</lastname>
<firstname>Ladarius</firstname>
<dob>1990-05-29T00:00:00</dob>
<height>606</height>
<weight>240</weight>
<draft-id>1</draft-id>
<year>2012</year>
<team-id>27</team-id>
<round>4</round>
<selection>110</selection>
<college-id>346</college-id>
<retired>0</retired>
</TB_players>
<TB_players>
<id>7375</id>
<lastname>Robinson</lastname>
<firstname>Trevor</firstname>
<dob>1990-05-16T00:00:00</dob>
<height>604</height>
<weight>302</weight>
<draft-id>2</draft-id>
<year>2012</year>
<team-id>7</team-id>
<college-id>481</college-id>
<retired>0</retired>
</TB_players>
<TB_players>
<id>7207</id>
<lastname>Lewis</lastname>
<firstname>Travis</firstname>
<dob>1988-01-15T00:00:00</dob>
<height>601</height>
<weight>222</weight>
<draft-id>1</draft-id>
<year>2012</year>
<team-id>11</team-id>
<round>7</round>
<selection>223</selection>
<college-id>488</college-id>
<retired>0</retired>
</TB_players>
<TB_players>
<id>7024</id>
<lastname>Ingram</lastname>
<firstname>Melvin</firstname>
<dob>1989-04-26T00:00:00</dob>
<height>601</height>
<weight>265</weight>
<draft-id>1</draft-id>
<year>2012</year>
<team-id>27</team-id>
<round>1</round>
<selection>18</selection>
<college-id>575</college-id>
<retired>0</retired>
</TB_players>
<TB_players>
<id>7135</id>
<lastname>Whitehead</lastname>
<firstname>Tahir</firstname>
<dob>1990-04-02T00:00:00</dob>
<height>601</height>
<weight>228</weight>
<draft-id>1</draft-id>
<year>2012</year>
<team-id>11</team-id>
<round>5</round>
<selection>138</selection>
<college-id>634</college-id>
<retired>0</retired>
</TB_players>
<TB_players>
<id>7459</id>
<lastname>Walker</lastname>
<firstname>Tyrunn</firstname>
<dob>1990-03-18T00:00:00</dob>
<height>603</height>
<weight>294</weight>
<draft-id>2</draft-id>
<year>2012</year>
<team-id>20</team-id>
<college-id>664</college-id>
<retired>0</retired>
</TB_players>
<TB_players>
<id>7651</id>
<lastname>Troutman</lastname>
<firstname>Johnnie</firstname>
<dob>1987-11-11T00:00:00</dob>
<height>604</height>
<weight>330</weight>
<draft-id>1</draft-id>
<year>2012</year>
<team-id>27</team-id>
<round>5</round>
<selection>149</selection>
<college-id>508</college-id>
<retired>0</retired>
</TB_players>
<TB_players>
<id>7727</id>
<lastname>Law</lastname>
<firstname>Cordarro</firstname>
<dob>1988-10-15T00:00:00</dob>
<height>601</height>
<weight>254</weight>
<draft-id>2</draft-id>
<year>2012</year>
<team-id>29</team-id>
<college-id>589</college-id>
<retired>0</retired>
</TB_players>
<TB_players>
<id>7792</id>
<lastname>Fluker</lastname>
<firstname>D.J.</firstname>
<dob>1991-03-13T00:00:00</dob>
<height>605</height>
<weight>319</weight>
<draft-id>1</draft-id>
<year>2013</year>
<team-id>27</team-id>
<round>1</round>
<selection>11</selection>
<college-id>6</college-id>
<retired>0</retired>
</TB_players>
<TB_players>
<id>7817</id>
<lastname>Slay</lastname>
<firstname>Darius</firstname>
<dob>1991-01-01T00:00:00</dob>
<height>600</height>
<weight>192</weight>
<draft-id>1</draft-id>
<year>2013</year>
<team-id>11</team-id>
<round>2</round>
<selection>36</selection>
<college-id>401</college-id>
<retired>0</retired>
</TB_players>
<TB_players>
<id>7819</id>
<lastname>Te&apos;o</lastname>
<firstname>Manti</firstname>
<dob>1991-01-26T00:00:00</dob>
<height>601</height>
<weight>241</weight>
<draft-id>1</draft-id>
<year>2013</year>
<team-id>27</team-id>
<round>2</round>
<selection>38</selection>
<college-id>481</college-id>
<retired>0</retired>
</TB_players>
<TB_players>
<id>7846</id>
<lastname>Warford</lastname>
<firstname>Larry</firstname>
<dob>1991-07-18T00:00:00</dob>
<height>603</height>
<weight>333</weight>
<draft-id>1</draft-id>
<year>2013</year>
<team-id>11</team-id>
<round>3</round>
<selection>65</selection>
<college-id>311</college-id>
<retired>0</retired>
</TB_players>
<TB_players>
<id>7857</id>
<lastname>Allen</lastname>
<firstname>Keenan</firstname>
<dob>1992-04-27T00:00:00</dob>
<height>602</height>
<weight>211</weight>
<draft-id>1</draft-id>
<year>2013</year>
<team-id>27</team-id>
<round>3</round>
<selection>76</selection>
<college-id>93</college-id>
<retired>0</retired>
</TB_players>
<TB_players>
<id>7914</id>
<lastname>Taylor</lastname>
<firstname>Devin</firstname>
<dob>1989-11-15T00:00:00</dob>
<height>607</height>
<weight>267</weight>
<draft-id>1</draft-id>
<year>2013</year>
<team-id>11</team-id>
<round>4</round>
<selection>132</selection>
<college-id>575</college-id>
<retired>0</retired>
</TB_players>
<TB_players>
<id>7927</id>
<lastname>Williams</lastname>
<firstname>Steve D.</firstname>
<dob>1991-03-07T00:00:00</dob>
<height>510</height>
<weight>185</weight>
<draft-id>1</draft-id>
<year>2013</year>
<team-id>27</team-id>
<round>5</round>
<selection>145</selection>
<college-id>93</college-id>
<retired>0</retired>
</TB_players>
<TB_players>
<id>7947</id>
<lastname>Martin</lastname>
<firstname>Sam</firstname>
<dob>1990-02-27T00:00:00</dob>
<height>601</height>
<weight>205</weight>
<draft-id>1</draft-id>
<year>2013</year>
<team-id>11</team-id>
<round>5</round>
<selection>165</selection>
<college-id>25</college-id>
<retired>0</retired>
</TB_players>
<TB_players>
<id>7953</id>
<lastname>Fuller</lastname>
<firstname>Corey</firstname>
<dob>1990-06-23T00:00:00</dob>
<height>602</height>
<weight>196</weight>
<draft-id>1</draft-id>
<year>2013</year>
<team-id>11</team-id>
<round>6</round>
<selection>171</selection>
<college-id>691</college-id>
<retired>0</retired>
</TB_players>
<TB_players>
<id>7960</id>
<lastname>Williams</lastname>
<firstname>Tourek</firstname>
<dob>1991-05-09T00:00:00</dob>
<height>604</height>
<weight>262</weight>
<draft-id>1</draft-id>
<year>2013</year>
<team-id>27</team-id>
<round>6</round>
<selection>179</selection>
<college-id>778</college-id>
<retired>0</retired>
</TB_players>
<TB_players>
<id>7980</id>
<lastname>Riddick</lastname>
<firstname>Theo</firstname>
<dob>1991-05-04T00:00:00</dob>
<height>509</height>
<weight>200</weight>
<draft-id>1</draft-id>
<year>2013</year>
<team-id>11</team-id>
<round>6</round>
<selection>199</selection>
<college-id>481</college-id>
<retired>0</retired>
</TB_players>
<TB_players>
<id>8094</id>
<lastname>Ansah</lastname>
<firstname>Ezekiel</firstname>
<dob>1989-05-29T00:00:00</dob>
<height>605</height>
<weight>271</weight>
<draft-id>1</draft-id>
<year>2013</year>
<team-id>11</team-id>
<round>1</round>
<selection>5</selection>
<college-id>72</college-id>
<retired>0</retired>
</TB_players>
<TB_players>
<id>8117</id>
<lastname>Addae</lastname>
<firstname>Jahleel</firstname>
<dob>1990-01-24T00:00:00</dob>
<height>510</height>
<weight>195</weight>
<draft-id>2</draft-id>
<year>2013</year>
<team-id>27</team-id>
<college-id>118</college-id>
<retired>0</retired>
</TB_players>
<TB_players>
<id>8378</id>
<lastname>Copeland</lastname>
<firstname>Brandon</firstname>
<dob>1991-07-02T00:00:00</dob>
<height>603</height>
<weight>260</weight>
<draft-id>2</draft-id>
<year>2013</year>
<team-id>3</team-id>
<college-id>509</college-id>
<retired>0</retired>
</TB_players>
<TB_players>
<id>8392</id>
<lastname>Wright</lastname>
<firstname>Timothy</firstname>
<dob>1990-04-07T00:00:00</dob>
<height>604</height>
<weight>220</weight>
<draft-id>2</draft-id>
<year>2013</year>
<team-id>30</team-id>
<college-id>544</college-id>
<retired>0</retired>
</TB_players>
<TB_players>
<id>8460</id>
<lastname>Waddle</lastname>
<firstname>LaAdrian</firstname>
<dob>1991-07-21T00:00:00</dob>
<height>606</height>
<weight>321</weight>
<draft-id>2</draft-id>
<year>2013</year>
<team-id>11</team-id>
<college-id>648</college-id>
<retired>0</retired>
</TB_players>
<TB_players>
<id>8645</id>
<lastname>Ebron</lastname>
<firstname>Eric</firstname>
<dob>1993-04-10T00:00:00</dob>
<height>604</height>
<weight>265</weight>
<draft-id>1</draft-id>
<year>2014</year>
<team-id>11</team-id>
<round>1</round>
<selection>10</selection>
<college-id>451</college-id>
<retired>0</retired>
</TB_players>
<TB_players>
<id>9448</id>
<lastname>Gordon</lastname>
<firstname>Melvin</firstname>
<dob>1993-04-13T00:00:00</dob>
<height>601</height>
<weight>213</weight>
<draft-id>1</draft-id>
<year>2015</year>
<team-id>27</team-id>
<round>1</round>
<selection>15</selection>
<college-id>750</college-id>
<retired>0</retired>
</TB_players>
<TB_players>
<id>9461</id>
<lastname>Tomlinson</lastname>
<firstname>Laken</firstname>
<dob>1992-02-09T00:00:00</dob>
<height>603</height>
<weight>330</weight>
<draft-id>1</draft-id>
<year>2015</year>
<team-id>11</team-id>
<round>1</round>
<selection>28</selection>
<college-id>185</college-id>
<retired>0</retired>
</TB_players>
<TB_players>
<id>9481</id>
<lastname>Perryman</lastname>
<firstname>Denzel</firstname>
<dob>1992-12-05T00:00:00</dob>
<height>600</height>
<weight>242</weight>
<draft-id>1</draft-id>
<year>2015</year>
<team-id>27</team-id>
<round>2</round>
<selection>48</selection>
<college-id>381</college-id>
<retired>0</retired>
</TB_players>
<TB_players>
<id>9487</id>
<lastname>Abdullah</lastname>
<firstname>Ameer</firstname>
<dob>1993-06-13T00:00:00</dob>
<height>509</height>
<weight>195</weight>
<draft-id>1</draft-id>
<year>2015</year>
<team-id>11</team-id>
<round>2</round>
<selection>54</selection>
<college-id>429</college-id>
<retired>0</retired>
</TB_players>
<TB_players>
<id>9516</id>
<lastname>Mager</lastname>
<firstname>Craig</firstname>
<dob>1992-06-11T00:00:00</dob>
<height>511</height>
<weight>196</weight>
<draft-id>1</draft-id>
<year>2015</year>
<team-id>27</team-id>
<round>3</round>
<selection>83</selection>
<college-id>790</college-id>
<retired>0</retired>
</TB_players>
<TB_players>
<id>9546</id>
<lastname>Wright</lastname>
<firstname>Gabe</firstname>
<dob>1992-04-03T00:00:00</dob>
<height>603</height>
<weight>284</weight>
<draft-id>1</draft-id>
<year>2015</year>
<team-id>11</team-id>
<round>4</round>
<selection>113</selection>
<college-id>36</college-id>
<retired>0</retired>
</TB_players>
<TB_players>
<id>9586</id>
<lastname>Emanuel</lastname>
<firstname>Kyle</firstname>
<dob>1991-08-16T00:00:00</dob>
<height>603</height>
<weight>251</weight>
<draft-id>1</draft-id>
<year>2015</year>
<team-id>27</team-id>
<round>5</round>
<selection>153</selection>
<college-id>457</college-id>
<retired>0</retired>
</TB_players>
<TB_players>
<id>9601</id>
<lastname>Burton</lastname>
<firstname>Michael</firstname>
<dob>1992-02-01T00:00:00</dob>
<height>600</height>
<weight>230</weight>
<draft-id>1</draft-id>
<year>2015</year>
<team-id>11</team-id>
<round>5</round>
<selection>168</selection>
<college-id>544</college-id>
<retired>0</retired>
</TB_players>
<TB_players>
<id>9625</id>
<lastname>Philon</lastname>
<firstname>Darius</firstname>
<dob>1994-01-22T00:00:00</dob>
<height>603</height>
<weight>285</weight>
<draft-id>1</draft-id>
<year>2015</year>
<team-id>27</team-id>
<round>6</round>
<selection>192</selection>
<college-id>28</college-id>
<retired>0</retired>
</TB_players>
<TB_players>
<id>9633</id>
<lastname>Diggs</lastname>
<firstname>Quandre</firstname>
<dob>1993-01-22T00:00:00</dob>
<height>510</height>
<weight>195</weight>
<draft-id>1</draft-id>
<year>2015</year>
<team-id>11</team-id>
<round>6</round>
<selection>200</selection>
<college-id>640</college-id>
<retired>0</retired>
</TB_players>
<TB_players>
<id>9673</id>
<lastname>Robinson</lastname>
<firstname>Corey</firstname>
<dob>1992-05-21T00:00:00</dob>
<height>608</height>
<weight>344</weight>
<draft-id>1</draft-id>
<year>2015</year>
<team-id>11</team-id>
<round>7</round>
<selection>240</selection>
<college-id>575</college-id>
<retired>0</retired>
</TB_players>
<TB_players>
<id>9761</id>
<lastname>Zenner</lastname>
<firstname>Zach</firstname>
<dob>1991-09-13T00:00:00</dob>
<height>600</height>
<weight>220</weight>
<draft-id>2</draft-id>
<year>2015</year>
<team-id>11</team-id>
<college-id>578</college-id>
<retired>0</retired>
</TB_players>
<TB_players>
<id>10127</id>
<lastname>Dzubnar</lastname>
<firstname>Nick</firstname>
<dob>1991-08-15T00:00:00</dob>
<height>602</height>
<weight>250</weight>
<draft-id>2</draft-id>
<year>2015</year>
<team-id>27</team-id>
<college-id>84</college-id>
<retired>0</retired>
</TB_players>
<TB_players>
<id>10133</id>
<lastname>Lambo</lastname>
<firstname>Josh</firstname>
<dob>1990-11-19T00:00:00</dob>
<height>600</height>
<weight>220</weight>
<draft-id>2</draft-id>
<year>2015</year>
<team-id>27</team-id>
<college-id>643</college-id>
<retired>0</retired>
</TB_players>
<TB_players>
<id>10154</id>
<lastname>Williams</lastname>
<firstname>Tyrell</firstname>
<dob>1992-02-12T00:00:00</dob>
<height>604</height>
<weight>200</weight>
<draft-id>2</draft-id>
<year>2015</year>
<team-id>27</team-id>
<college-id>726</college-id>
<retired>0</retired>
</TB_players>
</dataroot>
