<?xml version="1.0" encoding="UTF-8"?>
<dataroot xmlns:od="urn:schemas-microsoft-com:officedata" generated="2015-07-02T22:14:43">
<TMP_TB_ANALYSIS_IN>
<id>167</id>
<play-id>809627</play-id>
<aplayer-id>6253</aplayer-id>
<arate-id>5</arate-id>
<atype-id>26</atype-id>
<hplayer-id>4938</hplayer-id>
<hrate-id>4</hrate-id>
<htype-id>26</htype-id>
<Comment>O&gt;PBR&gt;TFSG</Comment>
</TMP_TB_ANALYSIS_IN>
<TMP_TB_ANALYSIS_IN>
<id>168</id>
<play-id>809634</play-id>
<aplayer-id>9107</aplayer-id>
<arate-id>6</arate-id>
<atype-id>26</atype-id>
<hplayer-id>7031</hplayer-id>
<hrate-id>4</hrate-id>
<htype-id>26</htype-id>
<Comment>I&gt;TFNG</Comment>
</TMP_TB_ANALYSIS_IN>
<TMP_TB_ANALYSIS_IN>
<id>169</id>
<play-id>809634</play-id>
<aplayer-id>3000</aplayer-id>
<arate-id>4</arate-id>
<atype-id>26</atype-id>
<hplayer-id>7126</hplayer-id>
<hrate-id>6</hrate-id>
<htype-id>26</htype-id>
<Comment>I&gt;</Comment>
</TMP_TB_ANALYSIS_IN>
<TMP_TB_ANALYSIS_IN>
<id>170</id>
<play-id>809634</play-id>
<aplayer-id>7032</aplayer-id>
<arate-id>6</arate-id>
<atype-id>26</atype-id>
<hplayer-id>799</hplayer-id>
<hrate-id>4</hrate-id>
<htype-id>26</htype-id>
<Comment>I&gt;FC&gt;</Comment>
</TMP_TB_ANALYSIS_IN>
<TMP_TB_ANALYSIS_IN>
<id>171</id>
<play-id>809634</play-id>
<aplayer-id>8746</aplayer-id>
<arate-id>6</arate-id>
<atype-id>26</atype-id>
<hplayer-id>4938</hplayer-id>
<hrate-id>4</hrate-id>
<htype-id>26</htype-id>
<Comment>CR&gt;2L</Comment>
</TMP_TB_ANALYSIS_IN>
<TMP_TB_ANALYSIS_IN>
<id>172</id>
<play-id>809643</play-id>
<aplayer-id>7032</aplayer-id>
<arate-id>4</arate-id>
<atype-id>26</atype-id>
<hplayer-id>799</hplayer-id>
<hrate-id>6</hrate-id>
<htype-id>26</htype-id>
<Comment>I&gt;DT(61)&gt;BTG</Comment>
</TMP_TB_ANALYSIS_IN>
<TMP_TB_ANALYSIS_IN>
<id>173</id>
<play-id>809643</play-id>
<aplayer-id>5692</aplayer-id>
<arate-id>7</arate-id>
<atype-id>26</atype-id>
<hplayer-id>6163</hplayer-id>
<hrate-id>3</hrate-id>
<htype-id>26</htype-id>
<Comment>I&gt;TFL</Comment>
</TMP_TB_ANALYSIS_IN>
<TMP_TB_ANALYSIS_IN>
<id>174</id>
<play-id>809648</play-id>
<aplayer-id>3068</aplayer-id>
<arate-id>6</arate-id>
<atype-id>26</atype-id>
<hplayer-id>2417</hplayer-id>
<hrate-id>4</hrate-id>
<htype-id>26</htype-id>
<Comment>CR&gt;OOP&gt;</Comment>
</TMP_TB_ANALYSIS_IN>
<TMP_TB_ANALYSIS_IN>
<id>175</id>
<play-id>809648</play-id>
<aplayer-id>5579</aplayer-id>
<arate-id>3</arate-id>
<atype-id>26</atype-id>
<hplayer-id>6366</hplayer-id>
<hrate-id>7</hrate-id>
<htype-id>26</htype-id>
<Comment>I&gt;</Comment>
</TMP_TB_ANALYSIS_IN>
<TMP_TB_ANALYSIS_IN>
<id>176</id>
<play-id>809648</play-id>
<aplayer-id>5643</aplayer-id>
<arate-id>6</arate-id>
<atype-id>26</atype-id>
<hplayer-id>7099</hplayer-id>
<hrate-id>4</hrate-id>
<htype-id>26</htype-id>
<Comment>I&gt;</Comment>
</TMP_TB_ANALYSIS_IN>
<TMP_TB_ANALYSIS_IN>
<id>177</id>
<play-id>809648</play-id>
<aplayer-id>7561</aplayer-id>
<arate-id>6</arate-id>
<atype-id>26</atype-id>
<hplayer-id>5642</hplayer-id>
<hrate-id>4</hrate-id>
<htype-id>26</htype-id>
<Comment>BOR&gt;</Comment>
</TMP_TB_ANALYSIS_IN>
<TMP_TB_ANALYSIS_IN>
<id>178</id>
<play-id>809648</play-id>
<aplayer-id>3637</aplayer-id>
<arate-id>4</arate-id>
<atype-id>26</atype-id>
<htype-id>26</htype-id>
<Comment>U&gt;TFSG</Comment>
</TMP_TB_ANALYSIS_IN>
<TMP_TB_ANALYSIS_IN>
<id>179</id>
<play-id>809651</play-id>
<aplayer-id>8746</aplayer-id>
<arate-id>4</arate-id>
<atype-id>26</atype-id>
<hplayer-id>799</hplayer-id>
<hrate-id>6</hrate-id>
<htype-id>26</htype-id>
<Comment>CL&gt;DT(65)</Comment>
</TMP_TB_ANALYSIS_IN>
<TMP_TB_ANALYSIS_IN>
<id>180</id>
<play-id>809651</play-id>
<aplayer-id>7032</aplayer-id>
<arate-id>6</arate-id>
<atype-id>26</atype-id>
<hplayer-id>6163</hplayer-id>
<hrate-id>4</hrate-id>
<htype-id>26</htype-id>
<Comment>I&gt;T</Comment>
</TMP_TB_ANALYSIS_IN>
<TMP_TB_ANALYSIS_IN>
<id>181</id>
<play-id>809652</play-id>
<aplayer-id>8746</aplayer-id>
<arate-id>6</arate-id>
<atype-id>26</atype-id>
<hplayer-id>799</hplayer-id>
<hrate-id>4</hrate-id>
<htype-id>26</htype-id>
<Comment>CL&gt;TFSG</Comment>
</TMP_TB_ANALYSIS_IN>
<TMP_TB_ANALYSIS_IN>
<id>182</id>
<play-id>809652</play-id>
<aplayer-id>7032</aplayer-id>
<arate-id>4</arate-id>
<atype-id>26</atype-id>
<hplayer-id>6243</hplayer-id>
<hrate-id>6</hrate-id>
<htype-id>26</htype-id>
<Comment>O&gt;2L</Comment>
</TMP_TB_ANALYSIS_IN>
<TMP_TB_ANALYSIS_IN>
<id>183</id>
<play-id>809652</play-id>
<aplayer-id>3000</aplayer-id>
<arate-id>6</arate-id>
<atype-id>26</atype-id>
<hplayer-id>4938</hplayer-id>
<hrate-id>5</hrate-id>
<htype-id>26</htype-id>
<Comment>I&gt;2L</Comment>
</TMP_TB_ANALYSIS_IN>
<TMP_TB_ANALYSIS_IN>
<id>184</id>
<play-id>809654</play-id>
<aplayer-id>8690</aplayer-id>
<arate-id>4</arate-id>
<atype-id>26</atype-id>
<hplayer-id>6341</hplayer-id>
<hrate-id>6</hrate-id>
<htype-id>8</htype-id>
<Comment>GC&gt;MT&gt;1D</Comment>
</TMP_TB_ANALYSIS_IN>
<TMP_TB_ANALYSIS_IN>
<id>185</id>
<play-id>809654</play-id>
<aplayer-id>3000</aplayer-id>
<arate-id>3</arate-id>
<atype-id>26</atype-id>
<hplayer-id>7031</hplayer-id>
<hrate-id>7</hrate-id>
<htype-id>26</htype-id>
<Comment>I&gt;</Comment>
</TMP_TB_ANALYSIS_IN>
<TMP_TB_ANALYSIS_IN>
<id>186</id>
<play-id>809654</play-id>
<aplayer-id>8746</aplayer-id>
<arate-id>4</arate-id>
<atype-id>26</atype-id>
<hplayer-id>5400</hplayer-id>
<hrate-id>4</hrate-id>
<htype-id>26</htype-id>
<Comment>CL&gt;DT</Comment>
</TMP_TB_ANALYSIS_IN>
<TMP_TB_ANALYSIS_IN>
<id>187</id>
<play-id>809654</play-id>
<aplayer-id>7032</aplayer-id>
<arate-id>4</arate-id>
<atype-id>26</atype-id>
<hplayer-id>5659</hplayer-id>
<hrate-id>6</hrate-id>
<htype-id>26</htype-id>
<Comment>I&gt;PBL</Comment>
</TMP_TB_ANALYSIS_IN>
<TMP_TB_ANALYSIS_IN>
<id>188</id>
<play-id>809654</play-id>
<atype-id>26</atype-id>
<hplayer-id>7838</hplayer-id>
<hrate-id>6</hrate-id>
<htype-id>26</htype-id>
<Comment>Loses sight</Comment>
</TMP_TB_ANALYSIS_IN>
<TMP_TB_ANALYSIS_IN>
<id>189</id>
<play-id>809655</play-id>
<aplayer-id>3000</aplayer-id>
<arate-id>6</arate-id>
<atype-id>26</atype-id>
<hplayer-id>5659</hplayer-id>
<hrate-id>3</hrate-id>
<htype-id>26</htype-id>
<Comment>U&gt;TFL</Comment>
</TMP_TB_ANALYSIS_IN>
<TMP_TB_ANALYSIS_IN>
<id>190</id>
<play-id>809656</play-id>
<aplayer-id>8690</aplayer-id>
<arate-id>4</arate-id>
<atype-id>26</atype-id>
<htype-id>26</htype-id>
<Comment>GB&gt;YDC</Comment>
</TMP_TB_ANALYSIS_IN>
<TMP_TB_ANALYSIS_IN>
<id>191</id>
<play-id>809656</play-id>
<aplayer-id>7084</aplayer-id>
<arate-id>4</arate-id>
<atype-id>26</atype-id>
<hplayer-id>8636</hplayer-id>
<hrate-id>6</hrate-id>
<htype-id>26</htype-id>
<Comment>I&gt;</Comment>
</TMP_TB_ANALYSIS_IN>
<TMP_TB_ANALYSIS_IN>
<id>192</id>
<play-id>809656</play-id>
<aplayer-id>5546</aplayer-id>
<arate-id>3</arate-id>
<atype-id>26</atype-id>
<hplayer-id>5659</hplayer-id>
<hrate-id>7</hrate-id>
<htype-id>26</htype-id>
<Comment>B&gt;PBL&gt;BTG</Comment>
</TMP_TB_ANALYSIS_IN>
<TMP_TB_ANALYSIS_IN>
<id>193</id>
<play-id>809656</play-id>
<aplayer-id>3000</aplayer-id>
<arate-id>4</arate-id>
<atype-id>26</atype-id>
<hplayer-id>6341</hplayer-id>
<hrate-id>6</hrate-id>
<htype-id>26</htype-id>
<Comment>I&gt;PBL</Comment>
</TMP_TB_ANALYSIS_IN>
<TMP_TB_ANALYSIS_IN>
<id>194</id>
<play-id>809656</play-id>
<aplayer-id>8873</aplayer-id>
<arate-id>4</arate-id>
<atype-id>26</atype-id>
<hplayer-id>8105</hplayer-id>
<hrate-id>6</hrate-id>
<htype-id>26</htype-id>
<Comment>I&gt;</Comment>
</TMP_TB_ANALYSIS_IN>
<TMP_TB_ANALYSIS_IN>
<id>195</id>
<play-id>809657</play-id>
<aplayer-id>7818</aplayer-id>
<arate-id>4</arate-id>
<atype-id>26</atype-id>
<hplayer-id>7126</hplayer-id>
<hrate-id>6</hrate-id>
<htype-id>8</htype-id>
<Comment>GC&gt;Good Spin&gt;MT&gt;</Comment>
</TMP_TB_ANALYSIS_IN>
<TMP_TB_ANALYSIS_IN>
<id>196</id>
<play-id>809657</play-id>
<aplayer-id>9107</aplayer-id>
<arate-id>7</arate-id>
<atype-id>26</atype-id>
<hplayer-id>4938</hplayer-id>
<hrate-id>4</hrate-id>
<htype-id>26</htype-id>
<Comment>PEN(OH)&gt;I&gt;FC</Comment>
</TMP_TB_ANALYSIS_IN>
<TMP_TB_ANALYSIS_IN>
<id>197</id>
<play-id>809657</play-id>
<aplayer-id>5692</aplayer-id>
<arate-id>6</arate-id>
<atype-id>26</atype-id>
<hplayer-id>6163</hplayer-id>
<hrate-id>4</hrate-id>
<htype-id>26</htype-id>
<Comment>I&gt;FC</Comment>
</TMP_TB_ANALYSIS_IN>
<TMP_TB_ANALYSIS_IN>
<id>198</id>
<play-id>809657</play-id>
<aplayer-id>7032</aplayer-id>
<arate-id>4</arate-id>
<atype-id>26</atype-id>
<hplayer-id>799</hplayer-id>
<hrate-id>6</hrate-id>
<htype-id>26</htype-id>
<Comment>I&gt;DT(61)&gt;BTG</Comment>
</TMP_TB_ANALYSIS_IN>
<TMP_TB_ANALYSIS_IN>
<id>199</id>
<play-id>809658</play-id>
<aplayer-id>6253</aplayer-id>
<arate-id>7</arate-id>
<atype-id>26</atype-id>
<hplayer-id>6243</hplayer-id>
<hrate-id>3</hrate-id>
<htype-id>26</htype-id>
<Comment>O&gt;TFNG</Comment>
</TMP_TB_ANALYSIS_IN>
<TMP_TB_ANALYSIS_IN>
<id>200</id>
<play-id>809658</play-id>
<aplayer-id>3000</aplayer-id>
<arate-id>6</arate-id>
<atype-id>26</atype-id>
<hplayer-id>7031</hplayer-id>
<hrate-id>4</hrate-id>
<htype-id>26</htype-id>
<Comment>O&gt;TFNG</Comment>
</TMP_TB_ANALYSIS_IN>
<TMP_TB_ANALYSIS_IN>
<id>201</id>
<play-id>809658</play-id>
<aplayer-id>8746</aplayer-id>
<arate-id>4</arate-id>
<atype-id>26</atype-id>
<hplayer-id>4938</hplayer-id>
<hrate-id>6</hrate-id>
<htype-id>26</htype-id>
<Comment>CL&gt;</Comment>
</TMP_TB_ANALYSIS_IN>
<TMP_TB_ANALYSIS_IN>
<id>99</id>
<play-id>809568</play-id>
<aplayer-id>1838</aplayer-id>
<arate-id>6</arate-id>
<atype-id>26</atype-id>
<hplayer-id>4340</hplayer-id>
<hrate-id>4</hrate-id>
<htype-id>26</htype-id>
<Comment>O&gt;BTG</Comment>
</TMP_TB_ANALYSIS_IN>
<TMP_TB_ANALYSIS_IN>
<id>100</id>
<play-id>809568</play-id>
<aplayer-id>7093</aplayer-id>
<arate-id>4</arate-id>
<atype-id>26</atype-id>
<hplayer-id>7099</hplayer-id>
<hrate-id>6</hrate-id>
<htype-id>26</htype-id>
<Comment>I&gt;</Comment>
</TMP_TB_ANALYSIS_IN>
<TMP_TB_ANALYSIS_IN>
<id>101</id>
<play-id>809568</play-id>
<aplayer-id>2223</aplayer-id>
<arate-id>5</arate-id>
<atype-id>26</atype-id>
<hplayer-id>1319</hplayer-id>
<hrate-id>6</hrate-id>
<htype-id>26</htype-id>
<Comment>I&gt;</Comment>
</TMP_TB_ANALYSIS_IN>
<TMP_TB_ANALYSIS_IN>
<id>102</id>
<play-id>809568</play-id>
<aplayer-id>3637</aplayer-id>
<arate-id>6</arate-id>
<atype-id>26</atype-id>
<htype-id>26</htype-id>
<Comment>IOP</Comment>
</TMP_TB_ANALYSIS_IN>
<TMP_TB_ANALYSIS_IN>
<id>103</id>
<play-id>809568</play-id>
<aplayer-id>7159</aplayer-id>
<arate-id>4</arate-id>
<atype-id>26</atype-id>
<hplayer-id>5642</hplayer-id>
<hrate-id>5</hrate-id>
<htype-id>26</htype-id>
<Comment>O&gt;2L&gt;T</Comment>
</TMP_TB_ANALYSIS_IN>
<TMP_TB_ANALYSIS_IN>
<id>104</id>
<play-id>809570</play-id>
<aplayer-id>7093</aplayer-id>
<arate-id>6</arate-id>
<atype-id>26</atype-id>
<hplayer-id>7099</hplayer-id>
<hrate-id>5</hrate-id>
<htype-id>26</htype-id>
<Comment>O&gt;OOP&gt;</Comment>
</TMP_TB_ANALYSIS_IN>
<TMP_TB_ANALYSIS_IN>
<id>105</id>
<play-id>809570</play-id>
<aplayer-id>4961</aplayer-id>
<arate-id>6</arate-id>
<atype-id>26</atype-id>
<hplayer-id>2417</hplayer-id>
<hrate-id>4</hrate-id>
<htype-id>26</htype-id>
<Comment>CR&gt;2L&gt;</Comment>
</TMP_TB_ANALYSIS_IN>
<TMP_TB_ANALYSIS_IN>
<id>106</id>
<play-id>809512</play-id>
<aplayer-id>5643</aplayer-id>
<arate-id>5</arate-id>
<atype-id>26</atype-id>
<hplayer-id>7078</hplayer-id>
<hrate-id>4</hrate-id>
<htype-id>26</htype-id>
<Comment>O&gt;</Comment>
</TMP_TB_ANALYSIS_IN>
<TMP_TB_ANALYSIS_IN>
<id>63</id>
<play-id>809540</play-id>
<aplayer-id>6253</aplayer-id>
<arate-id>4</arate-id>
<atype-id>26</atype-id>
<hplayer-id>799</hplayer-id>
<hrate-id>6</hrate-id>
<htype-id>26</htype-id>
<Comment>I&gt;</Comment>
</TMP_TB_ANALYSIS_IN>
<TMP_TB_ANALYSIS_IN>
<id>64</id>
<play-id>809540</play-id>
<aplayer-id>3000</aplayer-id>
<arate-id>5</arate-id>
<atype-id>26</atype-id>
<hplayer-id>6341</hplayer-id>
<hrate-id>4</hrate-id>
<htype-id>26</htype-id>
<Comment>I&gt;</Comment>
</TMP_TB_ANALYSIS_IN>
<TMP_TB_ANALYSIS_IN>
<id>65</id>
<play-id>809540</play-id>
<aplayer-id>8690</aplayer-id>
<arate-id>6</arate-id>
<atype-id>26</atype-id>
<htype-id>26</htype-id>
<Comment>Poor read</Comment>
</TMP_TB_ANALYSIS_IN>
<TMP_TB_ANALYSIS_IN>
<id>66</id>
<play-id>809543</play-id>
<aplayer-id>5546</aplayer-id>
<arate-id>5</arate-id>
<atype-id>26</atype-id>
<hplayer-id>6163</hplayer-id>
<hrate-id>6</hrate-id>
<htype-id>26</htype-id>
<Comment>O&gt;</Comment>
</TMP_TB_ANALYSIS_IN>
<TMP_TB_ANALYSIS_IN>
<id>67</id>
<play-id>809543</play-id>
<aplayer-id>3000</aplayer-id>
<arate-id>6</arate-id>
<atype-id>26</atype-id>
<hplayer-id>4938</hplayer-id>
<hrate-id>4</hrate-id>
<htype-id>26</htype-id>
<Comment>I&gt;T</Comment>
</TMP_TB_ANALYSIS_IN>
<TMP_TB_ANALYSIS_IN>
<id>68</id>
<play-id>809543</play-id>
<aplayer-id>8746</aplayer-id>
<arate-id>4</arate-id>
<atype-id>26</atype-id>
<hplayer-id>6341</hplayer-id>
<hrate-id>6</hrate-id>
<htype-id>26</htype-id>
<Comment>CR</Comment>
</TMP_TB_ANALYSIS_IN>
<TMP_TB_ANALYSIS_IN>
<id>69</id>
<play-id>809543</play-id>
<aplayer-id>6253</aplayer-id>
<arate-id>4</arate-id>
<atype-id>26</atype-id>
<hplayer-id>799</hplayer-id>
<hrate-id>6</hrate-id>
<htype-id>26</htype-id>
<Comment>I&gt;</Comment>
</TMP_TB_ANALYSIS_IN>
<TMP_TB_ANALYSIS_IN>
<id>70</id>
<play-id>809544</play-id>
<aplayer-id>7032</aplayer-id>
<arate-id>6</arate-id>
<atype-id>26</atype-id>
<hplayer-id>799</hplayer-id>
<hrate-id>4</hrate-id>
<htype-id>26</htype-id>
<Comment>I&gt;</Comment>
</TMP_TB_ANALYSIS_IN>
<TMP_TB_ANALYSIS_IN>
<id>71</id>
<play-id>809544</play-id>
<aplayer-id>5692</aplayer-id>
<arate-id>7</arate-id>
<atype-id>26</atype-id>
<hplayer-id>6163</hplayer-id>
<hrate-id>3</hrate-id>
<htype-id>26</htype-id>
<Comment>I&gt;TFSG</Comment>
</TMP_TB_ANALYSIS_IN>
<TMP_TB_ANALYSIS_IN>
<id>72</id>
<play-id>809544</play-id>
<aplayer-id>8746</aplayer-id>
<arate-id>6</arate-id>
<atype-id>26</atype-id>
<hplayer-id>4938</hplayer-id>
<hrate-id>4</hrate-id>
<htype-id>26</htype-id>
<Comment>CR&gt;2L</Comment>
</TMP_TB_ANALYSIS_IN>
<TMP_TB_ANALYSIS_IN>
<id>73</id>
<play-id>809544</play-id>
<aplayer-id>9107</aplayer-id>
<arate-id>4</arate-id>
<atype-id>26</atype-id>
<hplayer-id>6243</hplayer-id>
<hrate-id>6</hrate-id>
<htype-id>26</htype-id>
<Comment>BBR</Comment>
</TMP_TB_ANALYSIS_IN>
<TMP_TB_ANALYSIS_IN>
<id>74</id>
<play-id>809547</play-id>
<aplayer-id>3000</aplayer-id>
<arate-id>3</arate-id>
<atype-id>26</atype-id>
<hplayer-id>6341</hplayer-id>
<hrate-id>7</hrate-id>
<htype-id>26</htype-id>
<Comment>B&gt;PBL&gt;2L</Comment>
</TMP_TB_ANALYSIS_IN>
<TMP_TB_ANALYSIS_IN>
<id>75</id>
<play-id>809547</play-id>
<aplayer-id>5546</aplayer-id>
<arate-id>6</arate-id>
<atype-id>26</atype-id>
<hplayer-id>7031</hplayer-id>
<hrate-id>4</hrate-id>
<htype-id>26</htype-id>
<Comment>O&gt;FC</Comment>
</TMP_TB_ANALYSIS_IN>
<TMP_TB_ANALYSIS_IN>
<id>76</id>
<play-id>809547</play-id>
<aplayer-id>6253</aplayer-id>
<arate-id>4</arate-id>
<atype-id>26</atype-id>
<hplayer-id>799</hplayer-id>
<hrate-id>6</hrate-id>
<htype-id>26</htype-id>
<Comment>I&gt;</Comment>
</TMP_TB_ANALYSIS_IN>
<TMP_TB_ANALYSIS_IN>
<id>77</id>
<play-id>809547</play-id>
<atype-id>26</atype-id>
<hplayer-id>4938</hplayer-id>
<hrate-id>6</hrate-id>
<htype-id>26</htype-id>
<Comment>OOP</Comment>
</TMP_TB_ANALYSIS_IN>
<TMP_TB_ANALYSIS_IN>
<id>78</id>
<play-id>809548</play-id>
<aplayer-id>6187</aplayer-id>
<arate-id>6</arate-id>
<atype-id>5</atype-id>
<htype-id>26</htype-id>
<Comment>FU&gt;FR</Comment>
</TMP_TB_ANALYSIS_IN>
<TMP_TB_ANALYSIS_IN>
<id>79</id>
<play-id>809551</play-id>
<aplayer-id>3068</aplayer-id>
<arate-id>4</arate-id>
<atype-id>26</atype-id>
<hplayer-id>2417</hplayer-id>
<hrate-id>6</hrate-id>
<htype-id>26</htype-id>
<Comment>CR&gt;</Comment>
</TMP_TB_ANALYSIS_IN>
<TMP_TB_ANALYSIS_IN>
<id>80</id>
<play-id>809551</play-id>
<aplayer-id>5643</aplayer-id>
<arate-id>3</arate-id>
<atype-id>26</atype-id>
<hplayer-id>7078</hplayer-id>
<hrate-id>7</hrate-id>
<htype-id>26</htype-id>
<Comment>I&gt;TFL</Comment>
</TMP_TB_ANALYSIS_IN>
<TMP_TB_ANALYSIS_IN>
<id>81</id>
<play-id>809551</play-id>
<aplayer-id>5579</aplayer-id>
<arate-id>4</arate-id>
<atype-id>26</atype-id>
<hplayer-id>8700</hplayer-id>
<hrate-id>6</hrate-id>
<htype-id>26</htype-id>
<Comment>B&gt;</Comment>
</TMP_TB_ANALYSIS_IN>
<TMP_TB_ANALYSIS_IN>
<id>83</id>
<play-id>809554</play-id>
<aplayer-id>7032</aplayer-id>
<arate-id>5</arate-id>
<atype-id>26</atype-id>
<hplayer-id>4938</hplayer-id>
<hrate-id>4</hrate-id>
<htype-id>26</htype-id>
<Comment>O&gt;PBR</Comment>
</TMP_TB_ANALYSIS_IN>
<TMP_TB_ANALYSIS_IN>
<id>84</id>
<play-id>809554</play-id>
<aplayer-id>9107</aplayer-id>
<arate-id>5</arate-id>
<atype-id>26</atype-id>
<hplayer-id>7031</hplayer-id>
<hrate-id>4</hrate-id>
<htype-id>26</htype-id>
<Comment>BOL&gt;</Comment>
</TMP_TB_ANALYSIS_IN>
<TMP_TB_ANALYSIS_IN>
<id>85</id>
<play-id>809554</play-id>
<aplayer-id>6253</aplayer-id>
<arate-id>4</arate-id>
<atype-id>26</atype-id>
<hplayer-id>6351</hplayer-id>
<hrate-id>6</hrate-id>
<htype-id>26</htype-id>
<Comment>O&gt;DT</Comment>
</TMP_TB_ANALYSIS_IN>
<TMP_TB_ANALYSIS_IN>
<id>86</id>
<play-id>809554</play-id>
<aplayer-id>3000</aplayer-id>
<arate-id>6</arate-id>
<atype-id>26</atype-id>
<hplayer-id>7126</hplayer-id>
<hrate-id>4</hrate-id>
<htype-id>26</htype-id>
<Comment>I&gt;</Comment>
</TMP_TB_ANALYSIS_IN>
<TMP_TB_ANALYSIS_IN>
<id>87</id>
<play-id>809554</play-id>
<aplayer-id>8690</aplayer-id>
<arate-id>6</arate-id>
<atype-id>26</atype-id>
<hplayer-id>6194</hplayer-id>
<hrate-id>4</hrate-id>
<htype-id>26</htype-id>
<Comment>U&gt;TFNG&gt;poor cut</Comment>
</TMP_TB_ANALYSIS_IN>
<TMP_TB_ANALYSIS_IN>
<id>88</id>
<play-id>809557</play-id>
<aplayer-id>5579</aplayer-id>
<arate-id>3</arate-id>
<atype-id>26</atype-id>
<hplayer-id>8700</hplayer-id>
<hrate-id>7</hrate-id>
<htype-id>26</htype-id>
<Comment>I&gt;TFL</Comment>
</TMP_TB_ANALYSIS_IN>
<TMP_TB_ANALYSIS_IN>
<id>89</id>
<play-id>809557</play-id>
<aplayer-id>4763</aplayer-id>
<arate-id>4</arate-id>
<atype-id>26</atype-id>
<hplayer-id>5642</hplayer-id>
<hrate-id>6</hrate-id>
<htype-id>26</htype-id>
<Comment>I&gt;</Comment>
</TMP_TB_ANALYSIS_IN>
<TMP_TB_ANALYSIS_IN>
<id>90</id>
<play-id>809557</play-id>
<aplayer-id>3068</aplayer-id>
<arate-id>4</arate-id>
<atype-id>26</atype-id>
<hplayer-id>7099</hplayer-id>
<hrate-id>6</hrate-id>
<htype-id>26</htype-id>
<Comment>O&gt;</Comment>
</TMP_TB_ANALYSIS_IN>
<TMP_TB_ANALYSIS_IN>
<id>91</id>
<play-id>809557</play-id>
<aplayer-id>7093</aplayer-id>
<arate-id>6</arate-id>
<atype-id>26</atype-id>
<hplayer-id>7078</hplayer-id>
<hrate-id>4</hrate-id>
<htype-id>26</htype-id>
<Comment>I&gt;</Comment>
</TMP_TB_ANALYSIS_IN>
<TMP_TB_ANALYSIS_IN>
<id>92</id>
<play-id>809559</play-id>
<aplayer-id>3068</aplayer-id>
<arate-id>4</arate-id>
<atype-id>26</atype-id>
<hplayer-id>2417</hplayer-id>
<hrate-id>5</hrate-id>
<htype-id>26</htype-id>
<Comment>CL&gt;</Comment>
</TMP_TB_ANALYSIS_IN>
<TMP_TB_ANALYSIS_IN>
<id>93</id>
<play-id>809559</play-id>
<aplayer-id>4763</aplayer-id>
<arate-id>4</arate-id>
<atype-id>26</atype-id>
<hplayer-id>4340</hplayer-id>
<hrate-id>6</hrate-id>
<htype-id>26</htype-id>
<Comment>I&gt;</Comment>
</TMP_TB_ANALYSIS_IN>
<TMP_TB_ANALYSIS_IN>
<id>94</id>
<play-id>809559</play-id>
<aplayer-id>7561</aplayer-id>
<arate-id>6</arate-id>
<atype-id>26</atype-id>
<hplayer-id>7099</hplayer-id>
<hrate-id>4</hrate-id>
<htype-id>26</htype-id>
<Comment>O&gt;2L</Comment>
</TMP_TB_ANALYSIS_IN>
<TMP_TB_ANALYSIS_IN>
<id>96</id>
<play-id>809566</play-id>
<aplayer-id>8723</aplayer-id>
<arate-id>4</arate-id>
<atype-id>26</atype-id>
<hplayer-id>5642</hplayer-id>
<hrate-id>5</hrate-id>
<htype-id>26</htype-id>
<Comment>I&gt;TFSG</Comment>
</TMP_TB_ANALYSIS_IN>
<TMP_TB_ANALYSIS_IN>
<id>97</id>
<play-id>809566</play-id>
<aplayer-id>5579</aplayer-id>
<arate-id>4</arate-id>
<atype-id>26</atype-id>
<hplayer-id>7078</hplayer-id>
<hrate-id>6</hrate-id>
<htype-id>26</htype-id>
<Comment>O&gt;</Comment>
</TMP_TB_ANALYSIS_IN>
<TMP_TB_ANALYSIS_IN>
<id>98</id>
<play-id>809566</play-id>
<aplayer-id>5643</aplayer-id>
<arate-id>6</arate-id>
<atype-id>26</atype-id>
<hplayer-id>4340</hplayer-id>
<hrate-id>4</hrate-id>
<htype-id>26</htype-id>
<Comment>O&gt;C&gt;BTG</Comment>
</TMP_TB_ANALYSIS_IN>
<TMP_TB_ANALYSIS_IN>
<id>1</id>
<play-id>809502</play-id>
<aplayer-id>3000</aplayer-id>
<arate-id>4</arate-id>
<atype-id>26</atype-id>
<hplayer-id>7126</hplayer-id>
<hrate-id>6</hrate-id>
<htype-id>26</htype-id>
<Comment>I&gt;</Comment>
</TMP_TB_ANALYSIS_IN>
<TMP_TB_ANALYSIS_IN>
<id>2</id>
<play-id>809502</play-id>
<aplayer-id>6253</aplayer-id>
<arate-id>6</arate-id>
<atype-id>26</atype-id>
<hplayer-id>4938</hplayer-id>
<hrate-id>4</hrate-id>
<htype-id>26</htype-id>
<Comment>I&gt;2L</Comment>
</TMP_TB_ANALYSIS_IN>
<TMP_TB_ANALYSIS_IN>
<id>3</id>
<play-id>809502</play-id>
<aplayer-id>4929</aplayer-id>
<arate-id>7</arate-id>
<atype-id>26</atype-id>
<hplayer-id>6163</hplayer-id>
<hrate-id>3</hrate-id>
<htype-id>26</htype-id>
<Comment>O&gt;TFSG</Comment>
</TMP_TB_ANALYSIS_IN>
<TMP_TB_ANALYSIS_IN>
<id>4</id>
<play-id>809505</play-id>
<aplayer-id>7032</aplayer-id>
<arate-id>7</arate-id>
<atype-id>26</atype-id>
<hplayer-id>6163</hplayer-id>
<hrate-id>3</hrate-id>
<htype-id>26</htype-id>
<Comment>O&gt;TFL</Comment>
</TMP_TB_ANALYSIS_IN>
<TMP_TB_ANALYSIS_IN>
<id>5</id>
<play-id>809505</play-id>
<aplayer-id>8746</aplayer-id>
<arate-id>4</arate-id>
<atype-id>26</atype-id>
<hplayer-id>6351</hplayer-id>
<hrate-id>6</hrate-id>
<htype-id>26</htype-id>
<Comment>CR&gt;</Comment>
</TMP_TB_ANALYSIS_IN>
<TMP_TB_ANALYSIS_IN>
<id>6</id>
<play-id>809505</play-id>
<aplayer-id>3000</aplayer-id>
<arate-id>7</arate-id>
<atype-id>26</atype-id>
<hplayer-id>7126</hplayer-id>
<hrate-id>3</hrate-id>
<htype-id>26</htype-id>
<Comment>O&gt;TFL</Comment>
</TMP_TB_ANALYSIS_IN>
<TMP_TB_ANALYSIS_IN>
<id>7</id>
<play-id>809505</play-id>
<aplayer-id>4929</aplayer-id>
<arate-id>6</arate-id>
<atype-id>26</atype-id>
<hplayer-id>4938</hplayer-id>
<hrate-id>4</hrate-id>
<htype-id>26</htype-id>
<Comment>SU at POA&gt;PBL</Comment>
</TMP_TB_ANALYSIS_IN>
<TMP_TB_ANALYSIS_IN>
<id>8</id>
<play-id>809506</play-id>
<aplayer-id>3000</aplayer-id>
<arate-id>6</arate-id>
<atype-id>26</atype-id>
<hplayer-id>5400</hplayer-id>
<hrate-id>3</hrate-id>
<htype-id>26</htype-id>
<Comment>I&gt;TFL</Comment>
</TMP_TB_ANALYSIS_IN>
<TMP_TB_ANALYSIS_IN>
<id>9</id>
<play-id>809506</play-id>
<aplayer-id>8746</aplayer-id>
<arate-id>5</arate-id>
<atype-id>26</atype-id>
<hplayer-id>7126</hplayer-id>
<hrate-id>4</hrate-id>
<htype-id>26</htype-id>
<Comment>CR&gt;</Comment>
</TMP_TB_ANALYSIS_IN>
<TMP_TB_ANALYSIS_IN>
<id>10</id>
<play-id>809506</play-id>
<aplayer-id>4929</aplayer-id>
<arate-id>6</arate-id>
<atype-id>26</atype-id>
<hplayer-id>6163</hplayer-id>
<hrate-id>5</hrate-id>
<htype-id>26</htype-id>
<Comment>O&gt;</Comment>
</TMP_TB_ANALYSIS_IN>
<TMP_TB_ANALYSIS_IN>
<id>12</id>
<play-id>809506</play-id>
<aplayer-id>6253</aplayer-id>
<arate-id>6</arate-id>
<atype-id>26</atype-id>
<hplayer-id>4938</hplayer-id>
<hrate-id>5</hrate-id>
<htype-id>26</htype-id>
<Comment>O&gt;</Comment>
</TMP_TB_ANALYSIS_IN>
<TMP_TB_ANALYSIS_IN>
<id>13</id>
<play-id>809508</play-id>
<aplayer-id>5643</aplayer-id>
<arate-id>6</arate-id>
<atype-id>26</atype-id>
<hplayer-id>7078</hplayer-id>
<hrate-id>4</hrate-id>
<htype-id>26</htype-id>
<Comment>I</Comment>
</TMP_TB_ANALYSIS_IN>
<TMP_TB_ANALYSIS_IN>
<id>14</id>
<play-id>809508</play-id>
<aplayer-id>3068</aplayer-id>
<arate-id>5</arate-id>
<atype-id>26</atype-id>
<hplayer-id>2417</hplayer-id>
<hrate-id>6</hrate-id>
<htype-id>26</htype-id>
<Comment>I&gt;</Comment>
</TMP_TB_ANALYSIS_IN>
<TMP_TB_ANALYSIS_IN>
<id>15</id>
<play-id>809508</play-id>
<aplayer-id>4961</aplayer-id>
<arate-id>6</arate-id>
<atype-id>8</atype-id>
<hplayer-id>8816</hplayer-id>
<hrate-id>4</hrate-id>
<htype-id>26</htype-id>
<Comment>GC&gt;MT</Comment>
</TMP_TB_ANALYSIS_IN>
<TMP_TB_ANALYSIS_IN>
<id>16</id>
<play-id>809508</play-id>
<aplayer-id>7561</aplayer-id>
<arate-id>5</arate-id>
<atype-id>26</atype-id>
<hplayer-id>5642</hplayer-id>
<hrate-id>4</hrate-id>
<htype-id>26</htype-id>
<Comment>I&gt;</Comment>
</TMP_TB_ANALYSIS_IN>
<TMP_TB_ANALYSIS_IN>
<id>17</id>
<play-id>809508</play-id>
<aplayer-id>4763</aplayer-id>
<arate-id>4</arate-id>
<atype-id>26</atype-id>
<hplayer-id>4340</hplayer-id>
<hrate-id>6</hrate-id>
<htype-id>26</htype-id>
<Comment>I&gt;TFSG</Comment>
</TMP_TB_ANALYSIS_IN>
<TMP_TB_ANALYSIS_IN>
<id>18</id>
<play-id>809509</play-id>
<aplayer-id>5643</aplayer-id>
<arate-id>4</arate-id>
<atype-id>26</atype-id>
<hplayer-id>7099</hplayer-id>
<hrate-id>6</hrate-id>
<htype-id>26</htype-id>
<Comment>I&gt;</Comment>
</TMP_TB_ANALYSIS_IN>
<TMP_TB_ANALYSIS_IN>
<id>19</id>
<play-id>809509</play-id>
<aplayer-id>5579</aplayer-id>
<arate-id>4</arate-id>
<atype-id>26</atype-id>
<hplayer-id>6366</hplayer-id>
<hrate-id>6</hrate-id>
<htype-id>26</htype-id>
<Comment>I&gt;FC</Comment>
</TMP_TB_ANALYSIS_IN>
<TMP_TB_ANALYSIS_IN>
<id>20</id>
<play-id>809509</play-id>
<aplayer-id>5811</aplayer-id>
<arate-id>5</arate-id>
<atype-id>26</atype-id>
<hplayer-id>7078</hplayer-id>
<hrate-id>4</hrate-id>
<htype-id>26</htype-id>
<Comment>I&gt;BTG</Comment>
</TMP_TB_ANALYSIS_IN>
<TMP_TB_ANALYSIS_IN>
<id>21</id>
<play-id>809509</play-id>
<aplayer-id>3068</aplayer-id>
<arate-id>5</arate-id>
<atype-id>26</atype-id>
<hplayer-id>2417</hplayer-id>
<hrate-id>6</hrate-id>
<htype-id>26</htype-id>
<Comment>CR&gt;TFSG</Comment>
</TMP_TB_ANALYSIS_IN>
<TMP_TB_ANALYSIS_IN>
<id>22</id>
<play-id>809509</play-id>
<aplayer-id>7561</aplayer-id>
<arate-id>4</arate-id>
<atype-id>26</atype-id>
<hplayer-id>8816</hplayer-id>
<hrate-id>5</hrate-id>
<htype-id>26</htype-id>
<Comment>U&gt;TFSG</Comment>
</TMP_TB_ANALYSIS_IN>
<TMP_TB_ANALYSIS_IN>
<id>23</id>
<play-id>809511</play-id>
<aplayer-id>5643</aplayer-id>
<arate-id>6</arate-id>
<atype-id>26</atype-id>
<hplayer-id>7078</hplayer-id>
<hrate-id>4</hrate-id>
<htype-id>26</htype-id>
<Comment>I&gt;</Comment>
</TMP_TB_ANALYSIS_IN>
<TMP_TB_ANALYSIS_IN>
<id>24</id>
<play-id>809511</play-id>
<aplayer-id>3068</aplayer-id>
<arate-id>6</arate-id>
<atype-id>26</atype-id>
<hplayer-id>7099</hplayer-id>
<hrate-id>4</hrate-id>
<htype-id>26</htype-id>
<Comment>O&gt;DT</Comment>
</TMP_TB_ANALYSIS_IN>
<TMP_TB_ANALYSIS_IN>
<id>25</id>
<play-id>809511</play-id>
<aplayer-id>4961</aplayer-id>
<arate-id>7</arate-id>
<atype-id>8</atype-id>
<hplayer-id>8816</hplayer-id>
<hrate-id>3</hrate-id>
<htype-id>26</htype-id>
<Comment>GC&gt;MT</Comment>
</TMP_TB_ANALYSIS_IN>
<TMP_TB_ANALYSIS_IN>
<id>26</id>
<play-id>809513</play-id>
<aplayer-id>5643</aplayer-id>
<arate-id>4</arate-id>
<atype-id>26</atype-id>
<hplayer-id>7078</hplayer-id>
<hrate-id>6</hrate-id>
<htype-id>26</htype-id>
<Comment>SU at POA&gt;TFSG</Comment>
</TMP_TB_ANALYSIS_IN>
<TMP_TB_ANALYSIS_IN>
<id>27</id>
<play-id>809513</play-id>
<aplayer-id>4961</aplayer-id>
<arate-id>5</arate-id>
<atype-id>26</atype-id>
<hplayer-id>2417</hplayer-id>
<hrate-id>4</hrate-id>
<htype-id>26</htype-id>
<Comment>CR&gt;2L</Comment>
</TMP_TB_ANALYSIS_IN>
<TMP_TB_ANALYSIS_IN>
<id>28</id>
<play-id>809513</play-id>
<aplayer-id>5811</aplayer-id>
<arate-id>4</arate-id>
<atype-id>26</atype-id>
<hplayer-id>8700</hplayer-id>
<hrate-id>5</hrate-id>
<htype-id>26</htype-id>
<Comment>I&gt;TFSG</Comment>
</TMP_TB_ANALYSIS_IN>
<TMP_TB_ANALYSIS_IN>
<id>29</id>
<play-id>809520</play-id>
<aplayer-id>9107</aplayer-id>
<arate-id>6</arate-id>
<atype-id>26</atype-id>
<hplayer-id>7031</hplayer-id>
<hrate-id>4</hrate-id>
<htype-id>26</htype-id>
<Comment>I&gt;</Comment>
</TMP_TB_ANALYSIS_IN>
<TMP_TB_ANALYSIS_IN>
<id>30</id>
<play-id>809520</play-id>
<aplayer-id>6253</aplayer-id>
<arate-id>6</arate-id>
<atype-id>26</atype-id>
<hplayer-id>8812</hplayer-id>
<hrate-id>4</hrate-id>
<htype-id>26</htype-id>
<Comment>O&gt;TFSG</Comment>
</TMP_TB_ANALYSIS_IN>
<TMP_TB_ANALYSIS_IN>
<id>31</id>
<play-id>809520</play-id>
<aplayer-id>3000</aplayer-id>
<arate-id>4</arate-id>
<atype-id>26</atype-id>
<hplayer-id>6243</hplayer-id>
<hrate-id>6</hrate-id>
<htype-id>26</htype-id>
<Comment>I&gt;2L</Comment>
</TMP_TB_ANALYSIS_IN>
<TMP_TB_ANALYSIS_IN>
<id>32</id>
<play-id>809520</play-id>
<aplayer-id>7032</aplayer-id>
<arate-id>4</arate-id>
<atype-id>26</atype-id>
<hplayer-id>799</hplayer-id>
<hrate-id>6</hrate-id>
<htype-id>26</htype-id>
<Comment>O&gt;</Comment>
</TMP_TB_ANALYSIS_IN>
<TMP_TB_ANALYSIS_IN>
<id>33</id>
<play-id>809523</play-id>
<aplayer-id>8746</aplayer-id>
<arate-id>4</arate-id>
<atype-id>26</atype-id>
<hplayer-id>799</hplayer-id>
<hrate-id>6</hrate-id>
<htype-id>26</htype-id>
<Comment>CL&gt;</Comment>
</TMP_TB_ANALYSIS_IN>
<TMP_TB_ANALYSIS_IN>
<id>35</id>
<play-id>809523</play-id>
<aplayer-id>7032</aplayer-id>
<arate-id>4</arate-id>
<atype-id>26</atype-id>
<hplayer-id>4938</hplayer-id>
<hrate-id>6</hrate-id>
<htype-id>26</htype-id>
<Comment>O&gt;</Comment>
</TMP_TB_ANALYSIS_IN>
<TMP_TB_ANALYSIS_IN>
<id>36</id>
<play-id>809523</play-id>
<aplayer-id>7818</aplayer-id>
<arate-id>3</arate-id>
<atype-id>26</atype-id>
<hplayer-id>8110</hplayer-id>
<hrate-id>7</hrate-id>
<htype-id>8</htype-id>
<Comment>Spin&gt;MT&gt;YDC</Comment>
</TMP_TB_ANALYSIS_IN>
<TMP_TB_ANALYSIS_IN>
<id>37</id>
<play-id>809524</play-id>
<aplayer-id>8746</aplayer-id>
<arate-id>4</arate-id>
<atype-id>26</atype-id>
<hplayer-id>799</hplayer-id>
<hrate-id>6</hrate-id>
<htype-id>26</htype-id>
<Comment>CR</Comment>
</TMP_TB_ANALYSIS_IN>
<TMP_TB_ANALYSIS_IN>
<id>38</id>
<play-id>809524</play-id>
<aplayer-id>6253</aplayer-id>
<arate-id>4</arate-id>
<atype-id>26</atype-id>
<hplayer-id>8812</hplayer-id>
<hrate-id>6</hrate-id>
<htype-id>26</htype-id>
<Comment>I&gt;</Comment>
</TMP_TB_ANALYSIS_IN>
<TMP_TB_ANALYSIS_IN>
<id>39</id>
<play-id>809524</play-id>
<aplayer-id>9107</aplayer-id>
<arate-id>4</arate-id>
<atype-id>26</atype-id>
<hplayer-id>6243</hplayer-id>
<hrate-id>6</hrate-id>
<htype-id>26</htype-id>
<Comment>B&gt;2L</Comment>
</TMP_TB_ANALYSIS_IN>
<TMP_TB_ANALYSIS_IN>
<id>40</id>
<play-id>809525</play-id>
<aplayer-id>9107</aplayer-id>
<arate-id>6</arate-id>
<atype-id>26</atype-id>
<hplayer-id>7031</hplayer-id>
<hrate-id>5</hrate-id>
<htype-id>26</htype-id>
<Comment>I&gt;</Comment>
</TMP_TB_ANALYSIS_IN>
<TMP_TB_ANALYSIS_IN>
<id>41</id>
<play-id>809525</play-id>
<aplayer-id>6253</aplayer-id>
<arate-id>4</arate-id>
<atype-id>26</atype-id>
<hplayer-id>7126</hplayer-id>
<hrate-id>6</hrate-id>
<htype-id>26</htype-id>
<Comment>I&gt;</Comment>
</TMP_TB_ANALYSIS_IN>
<TMP_TB_ANALYSIS_IN>
<id>42</id>
<play-id>809525</play-id>
<aplayer-id>3000</aplayer-id>
<arate-id>5</arate-id>
<atype-id>26</atype-id>
<hplayer-id>6243</hplayer-id>
<hrate-id>4</hrate-id>
<htype-id>26</htype-id>
<Comment>I&gt;2L</Comment>
</TMP_TB_ANALYSIS_IN>
<TMP_TB_ANALYSIS_IN>
<id>43</id>
<play-id>809525</play-id>
<aplayer-id>8746</aplayer-id>
<arate-id>4</arate-id>
<atype-id>26</atype-id>
<hplayer-id>4938</hplayer-id>
<hrate-id>6</hrate-id>
<htype-id>26</htype-id>
<Comment>O&gt;2L&gt;BTG</Comment>
</TMP_TB_ANALYSIS_IN>
<TMP_TB_ANALYSIS_IN>
<id>44</id>
<play-id>809525</play-id>
<aplayer-id>7032</aplayer-id>
<arate-id>4</arate-id>
<atype-id>26</atype-id>
<hplayer-id>799</hplayer-id>
<hrate-id>6</hrate-id>
<htype-id>26</htype-id>
<Comment>I&gt;BTG</Comment>
</TMP_TB_ANALYSIS_IN>
<TMP_TB_ANALYSIS_IN>
<id>45</id>
<play-id>809527</play-id>
<aplayer-id>3000</aplayer-id>
<arate-id>4</arate-id>
<atype-id>26</atype-id>
<hplayer-id>4938</hplayer-id>
<hrate-id>6</hrate-id>
<htype-id>26</htype-id>
<Comment>I&gt;2L</Comment>
</TMP_TB_ANALYSIS_IN>
<TMP_TB_ANALYSIS_IN>
<id>46</id>
<play-id>809527</play-id>
<aplayer-id>6187</aplayer-id>
<arate-id>5</arate-id>
<atype-id>26</atype-id>
<hplayer-id>7838</hplayer-id>
<hrate-id>4</hrate-id>
<htype-id>26</htype-id>
<Comment>U&gt;TFL</Comment>
</TMP_TB_ANALYSIS_IN>
<TMP_TB_ANALYSIS_IN>
<id>47</id>
<play-id>809530</play-id>
<aplayer-id>3000</aplayer-id>
<arate-id>4</arate-id>
<atype-id>26</atype-id>
<hplayer-id>6163</hplayer-id>
<hrate-id>6</hrate-id>
<htype-id>26</htype-id>
<Comment>I&gt;</Comment>
</TMP_TB_ANALYSIS_IN>
<TMP_TB_ANALYSIS_IN>
<id>48</id>
<play-id>809530</play-id>
<aplayer-id>5692</aplayer-id>
<arate-id>4</arate-id>
<atype-id>26</atype-id>
<hplayer-id>4938</hplayer-id>
<hrate-id>5</hrate-id>
<htype-id>26</htype-id>
<Comment>O&gt;</Comment>
</TMP_TB_ANALYSIS_IN>
<TMP_TB_ANALYSIS_IN>
<id>49</id>
<play-id>809530</play-id>
<aplayer-id>6253</aplayer-id>
<arate-id>6</arate-id>
<atype-id>26</atype-id>
<hplayer-id>6243</hplayer-id>
<hrate-id>4</hrate-id>
<htype-id>26</htype-id>
<Comment>I&gt;PBR&gt;TFSG</Comment>
</TMP_TB_ANALYSIS_IN>
<TMP_TB_ANALYSIS_IN>
<id>50</id>
<play-id>809530</play-id>
<aplayer-id>9107</aplayer-id>
<arate-id>6</arate-id>
<atype-id>26</atype-id>
<hplayer-id>6194</hplayer-id>
<hrate-id>4</hrate-id>
<htype-id>26</htype-id>
<Comment>I&gt;TFSG</Comment>
</TMP_TB_ANALYSIS_IN>
<TMP_TB_ANALYSIS_IN>
<id>51</id>
<play-id>809531</play-id>
<aplayer-id>5692</aplayer-id>
<arate-id>6</arate-id>
<atype-id>26</atype-id>
<hplayer-id>7126</hplayer-id>
<hrate-id>4</hrate-id>
<htype-id>26</htype-id>
<Comment>I&gt;TFSG</Comment>
</TMP_TB_ANALYSIS_IN>
<TMP_TB_ANALYSIS_IN>
<id>52</id>
<play-id>809531</play-id>
<aplayer-id>9107</aplayer-id>
<arate-id>6</arate-id>
<atype-id>26</atype-id>
<hplayer-id>6243</hplayer-id>
<hrate-id>4</hrate-id>
<htype-id>26</htype-id>
<Comment>SU at POA&gt;2L</Comment>
</TMP_TB_ANALYSIS_IN>
<TMP_TB_ANALYSIS_IN>
<id>53</id>
<play-id>809536</play-id>
<aplayer-id>5811</aplayer-id>
<arate-id>5</arate-id>
<atype-id>26</atype-id>
<hplayer-id>7078</hplayer-id>
<hrate-id>4</hrate-id>
<htype-id>26</htype-id>
<Comment>I&gt;2L</Comment>
</TMP_TB_ANALYSIS_IN>
<TMP_TB_ANALYSIS_IN>
<id>54</id>
<play-id>809536</play-id>
<aplayer-id>4961</aplayer-id>
<arate-id>6</arate-id>
<atype-id>8</atype-id>
<hplayer-id>8816</hplayer-id>
<hrate-id>4</hrate-id>
<htype-id>26</htype-id>
<Comment>GC&gt;MT</Comment>
</TMP_TB_ANALYSIS_IN>
<TMP_TB_ANALYSIS_IN>
<id>55</id>
<play-id>809536</play-id>
<aplayer-id>3068</aplayer-id>
<arate-id>5</arate-id>
<atype-id>26</atype-id>
<hplayer-id>2417</hplayer-id>
<hrate-id>6</hrate-id>
<htype-id>26</htype-id>
<Comment>I&gt;</Comment>
</TMP_TB_ANALYSIS_IN>
<TMP_TB_ANALYSIS_IN>
<id>56</id>
<play-id>809537</play-id>
<aplayer-id>5811</aplayer-id>
<arate-id>4</arate-id>
<atype-id>26</atype-id>
<hplayer-id>7078</hplayer-id>
<hrate-id>6</hrate-id>
<htype-id>26</htype-id>
<Comment>B&gt;2L&gt;</Comment>
</TMP_TB_ANALYSIS_IN>
<TMP_TB_ANALYSIS_IN>
<id>57</id>
<play-id>809537</play-id>
<aplayer-id>5579</aplayer-id>
<arate-id>4</arate-id>
<atype-id>26</atype-id>
<hplayer-id>6366</hplayer-id>
<hrate-id>6</hrate-id>
<htype-id>26</htype-id>
<Comment>I&gt;FC&gt;</Comment>
</TMP_TB_ANALYSIS_IN>
<TMP_TB_ANALYSIS_IN>
<id>58</id>
<play-id>809537</play-id>
<aplayer-id>4961</aplayer-id>
<arate-id>4</arate-id>
<atype-id>26</atype-id>
<hplayer-id>8816</hplayer-id>
<hrate-id>5</hrate-id>
<htype-id>26</htype-id>
<Comment>U&gt;TFNG</Comment>
</TMP_TB_ANALYSIS_IN>
<TMP_TB_ANALYSIS_IN>
<id>59</id>
<play-id>809537</play-id>
<atype-id>26</atype-id>
<hplayer-id>2417</hplayer-id>
<hrate-id>6</hrate-id>
<htype-id>26</htype-id>
<Comment>Loses balance</Comment>
</TMP_TB_ANALYSIS_IN>
<TMP_TB_ANALYSIS_IN>
<id>60</id>
<play-id>809540</play-id>
<aplayer-id>7032</aplayer-id>
<arate-id>6</arate-id>
<atype-id>26</atype-id>
<hplayer-id>7126</hplayer-id>
<hrate-id>4</hrate-id>
<htype-id>26</htype-id>
<Comment>O&gt;TFNG</Comment>
</TMP_TB_ANALYSIS_IN>
<TMP_TB_ANALYSIS_IN>
<id>61</id>
<play-id>809540</play-id>
<aplayer-id>8746</aplayer-id>
<arate-id>5</arate-id>
<atype-id>26</atype-id>
<hplayer-id>4938</hplayer-id>
<hrate-id>4</hrate-id>
<htype-id>26</htype-id>
<Comment>CR&gt;2L&gt;TFNG</Comment>
</TMP_TB_ANALYSIS_IN>
<TMP_TB_ANALYSIS_IN>
<id>62</id>
<play-id>809540</play-id>
<aplayer-id>5546</aplayer-id>
<arate-id>6</arate-id>
<atype-id>26</atype-id>
<hplayer-id>8636</hplayer-id>
<hrate-id>4</hrate-id>
<htype-id>26</htype-id>
<Comment>B&gt;</Comment>
</TMP_TB_ANALYSIS_IN>
<TMP_TB_ANALYSIS_IN>
<id>107</id>
<play-id>809582</play-id>
<aplayer-id>5692</aplayer-id>
<arate-id>5</arate-id>
<atype-id>26</atype-id>
<hplayer-id>6163</hplayer-id>
<hrate-id>4</hrate-id>
<htype-id>26</htype-id>
<Comment>I</Comment>
</TMP_TB_ANALYSIS_IN>
<TMP_TB_ANALYSIS_IN>
<id>108</id>
<play-id>809582</play-id>
<aplayer-id>6253</aplayer-id>
<arate-id>5</arate-id>
<atype-id>26</atype-id>
<hplayer-id>7126</hplayer-id>
<hrate-id>5</hrate-id>
<htype-id>26</htype-id>
<Comment>I&gt;DT(77)&gt;T</Comment>
</TMP_TB_ANALYSIS_IN>
<TMP_TB_ANALYSIS_IN>
<id>109</id>
<play-id>809582</play-id>
<aplayer-id>8746</aplayer-id>
<arate-id>5</arate-id>
<atype-id>26</atype-id>
<hplayer-id>4938</hplayer-id>
<hrate-id>4</hrate-id>
<htype-id>26</htype-id>
<Comment>CR&gt;2L&gt;T</Comment>
</TMP_TB_ANALYSIS_IN>
<TMP_TB_ANALYSIS_IN>
<id>110</id>
<play-id>809583</play-id>
<aplayer-id>5546</aplayer-id>
<arate-id>6</arate-id>
<atype-id>26</atype-id>
<hplayer-id>8636</hplayer-id>
<hrate-id>4</hrate-id>
<htype-id>26</htype-id>
<Comment>B&gt;I</Comment>
</TMP_TB_ANALYSIS_IN>
<TMP_TB_ANALYSIS_IN>
<id>111</id>
<play-id>809583</play-id>
<aplayer-id>8746</aplayer-id>
<arate-id>4</arate-id>
<atype-id>26</atype-id>
<hplayer-id>799</hplayer-id>
<hrate-id>5</hrate-id>
<htype-id>26</htype-id>
<Comment>CR&gt;T</Comment>
</TMP_TB_ANALYSIS_IN>
<TMP_TB_ANALYSIS_IN>
<id>112</id>
<play-id>809583</play-id>
<aplayer-id>7032</aplayer-id>
<arate-id>6</arate-id>
<atype-id>26</atype-id>
<hplayer-id>6341</hplayer-id>
<hrate-id>4</hrate-id>
<htype-id>26</htype-id>
<Comment>I&gt;PBL&gt;</Comment>
</TMP_TB_ANALYSIS_IN>
<TMP_TB_ANALYSIS_IN>
<id>113</id>
<play-id>809585</play-id>
<aplayer-id>9107</aplayer-id>
<arate-id>4</arate-id>
<atype-id>26</atype-id>
<hplayer-id>6243</hplayer-id>
<hrate-id>6</hrate-id>
<htype-id>26</htype-id>
<Comment>BOR&gt;BTG</Comment>
</TMP_TB_ANALYSIS_IN>
<TMP_TB_ANALYSIS_IN>
<id>114</id>
<play-id>809585</play-id>
<aplayer-id>8746</aplayer-id>
<arate-id>5</arate-id>
<atype-id>26</atype-id>
<hplayer-id>6351</hplayer-id>
<hrate-id>5</hrate-id>
<htype-id>26</htype-id>
<Comment>CR&gt;T</Comment>
</TMP_TB_ANALYSIS_IN>
<TMP_TB_ANALYSIS_IN>
<id>115</id>
<play-id>809585</play-id>
<aplayer-id>7032</aplayer-id>
<arate-id>4</arate-id>
<atype-id>26</atype-id>
<hplayer-id>4938</hplayer-id>
<hrate-id>6</hrate-id>
<htype-id>26</htype-id>
<Comment>I&gt;</Comment>
</TMP_TB_ANALYSIS_IN>
<TMP_TB_ANALYSIS_IN>
<id>116</id>
<play-id>809586</play-id>
<aplayer-id>9107</aplayer-id>
<arate-id>4</arate-id>
<atype-id>26</atype-id>
<hplayer-id>4938</hplayer-id>
<hrate-id>6</hrate-id>
<htype-id>26</htype-id>
<Comment>O&gt;</Comment>
</TMP_TB_ANALYSIS_IN>
<TMP_TB_ANALYSIS_IN>
<id>117</id>
<play-id>809586</play-id>
<aplayer-id>6253</aplayer-id>
<arate-id>6</arate-id>
<atype-id>26</atype-id>
<hplayer-id>6351</hplayer-id>
<hrate-id>4</hrate-id>
<htype-id>26</htype-id>
<Comment>SU at POA&gt;</Comment>
</TMP_TB_ANALYSIS_IN>
<TMP_TB_ANALYSIS_IN>
<id>118</id>
<play-id>809586</play-id>
<aplayer-id>3000</aplayer-id>
<arate-id>6</arate-id>
<atype-id>26</atype-id>
<hplayer-id>8812</hplayer-id>
<hrate-id>4</hrate-id>
<htype-id>26</htype-id>
<Comment>SU @ POA&gt;</Comment>
</TMP_TB_ANALYSIS_IN>
<TMP_TB_ANALYSIS_IN>
<id>119</id>
<play-id>809586</play-id>
<aplayer-id>5328</aplayer-id>
<arate-id>7</arate-id>
<atype-id>26</atype-id>
<hplayer-id>8636</hplayer-id>
<hrate-id>3</hrate-id>
<htype-id>26</htype-id>
<Comment>B&gt;</Comment>
</TMP_TB_ANALYSIS_IN>
<TMP_TB_ANALYSIS_IN>
<id>120</id>
<play-id>809586</play-id>
<atype-id>26</atype-id>
<hplayer-id>7838</hplayer-id>
<hrate-id>4</hrate-id>
<htype-id>26</htype-id>
<Comment>U&gt;TFL</Comment>
</TMP_TB_ANALYSIS_IN>
<TMP_TB_ANALYSIS_IN>
<id>121</id>
<play-id>809587</play-id>
<aplayer-id>8746</aplayer-id>
<arate-id>4</arate-id>
<atype-id>26</atype-id>
<hplayer-id>799</hplayer-id>
<hrate-id>6</hrate-id>
<htype-id>26</htype-id>
<Comment>CR&gt;</Comment>
</TMP_TB_ANALYSIS_IN>
<TMP_TB_ANALYSIS_IN>
<id>122</id>
<play-id>809587</play-id>
<aplayer-id>6253</aplayer-id>
<arate-id>4</arate-id>
<atype-id>26</atype-id>
<hplayer-id>6351</hplayer-id>
<hrate-id>6</hrate-id>
<htype-id>26</htype-id>
<Comment>O&gt;</Comment>
</TMP_TB_ANALYSIS_IN>
<TMP_TB_ANALYSIS_IN>
<id>123</id>
<play-id>809587</play-id>
<aplayer-id>7032</aplayer-id>
<arate-id>4</arate-id>
<atype-id>26</atype-id>
<hplayer-id>4938</hplayer-id>
<hrate-id>6</hrate-id>
<htype-id>26</htype-id>
<Comment>I&gt;PBL</Comment>
</TMP_TB_ANALYSIS_IN>
<TMP_TB_ANALYSIS_IN>
<id>124</id>
<play-id>809590</play-id>
<aplayer-id>7056</aplayer-id>
<arate-id>4</arate-id>
<atype-id>26</atype-id>
<hplayer-id>5400</hplayer-id>
<hrate-id>5</hrate-id>
<htype-id>26</htype-id>
<Comment>O&gt;TFSG</Comment>
</TMP_TB_ANALYSIS_IN>
<TMP_TB_ANALYSIS_IN>
<id>125</id>
<play-id>809590</play-id>
<aplayer-id>4961</aplayer-id>
<arate-id>6</arate-id>
<atype-id>26</atype-id>
<hplayer-id>7078</hplayer-id>
<hrate-id>4</hrate-id>
<htype-id>26</htype-id>
<Comment>B&gt;Loses ball</Comment>
</TMP_TB_ANALYSIS_IN>
<TMP_TB_ANALYSIS_IN>
<id>126</id>
<play-id>809590</play-id>
<aplayer-id>3068</aplayer-id>
<arate-id>6</arate-id>
<atype-id>26</atype-id>
<hplayer-id>2417</hplayer-id>
<hrate-id>4</hrate-id>
<htype-id>26</htype-id>
<Comment>CR&gt;</Comment>
</TMP_TB_ANALYSIS_IN>
<TMP_TB_ANALYSIS_IN>
<id>127</id>
<play-id>809595</play-id>
<aplayer-id>7032</aplayer-id>
<arate-id>5</arate-id>
<atype-id>26</atype-id>
<hplayer-id>8812</hplayer-id>
<hrate-id>5</hrate-id>
<htype-id>26</htype-id>
<Comment>I&gt;DT(74)&gt;</Comment>
</TMP_TB_ANALYSIS_IN>
<TMP_TB_ANALYSIS_IN>
<id>128</id>
<play-id>809595</play-id>
<aplayer-id>5692</aplayer-id>
<arate-id>4</arate-id>
<atype-id>26</atype-id>
<hplayer-id>4938</hplayer-id>
<hrate-id>6</hrate-id>
<htype-id>26</htype-id>
<Comment>I&gt;2L&gt;T</Comment>
</TMP_TB_ANALYSIS_IN>
<TMP_TB_ANALYSIS_IN>
<id>129</id>
<play-id>809595</play-id>
<aplayer-id>6253</aplayer-id>
<arate-id>4</arate-id>
<atype-id>26</atype-id>
<hplayer-id>6341</hplayer-id>
<hrate-id>6</hrate-id>
<htype-id>26</htype-id>
<Comment>I&gt;PBR&gt;T</Comment>
</TMP_TB_ANALYSIS_IN>
<TMP_TB_ANALYSIS_IN>
<id>130</id>
<play-id>809597</play-id>
<aplayer-id>9107</aplayer-id>
<arate-id>6</arate-id>
<atype-id>26</atype-id>
<hplayer-id>6163</hplayer-id>
<hrate-id>4</hrate-id>
<htype-id>26</htype-id>
<Comment>O&gt;TFSG</Comment>
</TMP_TB_ANALYSIS_IN>
<TMP_TB_ANALYSIS_IN>
<id>131</id>
<play-id>809597</play-id>
<aplayer-id>7032</aplayer-id>
<arate-id>6</arate-id>
<atype-id>26</atype-id>
<hplayer-id>8812</hplayer-id>
<hrate-id>4</hrate-id>
<htype-id>26</htype-id>
<Comment>SU at POA&gt;</Comment>
</TMP_TB_ANALYSIS_IN>
<TMP_TB_ANALYSIS_IN>
<id>132</id>
<play-id>809597</play-id>
<aplayer-id>6253</aplayer-id>
<arate-id>6</arate-id>
<atype-id>26</atype-id>
<hplayer-id>6341</hplayer-id>
<hrate-id>4</hrate-id>
<htype-id>26</htype-id>
<Comment>SU at POA &gt;FC</Comment>
</TMP_TB_ANALYSIS_IN>
<TMP_TB_ANALYSIS_IN>
<id>133</id>
<play-id>809598</play-id>
<aplayer-id>9107</aplayer-id>
<arate-id>7</arate-id>
<atype-id>26</atype-id>
<hplayer-id>6163</hplayer-id>
<hrate-id>3</hrate-id>
<htype-id>26</htype-id>
<Comment>O&gt;TFSG</Comment>
</TMP_TB_ANALYSIS_IN>
<TMP_TB_ANALYSIS_IN>
<id>134</id>
<play-id>809602</play-id>
<aplayer-id>5692</aplayer-id>
<arate-id>7</arate-id>
<atype-id>26</atype-id>
<hplayer-id>6163</hplayer-id>
<hrate-id>3</hrate-id>
<htype-id>26</htype-id>
<Comment>I&gt;</Comment>
</TMP_TB_ANALYSIS_IN>
<TMP_TB_ANALYSIS_IN>
<id>135</id>
<play-id>809602</play-id>
<aplayer-id>8746</aplayer-id>
<arate-id>6</arate-id>
<atype-id>26</atype-id>
<hplayer-id>799</hplayer-id>
<hrate-id>4</hrate-id>
<htype-id>26</htype-id>
<Comment>SU at POA&gt;CR&gt;</Comment>
</TMP_TB_ANALYSIS_IN>
<TMP_TB_ANALYSIS_IN>
<id>136</id>
<play-id>809602</play-id>
<aplayer-id>6253</aplayer-id>
<arate-id>6</arate-id>
<atype-id>26</atype-id>
<hplayer-id>7126</hplayer-id>
<hrate-id>4</hrate-id>
<htype-id>26</htype-id>
<Comment>O&gt;TFSG</Comment>
</TMP_TB_ANALYSIS_IN>
<TMP_TB_ANALYSIS_IN>
<id>137</id>
<play-id>809607</play-id>
<aplayer-id>5643</aplayer-id>
<arate-id>3</arate-id>
<atype-id>26</atype-id>
<hplayer-id>7099</hplayer-id>
<hrate-id>7</hrate-id>
<htype-id>26</htype-id>
<Comment>SU at POA&gt;B&gt;FC</Comment>
</TMP_TB_ANALYSIS_IN>
<TMP_TB_ANALYSIS_IN>
<id>138</id>
<play-id>809607</play-id>
<aplayer-id>5811</aplayer-id>
<arate-id>6</arate-id>
<atype-id>26</atype-id>
<hplayer-id>7078</hplayer-id>
<hrate-id>4</hrate-id>
<htype-id>26</htype-id>
<Comment>I&gt;</Comment>
</TMP_TB_ANALYSIS_IN>
<TMP_TB_ANALYSIS_IN>
<id>139</id>
<play-id>809607</play-id>
<aplayer-id>3068</aplayer-id>
<arate-id>6</arate-id>
<atype-id>26</atype-id>
<hplayer-id>2417</hplayer-id>
<hrate-id>4</hrate-id>
<htype-id>26</htype-id>
<Comment>CL&gt;</Comment>
</TMP_TB_ANALYSIS_IN>
<TMP_TB_ANALYSIS_IN>
<id>140</id>
<play-id>809607</play-id>
<aplayer-id>3637</aplayer-id>
<arate-id>5</arate-id>
<atype-id>26</atype-id>
<hplayer-id>8816</hplayer-id>
<hrate-id>4</hrate-id>
<htype-id>26</htype-id>
<Comment>GB&gt;</Comment>
</TMP_TB_ANALYSIS_IN>
<TMP_TB_ANALYSIS_IN>
<id>141</id>
<play-id>809607</play-id>
<aplayer-id>3637</aplayer-id>
<arate-id>7</arate-id>
<atype-id>11</atype-id>
<hplayer-id>8816</hplayer-id>
<hrate-id>5</hrate-id>
<htype-id>40</htype-id>
<Comment>PEN(HC)</Comment>
</TMP_TB_ANALYSIS_IN>
<TMP_TB_ANALYSIS_IN>
<id>142</id>
<play-id>809612</play-id>
<aplayer-id>7093</aplayer-id>
<arate-id>6</arate-id>
<atype-id>26</atype-id>
<hplayer-id>2417</hplayer-id>
<hrate-id>4</hrate-id>
<htype-id>26</htype-id>
<Comment>CR&gt;</Comment>
</TMP_TB_ANALYSIS_IN>
<TMP_TB_ANALYSIS_IN>
<id>143</id>
<play-id>809612</play-id>
<aplayer-id>4961</aplayer-id>
<arate-id>6</arate-id>
<atype-id>26</atype-id>
<hplayer-id>7099</hplayer-id>
<hrate-id>4</hrate-id>
<htype-id>26</htype-id>
<Comment>O&gt;2L</Comment>
</TMP_TB_ANALYSIS_IN>
<TMP_TB_ANALYSIS_IN>
<id>144</id>
<play-id>809612</play-id>
<aplayer-id>1838</aplayer-id>
<arate-id>4</arate-id>
<atype-id>26</atype-id>
<hplayer-id>4340</hplayer-id>
<hrate-id>6</hrate-id>
<htype-id>26</htype-id>
<Comment>SU at POA&gt;</Comment>
</TMP_TB_ANALYSIS_IN>
<TMP_TB_ANALYSIS_IN>
<id>145</id>
<play-id>809612</play-id>
<aplayer-id>7561</aplayer-id>
<arate-id>6</arate-id>
<atype-id>26</atype-id>
<hplayer-id>5642</hplayer-id>
<hrate-id>4</hrate-id>
<htype-id>26</htype-id>
<Comment>I&gt;2L</Comment>
</TMP_TB_ANALYSIS_IN>
<TMP_TB_ANALYSIS_IN>
<id>146</id>
<play-id>809612</play-id>
<atype-id>26</atype-id>
<hplayer-id>7585</hplayer-id>
<hrate-id>4</hrate-id>
<htype-id>26</htype-id>
<Comment>GB&gt;</Comment>
</TMP_TB_ANALYSIS_IN>
<TMP_TB_ANALYSIS_IN>
<id>147</id>
<play-id>809613</play-id>
<aplayer-id>3634</aplayer-id>
<arate-id>6</arate-id>
<atype-id>26</atype-id>
<hplayer-id>8816</hplayer-id>
<hrate-id>4</hrate-id>
<htype-id>26</htype-id>
<Comment>Good Spin&gt;MT&gt;1D</Comment>
</TMP_TB_ANALYSIS_IN>
<TMP_TB_ANALYSIS_IN>
<id>148</id>
<play-id>809613</play-id>
<aplayer-id>1838</aplayer-id>
<arate-id>6</arate-id>
<atype-id>26</atype-id>
<hplayer-id>4340</hplayer-id>
<hrate-id>4</hrate-id>
<htype-id>26</htype-id>
<Comment>B&gt;</Comment>
</TMP_TB_ANALYSIS_IN>
<TMP_TB_ANALYSIS_IN>
<id>149</id>
<play-id>809613</play-id>
<aplayer-id>7561</aplayer-id>
<arate-id>6</arate-id>
<atype-id>26</atype-id>
<hplayer-id>8700</hplayer-id>
<hrate-id>4</hrate-id>
<htype-id>26</htype-id>
<Comment>I&gt;</Comment>
</TMP_TB_ANALYSIS_IN>
<TMP_TB_ANALYSIS_IN>
<id>150</id>
<play-id>809615</play-id>
<aplayer-id>7056</aplayer-id>
<arate-id>4</arate-id>
<atype-id>26</atype-id>
<hplayer-id>2417</hplayer-id>
<hrate-id>5</hrate-id>
<htype-id>26</htype-id>
<Comment>CL&gt;TFSG</Comment>
</TMP_TB_ANALYSIS_IN>
<TMP_TB_ANALYSIS_IN>
<id>151</id>
<play-id>809615</play-id>
<aplayer-id>4763</aplayer-id>
<arate-id>4</arate-id>
<atype-id>26</atype-id>
<hplayer-id>8700</hplayer-id>
<hrate-id>6</hrate-id>
<htype-id>26</htype-id>
<Comment>I&gt;FC</Comment>
</TMP_TB_ANALYSIS_IN>
<TMP_TB_ANALYSIS_IN>
<id>152</id>
<play-id>809615</play-id>
<aplayer-id>1838</aplayer-id>
<arate-id>4</arate-id>
<atype-id>26</atype-id>
<hplayer-id>4340</hplayer-id>
<hrate-id>5</hrate-id>
<htype-id>26</htype-id>
<Comment>I&gt;</Comment>
</TMP_TB_ANALYSIS_IN>
<TMP_TB_ANALYSIS_IN>
<id>153</id>
<play-id>809615</play-id>
<aplayer-id>7093</aplayer-id>
<arate-id>6</arate-id>
<atype-id>26</atype-id>
<hplayer-id>6366</hplayer-id>
<hrate-id>4</hrate-id>
<htype-id>26</htype-id>
<Comment>I&gt;DT</Comment>
</TMP_TB_ANALYSIS_IN>
<TMP_TB_ANALYSIS_IN>
<id>154</id>
<play-id>809615</play-id>
<aplayer-id>7561</aplayer-id>
<arate-id>6</arate-id>
<atype-id>26</atype-id>
<hplayer-id>7099</hplayer-id>
<hrate-id>4</hrate-id>
<htype-id>26</htype-id>
<Comment>O&gt;2L</Comment>
</TMP_TB_ANALYSIS_IN>
<TMP_TB_ANALYSIS_IN>
<id>155</id>
<play-id>809619</play-id>
<aplayer-id>5546</aplayer-id>
<arate-id>5</arate-id>
<atype-id>26</atype-id>
<hplayer-id>8636</hplayer-id>
<hrate-id>6</hrate-id>
<htype-id>26</htype-id>
<Comment>OP Upfield</Comment>
</TMP_TB_ANALYSIS_IN>
<TMP_TB_ANALYSIS_IN>
<id>156</id>
<play-id>809619</play-id>
<aplayer-id>6253</aplayer-id>
<arate-id>6</arate-id>
<atype-id>26</atype-id>
<hplayer-id>7126</hplayer-id>
<hrate-id>4</hrate-id>
<htype-id>26</htype-id>
<Comment>SU at POA&gt;I&gt;DT</Comment>
</TMP_TB_ANALYSIS_IN>
<TMP_TB_ANALYSIS_IN>
<id>157</id>
<play-id>809621</play-id>
<aplayer-id>7084</aplayer-id>
<arate-id>6</arate-id>
<atype-id>26</atype-id>
<hplayer-id>8105</hplayer-id>
<hrate-id>4</hrate-id>
<htype-id>26</htype-id>
<Comment>I&gt;</Comment>
</TMP_TB_ANALYSIS_IN>
<TMP_TB_ANALYSIS_IN>
<id>158</id>
<play-id>809621</play-id>
<aplayer-id>5546</aplayer-id>
<arate-id>6</arate-id>
<atype-id>26</atype-id>
<hplayer-id>8456</hplayer-id>
<hrate-id>4</hrate-id>
<htype-id>26</htype-id>
<Comment>O&gt;2L&gt;TFSG</Comment>
</TMP_TB_ANALYSIS_IN>
<TMP_TB_ANALYSIS_IN>
<id>159</id>
<play-id>809621</play-id>
<atype-id>26</atype-id>
<hplayer-id>8636</hplayer-id>
<hrate-id>4</hrate-id>
<htype-id>26</htype-id>
<Comment>U&gt;TFSG</Comment>
</TMP_TB_ANALYSIS_IN>
<TMP_TB_ANALYSIS_IN>
<id>160</id>
<play-id>809625</play-id>
<aplayer-id>3000</aplayer-id>
<arate-id>6</arate-id>
<atype-id>26</atype-id>
<hplayer-id>7126</hplayer-id>
<hrate-id>4</hrate-id>
<htype-id>26</htype-id>
<Comment>I&gt;DT(65)&gt;TFNG</Comment>
</TMP_TB_ANALYSIS_IN>
<TMP_TB_ANALYSIS_IN>
<id>161</id>
<play-id>809625</play-id>
<aplayer-id>7818</aplayer-id>
<arate-id>5</arate-id>
<atype-id>26</atype-id>
<hplayer-id>4938</hplayer-id>
<hrate-id>4</hrate-id>
<htype-id>26</htype-id>
<Comment>U&gt;TFNG</Comment>
</TMP_TB_ANALYSIS_IN>
<TMP_TB_ANALYSIS_IN>
<id>162</id>
<play-id>809630</play-id>
<aplayer-id>8746</aplayer-id>
<arate-id>3</arate-id>
<atype-id>26</atype-id>
<hplayer-id>6351</hplayer-id>
<hrate-id>7</hrate-id>
<htype-id>26</htype-id>
<Comment>CL&gt;</Comment>
</TMP_TB_ANALYSIS_IN>
<TMP_TB_ANALYSIS_IN>
<id>163</id>
<play-id>809630</play-id>
<aplayer-id>7818</aplayer-id>
<arate-id>3</arate-id>
<atype-id>26</atype-id>
<hplayer-id>4938</hplayer-id>
<hrate-id>7</hrate-id>
<htype-id>8</htype-id>
<Comment>U&gt;Spin&gt;MT&gt;</Comment>
</TMP_TB_ANALYSIS_IN>
<TMP_TB_ANALYSIS_IN>
<id>164</id>
<play-id>809630</play-id>
<aplayer-id>7032</aplayer-id>
<arate-id>4</arate-id>
<atype-id>26</atype-id>
<hplayer-id>5400</hplayer-id>
<hrate-id>6</hrate-id>
<htype-id>26</htype-id>
<Comment>I&gt;</Comment>
</TMP_TB_ANALYSIS_IN>
<TMP_TB_ANALYSIS_IN>
<id>165</id>
<play-id>809630</play-id>
<aplayer-id>6253</aplayer-id>
<arate-id>6</arate-id>
<atype-id>26</atype-id>
<hplayer-id>4938</hplayer-id>
<hrate-id>4</hrate-id>
<htype-id>26</htype-id>
<Comment>I&gt;</Comment>
</TMP_TB_ANALYSIS_IN>
<TMP_TB_ANALYSIS_IN>
<id>166</id>
<play-id>809627</play-id>
<aplayer-id>5328</aplayer-id>
<arate-id>5</arate-id>
<atype-id>26</atype-id>
<hplayer-id>6163</hplayer-id>
<hrate-id>4</hrate-id>
<htype-id>26</htype-id>
<Comment>O&gt;</Comment>
</TMP_TB_ANALYSIS_IN>
</dataroot>
