<?xml version="1.0" encoding="UTF-8"?>
<dataroot xmlns:od="urn:schemas-microsoft-com:officedata" generated="2015-09-07T21:48:08">
<TB_analysis>

<play-id>515503</play-id>
<aplayer-id>15925</aplayer-id>
<arate-id>6</arate-id>
<atype-id>26</atype-id>
<hplayer-id>6579</hplayer-id>
<hrate-id>4</hrate-id>
<htype-id>26</htype-id>
<Comment>3R&gt;1D</Comment>
</TB_analysis>
<TB_analysis>

<play-id>515503</play-id>
<atype-id>26</atype-id>
<hplayer-id>6560</hplayer-id>
<hrate-id>4</hrate-id>
<htype-id>26</htype-id>
<Comment>3R&gt;1D</Comment>
</TB_analysis>
<TB_analysis>

<play-id>515504</play-id>
<aplayer-id>15941</aplayer-id>
<arate-id>6</arate-id>
<atype-id>26</atype-id>
<hplayer-id>6602</hplayer-id>
<hrate-id>4</hrate-id>
<htype-id>26</htype-id>
<Comment>I&gt;DT</Comment>
</TB_analysis>
<TB_analysis>

<play-id>515504</play-id>
<aplayer-id>15918</aplayer-id>
<arate-id>6</arate-id>
<atype-id>26</atype-id>
<htype-id>26</htype-id>
<Comment>IOP</Comment>
</TB_analysis>
<TB_analysis>

<play-id>515504</play-id>
<aplayer-id>15925</aplayer-id>
<arate-id>5</arate-id>
<atype-id>26</atype-id>
<hplayer-id>6609</hplayer-id>
<hrate-id>4</hrate-id>
<htype-id>26</htype-id>
<Comment>O</Comment>
</TB_analysis>
<TB_analysis>

<play-id>515505</play-id>
<aplayer-id>15951</aplayer-id>
<arate-id>4</arate-id>
<atype-id>26</atype-id>
<hplayer-id>6591</hplayer-id>
<hrate-id>6</hrate-id>
<htype-id>26</htype-id>
<Comment>CL&gt;FC</Comment>
</TB_analysis>
<TB_analysis>

<play-id>515505</play-id>
<aplayer-id>15918</aplayer-id>
<arate-id>4</arate-id>
<atype-id>26</atype-id>
<hplayer-id>6608</hplayer-id>
<hrate-id>6</hrate-id>
<htype-id>26</htype-id>
<Comment>BBL&gt;FC</Comment>
</TB_analysis>
<TB_analysis>

<play-id>515505</play-id>
<atype-id>26</atype-id>
<hplayer-id>6572</hplayer-id>
<hrate-id>4</hrate-id>
<htype-id>26</htype-id>
<Comment>GC&gt;YDC&gt;1D</Comment>
</TB_analysis>
<TB_analysis>

<play-id>515505</play-id>
<aplayer-id>15941</aplayer-id>
<arate-id>5</arate-id>
<atype-id>26</atype-id>
<hplayer-id>6602</hplayer-id>
<hrate-id>6</hrate-id>
<htype-id>26</htype-id>
<Comment>I&gt;T</Comment>
</TB_analysis>
<TB_analysis>

<play-id>515505</play-id>
<aplayer-id>15937</aplayer-id>
<arate-id>6</arate-id>
<atype-id>26</atype-id>
<hplayer-id>6599</hplayer-id>
<hrate-id>4</hrate-id>
<htype-id>26</htype-id>
<Comment>B&gt;2L</Comment>
</TB_analysis>
<TB_analysis>

<play-id>515506</play-id>
<aplayer-id>22089</aplayer-id>
<arate-id>7</arate-id>
<atype-id>26</atype-id>
<hplayer-id>6608</hplayer-id>
<hrate-id>4</hrate-id>
<htype-id>26</htype-id>
<Comment>XR&gt;PA&gt;GB&gt;1D</Comment>
</TB_analysis>
<TB_analysis>

<play-id>515506</play-id>
<aplayer-id>15937</aplayer-id>
<arate-id>6</arate-id>
<atype-id>26</atype-id>
<htype-id>26</htype-id>
<Comment>IOP&gt;Bites on PA</Comment>
</TB_analysis>
<TB_analysis>

<play-id>515507</play-id>
<aplayer-id>22503</aplayer-id>
<arate-id>7</arate-id>
<atype-id>8</atype-id>
<hplayer-id>6605</hplayer-id>
<hrate-id>3</hrate-id>
<htype-id>26</htype-id>
<Comment>0R&gt;SA&gt;MT32&gt;GB&gt;TD</Comment>
</TB_analysis>
<TB_analysis>

<play-id>515507</play-id>
<aplayer-id>22089</aplayer-id>
<arate-id>6</arate-id>
<atype-id>26</atype-id>
<hplayer-id>6604</hplayer-id>
<hrate-id>5</hrate-id>
<htype-id>26</htype-id>
<Comment>0R&gt;SA&gt;MT32&gt;GB&gt;TD</Comment>
</TB_analysis>
<TB_analysis>

<play-id>515509</play-id>
<atype-id>26</atype-id>
<hplayer-id>6663</hplayer-id>
<hrate-id>4</hrate-id>
<htype-id>26</htype-id>
<Comment>GD&gt;TB</Comment>
</TB_analysis>
<TB_analysis>

<play-id>515510</play-id>
<atype-id>26</atype-id>
<hplayer-id>6636</hplayer-id>
<hrate-id>5</hrate-id>
<htype-id>3</htype-id>
<Comment>P</Comment>
</TB_analysis>
<TB_analysis>

<play-id>515510</play-id>
<atype-id>26</atype-id>
<hplayer-id>6645</hplayer-id>
<hrate-id>5</hrate-id>
<htype-id>38</htype-id>
<Comment>LOC on RR</Comment>
</TB_analysis>
<TB_analysis>

<play-id>515511</play-id>
<aplayer-id>15902</aplayer-id>
<arate-id>7</arate-id>
<atype-id>26</atype-id>
<hplayer-id>6656</hplayer-id>
<hrate-id>4</hrate-id>
<htype-id>26</htype-id>
<Comment>I</Comment>
</TB_analysis>
<TB_analysis>

<play-id>515511</play-id>
<aplayer-id>15878</aplayer-id>
<arate-id>6</arate-id>
<atype-id>26</atype-id>
<hplayer-id>6626</hplayer-id>
<hrate-id>4</hrate-id>
<htype-id>26</htype-id>
<Comment>SU at POA</Comment>
</TB_analysis>
<TB_analysis>

<play-id>515511</play-id>
<atype-id>26</atype-id>
<hplayer-id>6641</hplayer-id>
<hrate-id>4</hrate-id>
<htype-id>26</htype-id>
<Comment>U&gt;TFL</Comment>
</TB_analysis>
<TB_analysis>

<play-id>515511</play-id>
<aplayer-id>15901</aplayer-id>
<arate-id>5</arate-id>
<atype-id>26</atype-id>
<hplayer-id>6659</hplayer-id>
<hrate-id>5</hrate-id>
<htype-id>26</htype-id>
<Comment>I&gt;PBL\</Comment>
</TB_analysis>
<TB_analysis>

<play-id>515512</play-id>
<aplayer-id>15877</aplayer-id>
<arate-id>4</arate-id>
<atype-id>26</atype-id>
<hplayer-id>6627</hplayer-id>
<hrate-id>7</hrate-id>
<htype-id>8</htype-id>
<Comment>3R&gt;MT&gt;1D</Comment>
</TB_analysis>
<TB_analysis>

<play-id>515513</play-id>
<aplayer-id>15896</aplayer-id>
<arate-id>6</arate-id>
<atype-id>26</atype-id>
<hplayer-id>6649</hplayer-id>
<hrate-id>4</hrate-id>
<htype-id>26</htype-id>
<Comment>O&gt;SQ</Comment>
</TB_analysis>
<TB_analysis>

<play-id>515513</play-id>
<aplayer-id>15900</aplayer-id>
<arate-id>6</arate-id>
<atype-id>26</atype-id>
<hplayer-id>28148</hplayer-id>
<hrate-id>4</hrate-id>
<htype-id>26</htype-id>
<Comment>SU at POA&gt;FC</Comment>
</TB_analysis>
<TB_analysis>

<play-id>515514</play-id>
<aplayer-id>15901</aplayer-id>
<arate-id>8</arate-id>
<atype-id>26</atype-id>
<hplayer-id>6655</hplayer-id>
<hrate-id>2</hrate-id>
<htype-id>26</htype-id>
<Comment>O&gt;TFL</Comment>
</TB_analysis>
<TB_analysis>

<play-id>515514</play-id>
<aplayer-id>15902</aplayer-id>
<arate-id>7</arate-id>
<atype-id>26</atype-id>
<hplayer-id>6649</hplayer-id>
<hrate-id>3</hrate-id>
<htype-id>26</htype-id>
<Comment>I&gt;TFL</Comment>
</TB_analysis>
<TB_analysis>

<play-id>515515</play-id>
<aplayer-id>15902</aplayer-id>
<arate-id>6</arate-id>
<atype-id>26</atype-id>
<hplayer-id>6655</hplayer-id>
<hrate-id>5</hrate-id>
<htype-id>26</htype-id>
<Comment>O</Comment>
</TB_analysis>
<TB_analysis>

<play-id>515515</play-id>
<aplayer-id>15896</aplayer-id>
<arate-id>6</arate-id>
<atype-id>26</atype-id>
<hplayer-id>6641</hplayer-id>
<hrate-id>5</hrate-id>
<htype-id>26</htype-id>
<Comment>O&gt;2L</Comment>
</TB_analysis>
<TB_analysis>

<play-id>515516</play-id>
<aplayer-id>22089</aplayer-id>
<arate-id>4</arate-id>
<atype-id>26</atype-id>
<htype-id>26</htype-id>
<Comment>PR&gt;T</Comment>
</TB_analysis>
<TB_analysis>

<play-id>515517</play-id>
<aplayer-id>15945</aplayer-id>
<arate-id>4</arate-id>
<atype-id>2</atype-id>
<hplayer-id>6587</hplayer-id>
<hrate-id>6</hrate-id>
<htype-id>2</htype-id>
<Comment>O</Comment>
</TB_analysis>
<TB_analysis>

<play-id>515517</play-id>
<aplayer-id>15925</aplayer-id>
<arate-id>7</arate-id>
<atype-id>26</atype-id>
<hplayer-id>6560</hplayer-id>
<hrate-id>6</hrate-id>
<htype-id>26</htype-id>
<Comment>9R&gt;OT</Comment>
</TB_analysis>
<TB_analysis>

<play-id>515518</play-id>
<aplayer-id>15947</aplayer-id>
<arate-id>3</arate-id>
<atype-id>26</atype-id>
<hplayer-id>6579</hplayer-id>
<hrate-id>6</hrate-id>
<htype-id>26</htype-id>
<Comment>I&gt;2L&gt;TFNG</Comment>
</TB_analysis>
<TB_analysis>

<play-id>515518</play-id>
<aplayer-id>15961</aplayer-id>
<arate-id>5</arate-id>
<atype-id>26</atype-id>
<hplayer-id>6598</hplayer-id>
<hrate-id>5</hrate-id>
<htype-id>26</htype-id>
<Comment>I</Comment>
</TB_analysis>
<TB_analysis>

<play-id>515518</play-id>
<aplayer-id>15918</aplayer-id>
<arate-id>5</arate-id>
<atype-id>26</atype-id>
<hplayer-id>6609</hplayer-id>
<hrate-id>6</hrate-id>
<htype-id>26</htype-id>
<Comment>O</Comment>
</TB_analysis>
<TB_analysis>

<play-id>515518</play-id>
<aplayer-id>15922</aplayer-id>
<arate-id>5</arate-id>
<atype-id>26</atype-id>
<hplayer-id>6591</hplayer-id>
<hrate-id>6</hrate-id>
<htype-id>26</htype-id>
<Comment>CR&gt;C&gt;2L</Comment>
</TB_analysis>
<TB_analysis>

<play-id>515519</play-id>
<aplayer-id>15925</aplayer-id>
<arate-id>6</arate-id>
<atype-id>26</atype-id>
<hplayer-id>6579</hplayer-id>
<hrate-id>4</hrate-id>
<htype-id>26</htype-id>
<Comment>4R&gt;1D</Comment>
</TB_analysis>
<TB_analysis>

<play-id>515519</play-id>
<atype-id>26</atype-id>
<hplayer-id>6560</hplayer-id>
<hrate-id>4</hrate-id>
<htype-id>26</htype-id>
<Comment>4R&gt;1D</Comment>
</TB_analysis>
<TB_analysis>

<play-id>515520</play-id>
<aplayer-id>15953</aplayer-id>
<arate-id>5</arate-id>
<atype-id>26</atype-id>
<hplayer-id>6609</hplayer-id>
<hrate-id>6</hrate-id>
<htype-id>26</htype-id>
<Comment>O&gt;2L&gt;DT&gt;Draws pull block</Comment>
</TB_analysis>
<TB_analysis>

<play-id>515520</play-id>
<aplayer-id>15947</aplayer-id>
<arate-id>5</arate-id>
<atype-id>26</atype-id>
<hplayer-id>6608</hplayer-id>
<hrate-id>4</hrate-id>
<htype-id>26</htype-id>
<Comment>BOR</Comment>
</TB_analysis>
<TB_analysis>

<play-id>515520</play-id>
<aplayer-id>15918</aplayer-id>
<arate-id>6</arate-id>
<atype-id>26</atype-id>
<hplayer-id>6602</hplayer-id>
<hrate-id>4</hrate-id>
<htype-id>26</htype-id>
<Comment>I</Comment>
</TB_analysis>
<TB_analysis>

<play-id>515520</play-id>
<atype-id>26</atype-id>
<hplayer-id>6572</hplayer-id>
<hrate-id>4</hrate-id>
<htype-id>26</htype-id>
<Comment>GC</Comment>
</TB_analysis>
<TB_analysis>

<play-id>515521</play-id>
<aplayer-id>15953</aplayer-id>
<arate-id>6</arate-id>
<atype-id>26</atype-id>
<hplayer-id>6609</hplayer-id>
<hrate-id>4</hrate-id>
<htype-id>26</htype-id>
<Comment>9R&gt;PA&gt;1D</Comment>
</TB_analysis>
<TB_analysis>

<play-id>515521</play-id>
<aplayer-id>15926</aplayer-id>
<arate-id>6</arate-id>
<atype-id>26</atype-id>
<hplayer-id>6560</hplayer-id>
<hrate-id>4</hrate-id>
<htype-id>26</htype-id>
<Comment>9R&gt;1D</Comment>
</TB_analysis>
<TB_analysis>

<play-id>515522</play-id>
<aplayer-id>15951</aplayer-id>
<arate-id>6</arate-id>
<atype-id>26</atype-id>
<hplayer-id>6598</hplayer-id>
<hrate-id>4</hrate-id>
<htype-id>26</htype-id>
<Comment>I</Comment>
</TB_analysis>
<TB_analysis>

<play-id>515522</play-id>
<aplayer-id>15957</aplayer-id>
<arate-id>5</arate-id>
<atype-id>8</atype-id>
<hplayer-id>6591</hplayer-id>
<hrate-id>6</hrate-id>
<htype-id>26</htype-id>
<Comment>CR&gt;MT</Comment>
</TB_analysis>
<TB_analysis>

<play-id>515522</play-id>
<aplayer-id>15918</aplayer-id>
<arate-id>6</arate-id>
<atype-id>26</atype-id>
<hplayer-id>6602</hplayer-id>
<hrate-id>4</hrate-id>
<htype-id>26</htype-id>
<Comment>I&gt;2L</Comment>
</TB_analysis>
<TB_analysis>

<play-id>515522</play-id>
<aplayer-id>15937</aplayer-id>
<arate-id>7</arate-id>
<atype-id>8</atype-id>
<hplayer-id>6569</hplayer-id>
<hrate-id>4</hrate-id>
<htype-id>26</htype-id>
<Comment>YDC&gt;MT92&gt;MT35</Comment>
</TB_analysis>
<TB_analysis>

<play-id>515522</play-id>
<aplayer-id>15938</aplayer-id>
<arate-id>4</arate-id>
<atype-id>26</atype-id>
<htype-id>26</htype-id>
<Comment>CU&gt;TFSG</Comment>
</TB_analysis>
<TB_analysis>

<play-id>515523</play-id>
<aplayer-id>15925</aplayer-id>
<arate-id>4</arate-id>
<atype-id>42</atype-id>
<hplayer-id>6587</hplayer-id>
<hrate-id>6</hrate-id>
<htype-id>42</htype-id>
<Comment>O</Comment>
</TB_analysis>
<TB_analysis>

<play-id>515523</play-id>
<aplayer-id>15918</aplayer-id>
<arate-id>7</arate-id>
<atype-id>26</atype-id>
<hplayer-id>6560</hplayer-id>
<hrate-id>6</hrate-id>
<htype-id>26</htype-id>
<Comment>7R&gt;OT</Comment>
</TB_analysis>
<TB_analysis>

<play-id>515524</play-id>
<aplayer-id>22503</aplayer-id>
<arate-id>7</arate-id>
<atype-id>26</atype-id>
<hplayer-id>6579</hplayer-id>
<hrate-id>3</hrate-id>
<htype-id>26</htype-id>
<Comment>7R&gt;TD</Comment>
</TB_analysis>
<TB_analysis>

<play-id>515524</play-id>
<atype-id>26</atype-id>
<hplayer-id>6560</hplayer-id>
<hrate-id>3</hrate-id>
<htype-id>26</htype-id>
<Comment>7R&gt;TD</Comment>
</TB_analysis>
<TB_analysis>

<play-id>515526</play-id>
<atype-id>26</atype-id>
<hplayer-id>6663</hplayer-id>
<hrate-id>4</hrate-id>
<htype-id>26</htype-id>
<Comment>GD</Comment>
</TB_analysis>
<TB_analysis>

<play-id>515526</play-id>
<atype-id>26</atype-id>
<hplayer-id>6631</hplayer-id>
<hrate-id>4</hrate-id>
<htype-id>26</htype-id>
<Comment>KR&gt;T</Comment>
</TB_analysis>
<TB_analysis>

<play-id>515526</play-id>
<atype-id>40</atype-id>
<hplayer-id>6617</hplayer-id>
<hrate-id>7</hrate-id>
<htype-id>11</htype-id>
<Comment>PEN(FMM)</Comment>
</TB_analysis>
<TB_analysis>

<play-id>515527</play-id>
<aplayer-id>15901</aplayer-id>
<arate-id>4</arate-id>
<atype-id>26</atype-id>
<hplayer-id>6649</hplayer-id>
<hrate-id>6</hrate-id>
<htype-id>26</htype-id>
<Comment>I</Comment>
</TB_analysis>
<TB_analysis>

<play-id>515527</play-id>
<aplayer-id>15878</aplayer-id>
<arate-id>6</arate-id>
<atype-id>26</atype-id>
<hplayer-id>28148</hplayer-id>
<hrate-id>5</hrate-id>
<htype-id>26</htype-id>
<Comment>O&gt;T</Comment>
</TB_analysis>
<TB_analysis>

<play-id>515527</play-id>
<aplayer-id>15877</aplayer-id>
<arate-id>4</arate-id>
<atype-id>26</atype-id>
<htype-id>26</htype-id>
<Comment>GC&gt;YDC</Comment>
</TB_analysis>
<TB_analysis>

<play-id>515527</play-id>
<aplayer-id>15888</aplayer-id>
<arate-id>4</arate-id>
<atype-id>26</atype-id>
<hplayer-id>6635</hplayer-id>
<hrate-id>5</hrate-id>
<htype-id>26</htype-id>
<Comment>B&gt;2L</Comment>
</TB_analysis>
<TB_analysis>

<play-id>515528</play-id>
<aplayer-id>15896</aplayer-id>
<arate-id>5</arate-id>
<atype-id>26</atype-id>
<hplayer-id>6645</hplayer-id>
<hrate-id>5</hrate-id>
<htype-id>26</htype-id>
<Comment>I&gt;DTA</Comment>
</TB_analysis>
<TB_analysis>

<play-id>515528</play-id>
<aplayer-id>15879</aplayer-id>
<arate-id>6</arate-id>
<atype-id>26</atype-id>
<hplayer-id>6636</hplayer-id>
<hrate-id>4</hrate-id>
<htype-id>26</htype-id>
<Comment>SU at POA</Comment>
</TB_analysis>
<TB_analysis>

<play-id>515528</play-id>
<atype-id>26</atype-id>
<hplayer-id>6635</hplayer-id>
<hrate-id>4</hrate-id>
<htype-id>26</htype-id>
<Comment>U&gt;TFL</Comment>
</TB_analysis>
<TB_analysis>

<play-id>515528</play-id>
<aplayer-id>23624</aplayer-id>
<arate-id>4</arate-id>
<atype-id>26</atype-id>
<hplayer-id>6624</hplayer-id>
<hrate-id>6</hrate-id>
<htype-id>26</htype-id>
<Comment>I&gt;2L</Comment>
</TB_analysis>
<TB_analysis>

<play-id>515528</play-id>
<aplayer-id>15908</aplayer-id>
<arate-id>6</arate-id>
<atype-id>26</atype-id>
<hplayer-id>6641</hplayer-id>
<hrate-id>5</hrate-id>
<htype-id>26</htype-id>
<Comment>O&gt;2L</Comment>
</TB_analysis>
<TB_analysis>

<play-id>515529</play-id>
<aplayer-id>15896</aplayer-id>
<arate-id>6</arate-id>
<atype-id>3</atype-id>
<hplayer-id>6651</hplayer-id>
<hrate-id>5</hrate-id>
<htype-id>3</htype-id>
<Comment>U&gt;L.E.N&gt;O</Comment>
</TB_analysis>
<TB_analysis>

<play-id>515529</play-id>
<aplayer-id>15916</aplayer-id>
<arate-id>4</arate-id>
<atype-id>26</atype-id>
<hplayer-id>6618</hplayer-id>
<hrate-id>5</hrate-id>
<htype-id>26</htype-id>
<Comment>2R&gt;1D</Comment>
</TB_analysis>
<TB_analysis>

<play-id>515530</play-id>
<aplayer-id>15878</aplayer-id>
<arate-id>7</arate-id>
<atype-id>26</atype-id>
<hplayer-id>6636</hplayer-id>
<hrate-id>3</hrate-id>
<htype-id>26</htype-id>
<Comment>B&gt;I&gt;TFNG</Comment>
</TB_analysis>
<TB_analysis>

<play-id>515530</play-id>
<aplayer-id>15908</aplayer-id>
<arate-id>4</arate-id>
<atype-id>26</atype-id>
<hplayer-id>6639</hplayer-id>
<hrate-id>5</hrate-id>
<htype-id>26</htype-id>
<Comment>I</Comment>
</TB_analysis>
<TB_analysis>

<play-id>515531</play-id>
<aplayer-id>15912</aplayer-id>
<arate-id>4</arate-id>
<atype-id>26</atype-id>
<hplayer-id>6635</hplayer-id>
<hrate-id>6</hrate-id>
<htype-id>26</htype-id>
<Comment>I&gt;2L</Comment>
</TB_analysis>
<TB_analysis>

<play-id>515531</play-id>
<aplayer-id>15916</aplayer-id>
<arate-id>6</arate-id>
<atype-id>26</atype-id>
<hplayer-id>6615</hplayer-id>
<hrate-id>7</hrate-id>
<htype-id>8</htype-id>
<Comment>I&gt;MT</Comment>
</TB_analysis>
<TB_analysis>

<play-id>515531</play-id>
<aplayer-id>15877</aplayer-id>
<arate-id>4</arate-id>
<atype-id>26</atype-id>
<htype-id>26</htype-id>
<Comment>GB&gt;SA&gt;MT15</Comment>
</TB_analysis>
<TB_analysis>

<play-id>515532</play-id>
<aplayer-id>15896</aplayer-id>
<arate-id>4</arate-id>
<atype-id>26</atype-id>
<hplayer-id>6659</hplayer-id>
<hrate-id>6</hrate-id>
<htype-id>26</htype-id>
<Comment>I</Comment>
</TB_analysis>
<TB_analysis>

<play-id>515533</play-id>
<aplayer-id>26312</aplayer-id>
<arate-id>6</arate-id>
<atype-id>3</atype-id>
<hplayer-id>6645</hplayer-id>
<hrate-id>3</hrate-id>
<htype-id>3</htype-id>
<Comment>BBR</Comment>
</TB_analysis>
<TB_analysis>

<play-id>515533</play-id>
<aplayer-id>15878</aplayer-id>
<arate-id>4</arate-id>
<atype-id>26</atype-id>
<hplayer-id>6636</hplayer-id>
<hrate-id>6</hrate-id>
<htype-id>26</htype-id>
<Comment>H4&gt;1D</Comment>
</TB_analysis>
<TB_analysis>

<play-id>515533</play-id>
<aplayer-id>15896</aplayer-id>
<arate-id>6</arate-id>
<atype-id>42</atype-id>
<hplayer-id>28148</hplayer-id>
<hrate-id>4</hrate-id>
<htype-id>42</htype-id>
<Comment>O&gt;C</Comment>
</TB_analysis>
<TB_analysis>

<play-id>515534</play-id>
<aplayer-id>15900</aplayer-id>
<arate-id>6</arate-id>
<atype-id>26</atype-id>
<hplayer-id>28148</hplayer-id>
<hrate-id>4</hrate-id>
<htype-id>26</htype-id>
<Comment>I&gt;TFNG</Comment>
</TB_analysis>
<TB_analysis>

<play-id>515534</play-id>
<aplayer-id>15902</aplayer-id>
<arate-id>4</arate-id>
<atype-id>26</atype-id>
<hplayer-id>6655</hplayer-id>
<hrate-id>6</hrate-id>
<htype-id>26</htype-id>
<Comment>I</Comment>
</TB_analysis>
<TB_analysis>

<play-id>515535</play-id>
<aplayer-id>15912</aplayer-id>
<arate-id>4</arate-id>
<atype-id>26</atype-id>
<hplayer-id>6645</hplayer-id>
<hrate-id>6</hrate-id>
<htype-id>26</htype-id>
<Comment>I</Comment>
</TB_analysis>
<TB_analysis>

<play-id>515535</play-id>
<aplayer-id>15902</aplayer-id>
<arate-id>6</arate-id>
<atype-id>26</atype-id>
<hplayer-id>6635</hplayer-id>
<hrate-id>5</hrate-id>
<htype-id>26</htype-id>
<Comment>I&gt;2L&gt;T</Comment>
</TB_analysis>
<TB_analysis>

<play-id>515535</play-id>
<aplayer-id>25036</aplayer-id>
<arate-id>4</arate-id>
<atype-id>26</atype-id>
<htype-id>26</htype-id>
<Comment>GC</Comment>
</TB_analysis>
<TB_analysis>

<play-id>515536</play-id>
<aplayer-id>15902</aplayer-id>
<arate-id>5</arate-id>
<atype-id>26</atype-id>
<hplayer-id>6645</hplayer-id>
<hrate-id>6</hrate-id>
<htype-id>26</htype-id>
<Comment>I&gt;IOP</Comment>
</TB_analysis>
<TB_analysis>

<play-id>515536</play-id>
<atype-id>26</atype-id>
<hplayer-id>6635</hplayer-id>
<hrate-id>4</hrate-id>
<htype-id>26</htype-id>
<Comment>U&gt;TFNG&gt;TSo3</Comment>
</TB_analysis>
<TB_analysis>

<play-id>515537</play-id>
<aplayer-id>15966</aplayer-id>
<arate-id>5</arate-id>
<atype-id>26</atype-id>
<htype-id>26</htype-id>
<Comment>38&gt;RHM&gt;M</Comment>
</TB_analysis>
<TB_analysis>

<play-id>515538</play-id>
<aplayer-id>15926</aplayer-id>
<arate-id>7</arate-id>
<atype-id>8</atype-id>
<hplayer-id>6563</hplayer-id>
<hrate-id>4</hrate-id>
<htype-id>26</htype-id>
<Comment>KR&gt;GC&gt;SA&gt;MT</Comment>
</TB_analysis>
<TB_analysis>

<play-id>515539</play-id>
<aplayer-id>15941</aplayer-id>
<arate-id>4</arate-id>
<atype-id>8</atype-id>
<hplayer-id>6609</hplayer-id>
<hrate-id>7</hrate-id>
<htype-id>26</htype-id>
<Comment>I&gt;MTFL</Comment>
</TB_analysis>
<TB_analysis>

<play-id>515539</play-id>
<aplayer-id>15937</aplayer-id>
<arate-id>4</arate-id>
<atype-id>26</atype-id>
<htype-id>26</htype-id>
<Comment>CU&gt;TFL</Comment>
</TB_analysis>
<TB_analysis>

<play-id>515539</play-id>
<aplayer-id>15918</aplayer-id>
<arate-id>5</arate-id>
<atype-id>26</atype-id>
<hplayer-id>6591</hplayer-id>
<hrate-id>6</hrate-id>
<htype-id>26</htype-id>
<Comment>O&gt;C&gt;PBR</Comment>
</TB_analysis>
<TB_analysis>

<play-id>515539</play-id>
<aplayer-id>15938</aplayer-id>
<arate-id>6</arate-id>
<atype-id>8</atype-id>
<htype-id>26</htype-id>
<Comment>U&gt;MTFL</Comment>
</TB_analysis>
<TB_analysis>

<play-id>515540</play-id>
<aplayer-id>15929</aplayer-id>
<arate-id>6</arate-id>
<atype-id>26</atype-id>
<hplayer-id>6559</hplayer-id>
<hrate-id>4</hrate-id>
<htype-id>26</htype-id>
<Comment>5R&gt;1D</Comment>
</TB_analysis>
<TB_analysis>

<play-id>515540</play-id>
<aplayer-id>15918</aplayer-id>
<arate-id>3</arate-id>
<atype-id>3</atype-id>
<hplayer-id>6602</hplayer-id>
<hrate-id>6</hrate-id>
<htype-id>3</htype-id>
<Comment>B</Comment>
</TB_analysis>
<TB_analysis>

<play-id>515541</play-id>
<aplayer-id>3589</aplayer-id>
<arate-id>5</arate-id>
<atype-id>26</atype-id>
<hplayer-id>6605</hplayer-id>
<hrate-id>4</hrate-id>
<htype-id>19</htype-id>
<Comment>O</Comment>
</TB_analysis>
<TB_analysis>

<play-id>515541</play-id>
<aplayer-id>22089</aplayer-id>
<arate-id>7</arate-id>
<atype-id>8</atype-id>
<hplayer-id>6559</hplayer-id>
<hrate-id>3</hrate-id>
<htype-id>26</htype-id>
<Comment>0R&gt;GB&gt;MT&gt;GB&gt;TD</Comment>
</TB_analysis>
<TB_analysis>

<play-id>515541</play-id>
<aplayer-id>15953</aplayer-id>
<arate-id>6</arate-id>
<atype-id>26</atype-id>
<hplayer-id>6579</hplayer-id>
<hrate-id>4</hrate-id>
<htype-id>19</htype-id>
<Comment>O&gt;DF</Comment>
</TB_analysis>
<TB_analysis>

<play-id>515543</play-id>
<atype-id>26</atype-id>
<hplayer-id>6663</hplayer-id>
<hrate-id>4</hrate-id>
<htype-id>26</htype-id>
<Comment>GD&gt;TB</Comment>
</TB_analysis>
<TB_analysis>

<play-id>515544</play-id>
<aplayer-id>15877</aplayer-id>
<arate-id>4</arate-id>
<atype-id>26</atype-id>
<hplayer-id>6626</hplayer-id>
<hrate-id>7</hrate-id>
<htype-id>8</htype-id>
<Comment>GB&gt;MT&gt;1D</Comment>
</TB_analysis>
<TB_analysis>

<play-id>515544</play-id>
<aplayer-id>15910</aplayer-id>
<arate-id>4</arate-id>
<atype-id>26</atype-id>
<hplayer-id>6627</hplayer-id>
<hrate-id>5</hrate-id>
<htype-id>26</htype-id>
<Comment>O</Comment>
</TB_analysis>
<TB_analysis>

<play-id>515544</play-id>
<atype-id>26</atype-id>
<hplayer-id>6658</hplayer-id>
<hrate-id>6</hrate-id>
<htype-id>26</htype-id>
<Comment>IOP</Comment>
</TB_analysis>
<TB_analysis>

<play-id>515545</play-id>
<aplayer-id>15870</aplayer-id>
<arate-id>3</arate-id>
<atype-id>26</atype-id>
<htype-id>26</htype-id>
<Comment>H8&gt;1D</Comment>
</TB_analysis>
<TB_analysis>

<play-id>515545</play-id>
<aplayer-id>15877</aplayer-id>
<arate-id>3</arate-id>
<atype-id>26</atype-id>
<hplayer-id>6635</hplayer-id>
<hrate-id>7</hrate-id>
<htype-id>26</htype-id>
<Comment>H8&gt;1D</Comment>
</TB_analysis>
<TB_analysis>

<play-id>515547</play-id>
<aplayer-id>15912</aplayer-id>
<arate-id>4</arate-id>
<atype-id>26</atype-id>
<hplayer-id>6617</hplayer-id>
<hrate-id>6</hrate-id>
<htype-id>26</htype-id>
<Comment>3R&gt;1D</Comment>
</TB_analysis>
<TB_analysis>

<play-id>515547</play-id>
<aplayer-id>15870</aplayer-id>
<arate-id>4</arate-id>
<atype-id>26</atype-id>
<htype-id>26</htype-id>
<Comment>3R&gt;1D</Comment>
</TB_analysis>
<TB_analysis>

<play-id>515547</play-id>
<aplayer-id>15902</aplayer-id>
<arate-id>6</arate-id>
<atype-id>3</atype-id>
<hplayer-id>6656</hplayer-id>
<hrate-id>4</hrate-id>
<htype-id>3</htype-id>
<Comment>I</Comment>
</TB_analysis>
<TB_analysis>

<play-id>515548</play-id>
<aplayer-id>15906</aplayer-id>
<arate-id>4</arate-id>
<atype-id>26</atype-id>
<hplayer-id>6617</hplayer-id>
<hrate-id>7</hrate-id>
<htype-id>26</htype-id>
<Comment>GB&gt;IOP&gt;TD&gt;Reverse</Comment>
</TB_analysis>
<TB_analysis>

<play-id>515548</play-id>
<atype-id>26</atype-id>
<hplayer-id>6631</hplayer-id>
<hrate-id>6</hrate-id>
<htype-id>26</htype-id>
<Comment>IOP</Comment>
</TB_analysis>
<TB_analysis>

<play-id>515548</play-id>
<aplayer-id>15910</aplayer-id>
<arate-id>4</arate-id>
<atype-id>26</atype-id>
<hplayer-id>6627</hplayer-id>
<hrate-id>5</hrate-id>
<htype-id>26</htype-id>
<Comment>O&gt;DF</Comment>
</TB_analysis>
<TB_analysis>

<play-id>515550</play-id>
<aplayer-id>15910</aplayer-id>
<arate-id>4</arate-id>
<atype-id>26</atype-id>
<htype-id>26</htype-id>
<Comment>KR&gt;T</Comment>
</TB_analysis>
<TB_analysis>

<play-id>515550</play-id>
<aplayer-id>15922</aplayer-id>
<arate-id>6</arate-id>
<atype-id>26</atype-id>
<htype-id>26</htype-id>
<Comment>LD&gt;OOP</Comment>
</TB_analysis>
<TB_analysis>

<play-id>515551</play-id>
<aplayer-id>3589</aplayer-id>
<arate-id>7</arate-id>
<atype-id>8</atype-id>
<hplayer-id>6572</hplayer-id>
<hrate-id>4</hrate-id>
<htype-id>26</htype-id>
<Comment>GC&gt;SA&gt;MT&gt;GB&gt;1D</Comment>
</TB_analysis>
<TB_analysis>

<play-id>515551</play-id>
<aplayer-id>15926</aplayer-id>
<arate-id>6</arate-id>
<atype-id>26</atype-id>
<hplayer-id>6602</hplayer-id>
<hrate-id>4</hrate-id>
<htype-id>26</htype-id>
<Comment>I&gt;2L</Comment>
</TB_analysis>
<TB_analysis>

<play-id>515551</play-id>
<aplayer-id>15961</aplayer-id>
<arate-id>6</arate-id>
<atype-id>26</atype-id>
<htype-id>26</htype-id>
<Comment>IOP</Comment>
</TB_analysis>
<TB_analysis>

<play-id>515551</play-id>
<aplayer-id>15918</aplayer-id>
<arate-id>6</arate-id>
<atype-id>26</atype-id>
<hplayer-id>6608</hplayer-id>
<hrate-id>4</hrate-id>
<htype-id>26</htype-id>
<Comment>I&gt;2L</Comment>
</TB_analysis>
<TB_analysis>

<play-id>515551</play-id>
<aplayer-id>15947</aplayer-id>
<arate-id>5</arate-id>
<atype-id>26</atype-id>
<hplayer-id>6609</hplayer-id>
<hrate-id>7</hrate-id>
<htype-id>26</htype-id>
<Comment>B&gt;I</Comment>
</TB_analysis>
<TB_analysis>

<play-id>515552</play-id>
<aplayer-id>15947</aplayer-id>
<arate-id>5</arate-id>
<atype-id>26</atype-id>
<hplayer-id>6587</hplayer-id>
<hrate-id>5</hrate-id>
<htype-id>26</htype-id>
<Comment>O</Comment>
</TB_analysis>
<TB_analysis>

<play-id>515552</play-id>
<aplayer-id>15961</aplayer-id>
<arate-id>6</arate-id>
<atype-id>26</atype-id>
<hplayer-id>6599</hplayer-id>
<hrate-id>4</hrate-id>
<htype-id>26</htype-id>
<Comment>I</Comment>
</TB_analysis>
<TB_analysis>

<play-id>515553</play-id>
<atype-id>26</atype-id>
<hplayer-id>6569</hplayer-id>
<hrate-id>4</hrate-id>
<htype-id>26</htype-id>
<Comment>GC</Comment>
</TB_analysis>
<TB_analysis>

<play-id>515553</play-id>
<aplayer-id>15961</aplayer-id>
<arate-id>6</arate-id>
<atype-id>26</atype-id>
<hplayer-id>6587</hplayer-id>
<hrate-id>4</hrate-id>
<htype-id>26</htype-id>
<Comment>O</Comment>
</TB_analysis>
<TB_analysis>

<play-id>515553</play-id>
<aplayer-id>15918</aplayer-id>
<arate-id>5</arate-id>
<atype-id>26</atype-id>
<hplayer-id>6599</hplayer-id>
<hrate-id>4</hrate-id>
<htype-id>26</htype-id>
<Comment>O</Comment>
</TB_analysis>
<TB_analysis>

<play-id>515553</play-id>
<aplayer-id>15956</aplayer-id>
<arate-id>5</arate-id>
<atype-id>26</atype-id>
<hplayer-id>6591</hplayer-id>
<hrate-id>5</hrate-id>
<htype-id>26</htype-id>
<Comment>CR</Comment>
</TB_analysis>
<TB_analysis>

<play-id>515553</play-id>
<aplayer-id>15922</aplayer-id>
<arate-id>4</arate-id>
<atype-id>26</atype-id>
<hplayer-id>6598</hplayer-id>
<hrate-id>6</hrate-id>
<htype-id>26</htype-id>
<Comment>I&gt;SP&gt;2L&gt;TFSG</Comment>
</TB_analysis>
<TB_analysis>

<play-id>515554</play-id>
<aplayer-id>15918</aplayer-id>
<arate-id>7</arate-id>
<atype-id>26</atype-id>
<hplayer-id>6599</hplayer-id>
<hrate-id>3</hrate-id>
<htype-id>26</htype-id>
<Comment>O&gt;BTG</Comment>
</TB_analysis>
<TB_analysis>

<play-id>515554</play-id>
<aplayer-id>15947</aplayer-id>
<arate-id>5</arate-id>
<atype-id>26</atype-id>
<hplayer-id>6609</hplayer-id>
<hrate-id>6</hrate-id>
<htype-id>26</htype-id>
<Comment>I</Comment>
</TB_analysis>
<TB_analysis>

<play-id>515554</play-id>
<aplayer-id>15956</aplayer-id>
<arate-id>6</arate-id>
<atype-id>26</atype-id>
<hplayer-id>6591</hplayer-id>
<hrate-id>4</hrate-id>
<htype-id>26</htype-id>
<Comment>CR</Comment>
</TB_analysis>
<TB_analysis>

<play-id>515554</play-id>
<aplayer-id>15961</aplayer-id>
<arate-id>4</arate-id>
<atype-id>26</atype-id>
<htype-id>26</htype-id>
<Comment>U&gt;TFSG&gt;TSo3</Comment>
</TB_analysis>
<TB_analysis>

<play-id>515555</play-id>
<aplayer-id>15961</aplayer-id>
<arate-id>6</arate-id>
<atype-id>26</atype-id>
<hplayer-id>6599</hplayer-id>
<hrate-id>4</hrate-id>
<htype-id>26</htype-id>
<Comment>I</Comment>
</TB_analysis>
<TB_analysis>

<play-id>515555</play-id>
<aplayer-id>15926</aplayer-id>
<arate-id>5</arate-id>
<atype-id>26</atype-id>
<hplayer-id>6598</hplayer-id>
<hrate-id>6</hrate-id>
<htype-id>26</htype-id>
<Comment>O&gt;PBL</Comment>
</TB_analysis>
<TB_analysis>

<play-id>515556</play-id>
<aplayer-id>22503</aplayer-id>
<arate-id>7</arate-id>
<atype-id>26</atype-id>
<hplayer-id>6579</hplayer-id>
<hrate-id>3</hrate-id>
<htype-id>26</htype-id>
<Comment>9R&gt;TD</Comment>
</TB_analysis>
<TB_analysis>

<play-id>515556</play-id>
<atype-id>26</atype-id>
<hplayer-id>6560</hplayer-id>
<hrate-id>3</hrate-id>
<htype-id>26</htype-id>
<Comment>9R&gt;TD</Comment>
</TB_analysis>
<TB_analysis>

<play-id>515558</play-id>
<atype-id>26</atype-id>
<hplayer-id>6663</hplayer-id>
<hrate-id>4</hrate-id>
<htype-id>26</htype-id>
<Comment>GD&gt;TB</Comment>
</TB_analysis>
<TB_analysis>

<play-id>515559</play-id>
<atype-id>26</atype-id>
<hplayer-id>6639</hplayer-id>
<hrate-id>4</hrate-id>
<htype-id>26</htype-id>
<Comment>U&gt;TFNG</Comment>
</TB_analysis>
<TB_analysis>

<play-id>515559</play-id>
<aplayer-id>15901</aplayer-id>
<arate-id>4</arate-id>
<atype-id>26</atype-id>
<hplayer-id>28655</hplayer-id>
<hrate-id>6</hrate-id>
<htype-id>26</htype-id>
<Comment>I</Comment>
</TB_analysis>
<TB_analysis>

<play-id>515560</play-id>
<aplayer-id>15902</aplayer-id>
<arate-id>5</arate-id>
<atype-id>26</atype-id>
<hplayer-id>6656</hplayer-id>
<hrate-id>5</hrate-id>
<htype-id>26</htype-id>
<Comment>I&gt;DT</Comment>
</TB_analysis>
<TB_analysis>

<play-id>515560</play-id>
<aplayer-id>15878</aplayer-id>
<arate-id>5</arate-id>
<atype-id>26</atype-id>
<hplayer-id>28148</hplayer-id>
<hrate-id>6</hrate-id>
<htype-id>26</htype-id>
<Comment>BIL</Comment>
</TB_analysis>
<TB_analysis>

<play-id>515560</play-id>
<atype-id>26</atype-id>
<hplayer-id>6641</hplayer-id>
<hrate-id>4</hrate-id>
<htype-id>26</htype-id>
<Comment>U&gt;TFSG</Comment>
</TB_analysis>
<TB_analysis>

<play-id>515561</play-id>
<atype-id>26</atype-id>
<hplayer-id>6659</hplayer-id>
<hrate-id>5</hrate-id>
<htype-id>3</htype-id>
<Comment>U&gt;R.E.R&gt;BOR</Comment>
</TB_analysis>
<TB_analysis>

<play-id>515561</play-id>
<aplayer-id>15877</aplayer-id>
<arate-id>4</arate-id>
<atype-id>26</atype-id>
<hplayer-id>6641</hplayer-id>
<hrate-id>6</hrate-id>
<htype-id>26</htype-id>
<Comment>H0&gt;GC&gt;OOP&gt;1D</Comment>
</TB_analysis>
<TB_analysis>

<play-id>515562</play-id>
<aplayer-id>15900</aplayer-id>
<arate-id>7</arate-id>
<atype-id>26</atype-id>
<hplayer-id>6651</hplayer-id>
<hrate-id>3</hrate-id>
<htype-id>26</htype-id>
<Comment>O&gt;TFSG</Comment>
</TB_analysis>
<TB_analysis>

<play-id>515562</play-id>
<aplayer-id>15896</aplayer-id>
<arate-id>6</arate-id>
<atype-id>26</atype-id>
<hplayer-id>6645</hplayer-id>
<hrate-id>4</hrate-id>
<htype-id>26</htype-id>
<Comment>U&gt;I&gt;TFSG</Comment>
</TB_analysis>
<TB_analysis>

<play-id>515562</play-id>
<aplayer-id>15888</aplayer-id>
<arate-id>5</arate-id>
<atype-id>26</atype-id>
<hplayer-id>6655</hplayer-id>
<hrate-id>5</hrate-id>
<htype-id>26</htype-id>
<Comment>CR&gt;DT</Comment>
</TB_analysis>
<TB_analysis>

<play-id>515562</play-id>
<aplayer-id>15888</aplayer-id>
<arate-id>6</arate-id>
<atype-id>26</atype-id>
<hplayer-id>6641</hplayer-id>
<hrate-id>5</hrate-id>
<htype-id>26</htype-id>
<Comment>CR&gt;2L</Comment>
</TB_analysis>
<TB_analysis>

<play-id>515563</play-id>
<aplayer-id>15908</aplayer-id>
<arate-id>7</arate-id>
<atype-id>26</atype-id>
<hplayer-id>6641</hplayer-id>
<hrate-id>6</hrate-id>
<htype-id>8</htype-id>
<Comment>O&gt;MTFL</Comment>
</TB_analysis>
<TB_analysis>

<play-id>515563</play-id>
<atype-id>26</atype-id>
<hplayer-id>6655</hplayer-id>
<hrate-id>4</hrate-id>
<htype-id>26</htype-id>
<Comment>CU&gt;TFL</Comment>
</TB_analysis>
<TB_analysis>

<play-id>515563</play-id>
<aplayer-id>25036</aplayer-id>
<arate-id>5</arate-id>
<atype-id>18</atype-id>
<hplayer-id>6645</hplayer-id>
<hrate-id>5</hrate-id>
<htype-id>40</htype-id>
<Comment>D-PEN(OH)</Comment>
</TB_analysis>
<TB_analysis>

<play-id>515563</play-id>
<aplayer-id>25036</aplayer-id>
<arate-id>7</arate-id>
<atype-id>26</atype-id>
<hplayer-id>6645</hplayer-id>
<hrate-id>5</hrate-id>
<htype-id>26</htype-id>
<Comment>D-PEN(OH)</Comment>
</TB_analysis>
<TB_analysis>

<play-id>515564</play-id>
<aplayer-id>15888</aplayer-id>
<arate-id>7</arate-id>
<atype-id>26</atype-id>
<hplayer-id>6651</hplayer-id>
<hrate-id>4</hrate-id>
<htype-id>26</htype-id>
<Comment>CR</Comment>
</TB_analysis>
<TB_analysis>

<play-id>515564</play-id>
<aplayer-id>15900</aplayer-id>
<arate-id>6</arate-id>
<atype-id>26</atype-id>
<hplayer-id>6639</hplayer-id>
<hrate-id>4</hrate-id>
<htype-id>26</htype-id>
<Comment>I&gt;TFL</Comment>
</TB_analysis>
<TB_analysis>

<play-id>515564</play-id>
<aplayer-id>15896</aplayer-id>
<arate-id>7</arate-id>
<atype-id>26</atype-id>
<hplayer-id>28148</hplayer-id>
<hrate-id>4</hrate-id>
<htype-id>26</htype-id>
<Comment>I&gt;CU&gt;TFL</Comment>
</TB_analysis>
<TB_analysis>

<play-id>515565</play-id>
<aplayer-id>15878</aplayer-id>
<arate-id>5</arate-id>
<atype-id>8</atype-id>
<htype-id>26</htype-id>
<Comment>PR&gt;MT&gt;T</Comment>
</TB_analysis>
<TB_analysis>

<play-id>515565</play-id>
<aplayer-id>22089</aplayer-id>
<arate-id>7</arate-id>
<atype-id>8</atype-id>
<hplayer-id>6559</hplayer-id>
<hrate-id>4</hrate-id>
<htype-id>26</htype-id>
<Comment>PR&gt;GC&gt;MT44&gt;MT15&gt;MT39&gt;MT64</Comment>
</TB_analysis>
<TB_analysis>

<play-id>515565</play-id>
<aplayer-id>15942</aplayer-id>
<arate-id>7</arate-id>
<atype-id>8</atype-id>
<htype-id>26</htype-id>
<Comment>PR&gt;MT</Comment>
</TB_analysis>
<TB_analysis>

<play-id>515565</play-id>
<aplayer-id>15967</aplayer-id>
<arate-id>6</arate-id>
<atype-id>8</atype-id>
<htype-id>26</htype-id>
<Comment>PR&gt;MT</Comment>
</TB_analysis>
<TB_analysis>

<play-id>515565</play-id>
<aplayer-id>15918</aplayer-id>
<arate-id>5</arate-id>
<atype-id>40</atype-id>
<hplayer-id>6595</hplayer-id>
<hrate-id>7</hrate-id>
<htype-id>11</htype-id>
<Comment>PEN(UNR)</Comment>
</TB_analysis>
<TB_analysis>

<play-id>515566</play-id>
<aplayer-id>15918</aplayer-id>
<arate-id>4</arate-id>
<atype-id>26</atype-id>
<htype-id>26</htype-id>
<Comment>U&gt;TFL</Comment>
</TB_analysis>
<TB_analysis>

<play-id>515566</play-id>
<aplayer-id>15957</aplayer-id>
<arate-id>6</arate-id>
<atype-id>26</atype-id>
<hplayer-id>6599</hplayer-id>
<hrate-id>4</hrate-id>
<htype-id>26</htype-id>
<Comment>I</Comment>
</TB_analysis>
<TB_analysis>

<play-id>515566</play-id>
<aplayer-id>15951</aplayer-id>
<arate-id>4</arate-id>
<atype-id>26</atype-id>
<hplayer-id>6608</hplayer-id>
<hrate-id>6</hrate-id>
<htype-id>26</htype-id>
<Comment>SU at pOA</Comment>
</TB_analysis>
<TB_analysis>

<play-id>515566</play-id>
<aplayer-id>15926</aplayer-id>
<arate-id>6</arate-id>
<atype-id>26</atype-id>
<hplayer-id>6609</hplayer-id>
<hrate-id>4</hrate-id>
<htype-id>26</htype-id>
<Comment>B&gt;2L</Comment>
</TB_analysis>
<TB_analysis>

<play-id>515566</play-id>
<aplayer-id>15941</aplayer-id>
<arate-id>6</arate-id>
<atype-id>26</atype-id>
<hplayer-id>6587</hplayer-id>
<hrate-id>5</hrate-id>
<htype-id>26</htype-id>
<Comment>O&gt;OP upfield</Comment>
</TB_analysis>
<TB_analysis>

<play-id>515567</play-id>
<aplayer-id>15951</aplayer-id>
<arate-id>5</arate-id>
<atype-id>26</atype-id>
<hplayer-id>6591</hplayer-id>
<hrate-id>5</hrate-id>
<htype-id>26</htype-id>
<Comment>CR&gt;ST from DRT&gt;FC</Comment>
</TB_analysis>
<TB_analysis>

<play-id>515567</play-id>
<aplayer-id>15938</aplayer-id>
<arate-id>5</arate-id>
<atype-id>26</atype-id>
<hplayer-id>6587</hplayer-id>
<hrate-id>6</hrate-id>
<htype-id>26</htype-id>
<Comment>I&gt;T</Comment>
</TB_analysis>
<TB_analysis>

<play-id>515567</play-id>
<atype-id>26</atype-id>
<hplayer-id>6572</hplayer-id>
<hrate-id>4</hrate-id>
<htype-id>26</htype-id>
<Comment>YDC</Comment>
</TB_analysis>
<TB_analysis>

<play-id>515567</play-id>
<aplayer-id>15937</aplayer-id>
<arate-id>6</arate-id>
<atype-id>26</atype-id>
<hplayer-id>6599</hplayer-id>
<hrate-id>4</hrate-id>
<htype-id>26</htype-id>
<Comment>O&gt;2L</Comment>
</TB_analysis>
<TB_analysis>

<play-id>515568</play-id>
<aplayer-id>15941</aplayer-id>
<arate-id>4</arate-id>
<atype-id>42</atype-id>
<hplayer-id>6602</hplayer-id>
<hrate-id>4</hrate-id>
<htype-id>42</htype-id>
<Comment>O</Comment>
</TB_analysis>
<TB_analysis>

<play-id>515568</play-id>
<aplayer-id>22503</aplayer-id>
<arate-id>6</arate-id>
<atype-id>26</atype-id>
<hplayer-id>6560</hplayer-id>
<hrate-id>6</hrate-id>
<htype-id>26</htype-id>
<Comment>9R&gt;OT</Comment>
</TB_analysis>
<TB_analysis>

<play-id>515569</play-id>
<aplayer-id>15957</aplayer-id>
<arate-id>6</arate-id>
<atype-id>26</atype-id>
<hplayer-id>6598</hplayer-id>
<hrate-id>4</hrate-id>
<htype-id>26</htype-id>
<Comment>I</Comment>
</TB_analysis>
<TB_analysis>

<play-id>515569</play-id>
<aplayer-id>15918</aplayer-id>
<arate-id>6</arate-id>
<atype-id>26</atype-id>
<hplayer-id>6608</hplayer-id>
<hrate-id>4</hrate-id>
<htype-id>26</htype-id>
<Comment>BOR&gt;2L</Comment>
</TB_analysis>
<TB_analysis>

<play-id>515569</play-id>
<aplayer-id>15926</aplayer-id>
<arate-id>6</arate-id>
<atype-id>26</atype-id>
<htype-id>26</htype-id>
<Comment>OOP</Comment>
</TB_analysis>
<TB_analysis>

<play-id>515569</play-id>
<aplayer-id>22089</aplayer-id>
<arate-id>7</arate-id>
<atype-id>8</atype-id>
<hplayer-id>6572</hplayer-id>
<hrate-id>3</hrate-id>
<htype-id>26</htype-id>
<Comment>GC&gt;GB&gt;MT&gt;1D</Comment>
</TB_analysis>
<TB_analysis>

<play-id>515570</play-id>
<atype-id>26</atype-id>
<hplayer-id>26202</hplayer-id>
<hrate-id>4</hrate-id>
<htype-id>26</htype-id>
<Comment>KR&gt;T</Comment>
</TB_analysis>
<TB_analysis>

<play-id>515571</play-id>
<aplayer-id>15870</aplayer-id>
<arate-id>7</arate-id>
<atype-id>26</atype-id>
<hplayer-id>6615</hplayer-id>
<hrate-id>2</hrate-id>
<htype-id>1</htype-id>
<Comment>1R&gt;FT&gt;BP&gt;INT</Comment>
</TB_analysis>
<TB_analysis>

<play-id>515572</play-id>
<aplayer-id>15941</aplayer-id>
<arate-id>4</arate-id>
<atype-id>26</atype-id>
<hplayer-id>6602</hplayer-id>
<hrate-id>6</hrate-id>
<htype-id>26</htype-id>
<Comment>SU at POA&gt;C</Comment>
</TB_analysis>
<TB_analysis>

<play-id>515572</play-id>
<aplayer-id>15957</aplayer-id>
<arate-id>5</arate-id>
<atype-id>26</atype-id>
<hplayer-id>6591</hplayer-id>
<hrate-id>5</hrate-id>
<htype-id>26</htype-id>
<Comment>CR</Comment>
</TB_analysis>
<TB_analysis>

<play-id>515572</play-id>
<aplayer-id>22089</aplayer-id>
<arate-id>7</arate-id>
<atype-id>8</atype-id>
<hplayer-id>6572</hplayer-id>
<hrate-id>4</hrate-id>
<htype-id>26</htype-id>
<Comment>GC&gt;YDC&gt;MT&gt;TD</Comment>
</TB_analysis>
<TB_analysis>

<play-id>515572</play-id>
<aplayer-id>15937</aplayer-id>
<arate-id>6</arate-id>
<atype-id>26</atype-id>
<hplayer-id>6599</hplayer-id>
<hrate-id>4</hrate-id>
<htype-id>26</htype-id>
<Comment>I&gt;2L</Comment>
</TB_analysis>
<TB_analysis>

<play-id>515574</play-id>
<atype-id>26</atype-id>
<hplayer-id>6636</hplayer-id>
<hrate-id>4</hrate-id>
<htype-id>26</htype-id>
<Comment>KR&gt;T</Comment>
</TB_analysis>
<TB_analysis>

<play-id>515574</play-id>
<atype-id>26</atype-id>
<hrate-id>6</hrate-id>
<htype-id>8</htype-id>
<Comment>KR&gt;MT</Comment>
</TB_analysis>
<TB_analysis>

<play-id>515575</play-id>
<aplayer-id>15877</aplayer-id>
<arate-id>4</arate-id>
<atype-id>26</atype-id>
<hplayer-id>6626</hplayer-id>
<hrate-id>7</hrate-id>
<htype-id>8</htype-id>
<Comment>SP&gt;MT</Comment>
</TB_analysis>
<TB_analysis>

<play-id>515575</play-id>
<aplayer-id>15901</aplayer-id>
<arate-id>4</arate-id>
<atype-id>26</atype-id>
<hplayer-id>28148</hplayer-id>
<hrate-id>6</hrate-id>
<htype-id>26</htype-id>
<Comment>I&gt;PBL</Comment>
</TB_analysis>
<TB_analysis>

<play-id>515575</play-id>
<aplayer-id>15878</aplayer-id>
<arate-id>4</arate-id>
<atype-id>26</atype-id>
<hplayer-id>6641</hplayer-id>
<hrate-id>6</hrate-id>
<htype-id>26</htype-id>
<Comment>BIL</Comment>
</TB_analysis>
<TB_analysis>

<play-id>515575</play-id>
<aplayer-id>15902</aplayer-id>
<arate-id>4</arate-id>
<atype-id>26</atype-id>
<hplayer-id>6656</hplayer-id>
<hrate-id>5</hrate-id>
<htype-id>26</htype-id>
<Comment>I</Comment>
</TB_analysis>
<TB_analysis>

<play-id>515575</play-id>
<aplayer-id>15896</aplayer-id>
<arate-id>6</arate-id>
<atype-id>26</atype-id>
<hplayer-id>6635</hplayer-id>
<hrate-id>5</hrate-id>
<htype-id>26</htype-id>
<Comment>O&gt;2L&gt;T</Comment>
</TB_analysis>
<TB_analysis>

<play-id>515576</play-id>
<atype-id>26</atype-id>
<hplayer-id>6636</hplayer-id>
<hrate-id>4</hrate-id>
<htype-id>3</htype-id>
<Comment>U&gt;R.E.D</Comment>
</TB_analysis>
<TB_analysis>

<play-id>515576</play-id>
<aplayer-id>15912</aplayer-id>
<arate-id>5</arate-id>
<atype-id>26</atype-id>
<hplayer-id>6635</hplayer-id>
<hrate-id>6</hrate-id>
<htype-id>26</htype-id>
<Comment>1R&gt;PA&gt;BR</Comment>
</TB_analysis>
<TB_analysis>

<play-id>515577</play-id>
<aplayer-id>15877</aplayer-id>
<arate-id>5</arate-id>
<atype-id>26</atype-id>
<hplayer-id>6615</hplayer-id>
<hrate-id>4</hrate-id>
<htype-id>26</htype-id>
<Comment>H2&gt;TFL</Comment>
</TB_analysis>
<TB_analysis>

<play-id>515577</play-id>
<aplayer-id>15896</aplayer-id>
<arate-id>6</arate-id>
<atype-id>2</atype-id>
<hplayer-id>28148</hplayer-id>
<hrate-id>4</hrate-id>
<htype-id>2</htype-id>
<Comment>U&gt;L.E.N&gt;O</Comment>
</TB_analysis>
<TB_analysis>

<play-id>515577</play-id>
<aplayer-id>15901</aplayer-id>
<arate-id>6</arate-id>
<atype-id>3</atype-id>
<hplayer-id>6639</hplayer-id>
<hrate-id>4</hrate-id>
<htype-id>3</htype-id>
<Comment>O</Comment>
</TB_analysis>
<TB_analysis>

<play-id>515577</play-id>
<aplayer-id>15900</aplayer-id>
<arate-id>7</arate-id>
<atype-id>3</atype-id>
<hplayer-id>6659</hplayer-id>
<hrate-id>3</hrate-id>
<htype-id>3</htype-id>
<Comment>O</Comment>
</TB_analysis>
<TB_analysis>

<play-id>515578</play-id>
<aplayer-id>15967</aplayer-id>
<arate-id>8</arate-id>
<atype-id>41</atype-id>
<htype-id>26</htype-id>
<Comment>SL&gt;Punter can't haul it in&gt;Fu</Comment>
</TB_analysis>
<TB_analysis>

<play-id>515578</play-id>
<aplayer-id>23739</aplayer-id>
<arate-id>5</arate-id>
<atype-id>5</atype-id>
<htype-id>26</htype-id>
<Comment>Low long snap</Comment>
</TB_analysis>
<TB_analysis>

<play-id>515578</play-id>
<atype-id>26</atype-id>
<hplayer-id>6614</hplayer-id>
<hrate-id>4</hrate-id>
<htype-id>7</htype-id>
</TB_analysis>
<TB_analysis>

<play-id>515579</play-id>
<aplayer-id>15951</aplayer-id>
<arate-id>7</arate-id>
<atype-id>26</atype-id>
<hplayer-id>6602</hplayer-id>
<hrate-id>4</hrate-id>
<htype-id>26</htype-id>
<Comment>I</Comment>
</TB_analysis>
<TB_analysis>

<play-id>515579</play-id>
<aplayer-id>15926</aplayer-id>
<arate-id>6</arate-id>
<atype-id>26</atype-id>
<hplayer-id>6599</hplayer-id>
<hrate-id>4</hrate-id>
<htype-id>26</htype-id>
<Comment>O&gt;PBR</Comment>
</TB_analysis>
<TB_analysis>

<play-id>515579</play-id>
<aplayer-id>15918</aplayer-id>
<arate-id>6</arate-id>
<atype-id>26</atype-id>
<hplayer-id>6609</hplayer-id>
<hrate-id>5</hrate-id>
<htype-id>26</htype-id>
<Comment>O&gt;2L</Comment>
</TB_analysis>
<TB_analysis>

<play-id>515579</play-id>
<atype-id>26</atype-id>
<hplayer-id>6569</hplayer-id>
<hrate-id>4</hrate-id>
<htype-id>26</htype-id>
<Comment>YDC&gt;TD</Comment>
</TB_analysis>
<TB_analysis>

<play-id>515581</play-id>
<atype-id>26</atype-id>
<hplayer-id>6665</hplayer-id>
<hrate-id>6</hrate-id>
<htype-id>26</htype-id>
<Comment>KO&gt;BD</Comment>
</TB_analysis>
<TB_analysis>

<play-id>515581</play-id>
<atype-id>26</atype-id>
<hplayer-id>6644</hplayer-id>
<hrate-id>4</hrate-id>
<htype-id>26</htype-id>
<Comment>KR&gt;T</Comment>
</TB_analysis>
<TB_analysis>

<play-id>515581</play-id>
<aplayer-id>15906</aplayer-id>
<arate-id>4</arate-id>
<atype-id>26</atype-id>
<htype-id>26</htype-id>
<Comment>KR&gt;GB</Comment>
</TB_analysis>
<TB_analysis>

<play-id>515582</play-id>
<aplayer-id>15890</aplayer-id>
<arate-id>7</arate-id>
<atype-id>11</atype-id>
<htype-id>26</htype-id>
<Comment>PEN(FST)</Comment>
</TB_analysis>
<TB_analysis>

<play-id>515583</play-id>
<aplayer-id>15901</aplayer-id>
<arate-id>7</arate-id>
<atype-id>26</atype-id>
<hplayer-id>6655</hplayer-id>
<hrate-id>4</hrate-id>
<htype-id>26</htype-id>
<Comment>SU at POA&gt;FC</Comment>
</TB_analysis>
<TB_analysis>

<play-id>515583</play-id>
<aplayer-id>15890</aplayer-id>
<arate-id>4</arate-id>
<atype-id>26</atype-id>
<hplayer-id>6659</hplayer-id>
<hrate-id>6</hrate-id>
<htype-id>26</htype-id>
<Comment>I</Comment>
</TB_analysis>
<TB_analysis>

<play-id>515583</play-id>
<aplayer-id>15878</aplayer-id>
<arate-id>6</arate-id>
<atype-id>26</atype-id>
<hplayer-id>6635</hplayer-id>
<hrate-id>4</hrate-id>
<htype-id>26</htype-id>
<Comment>SU at POA&gt;FC</Comment>
</TB_analysis>
<TB_analysis>

<play-id>515583</play-id>
<aplayer-id>15877</aplayer-id>
<arate-id>4</arate-id>
<atype-id>26</atype-id>
<hplayer-id>6624</hplayer-id>
<hrate-id>7</hrate-id>
<htype-id>8</htype-id>
<Comment>GB&gt;MT&gt;1D</Comment>
</TB_analysis>
<TB_analysis>

<play-id>515584</play-id>
<aplayer-id>15896</aplayer-id>
<arate-id>7</arate-id>
<atype-id>26</atype-id>
<hplayer-id>6645</hplayer-id>
<hrate-id>4</hrate-id>
<htype-id>26</htype-id>
<Comment>O</Comment>
</TB_analysis>
<TB_analysis>

<play-id>515584</play-id>
<aplayer-id>15878</aplayer-id>
<arate-id>6</arate-id>
<atype-id>26</atype-id>
<hplayer-id>6636</hplayer-id>
<hrate-id>4</hrate-id>
<htype-id>26</htype-id>
<Comment>SU at POA&gt;BOL</Comment>
</TB_analysis>
<TB_analysis>

<play-id>515584</play-id>
<atype-id>26</atype-id>
<hplayer-id>6617</hplayer-id>
<hrate-id>4</hrate-id>
<htype-id>26</htype-id>
<Comment>U&gt;TFSG</Comment>
</TB_analysis>
<TB_analysis>

<play-id>515585</play-id>
<aplayer-id>15878</aplayer-id>
<arate-id>6</arate-id>
<atype-id>19</atype-id>
<hplayer-id>6636</hplayer-id>
<hrate-id>4</hrate-id>
<htype-id>26</htype-id>
<Comment>I&gt;TFNG</Comment>
</TB_analysis>
<TB_analysis>

<play-id>515586</play-id>
<atype-id>26</atype-id>
<hplayer-id>6641</hplayer-id>
<hrate-id>5</hrate-id>
<htype-id>3</htype-id>
<Comment>U&gt;R.A.N</Comment>
</TB_analysis>
<TB_analysis>

<play-id>515587</play-id>
<aplayer-id>15912</aplayer-id>
<arate-id>5</arate-id>
<atype-id>5</atype-id>
<htype-id>26</htype-id>
<Comment>Fake punt&gt;snap over runner's head</Comment>
</TB_analysis>
<TB_analysis>

<play-id>515587</play-id>
<aplayer-id>15967</aplayer-id>
<arate-id>7</arate-id>
<atype-id>41</atype-id>
<htype-id>26</htype-id>
<Comment>SH</Comment>
</TB_analysis>
<TB_analysis>

<play-id>515587</play-id>
<aplayer-id>15912</aplayer-id>
<arate-id>5</arate-id>
<atype-id>7</atype-id>
<htype-id>26</htype-id>
</TB_analysis>
<TB_analysis>

<play-id>515588</play-id>
<aplayer-id>15938</aplayer-id>
<arate-id>6</arate-id>
<atype-id>26</atype-id>
<hplayer-id>6608</hplayer-id>
<hrate-id>3</hrate-id>
<htype-id>26</htype-id>
<Comment>XR&gt;GB&gt;MT39&gt;GC&gt;MT32&gt;1D</Comment>
</TB_analysis>
<TB_analysis>

<play-id>515588</play-id>
<aplayer-id>22089</aplayer-id>
<arate-id>7</arate-id>
<atype-id>8</atype-id>
<hplayer-id>6608</hplayer-id>
<hrate-id>5</hrate-id>
<htype-id>26</htype-id>
<Comment>XR&gt;GB&gt;MT39&gt;GC&gt;MT32&gt;1D</Comment>
</TB_analysis>
<TB_analysis>

<play-id>515588</play-id>
<aplayer-id>15934</aplayer-id>
<arate-id>6</arate-id>
<atype-id>26</atype-id>
<hplayer-id>6559</hplayer-id>
<hrate-id>4</hrate-id>
<htype-id>19</htype-id>
<Comment>O&gt;DF</Comment>
</TB_analysis>
<TB_analysis>

<play-id>515588</play-id>
<aplayer-id>22503</aplayer-id>
<arate-id>7</arate-id>
<atype-id>8</atype-id>
<hplayer-id>6608</hplayer-id>
<hrate-id>5</hrate-id>
<htype-id>26</htype-id>
<Comment>XR&gt;GB&gt;MT39&gt;GC&gt;MT32&gt;1D</Comment>
</TB_analysis>
<TB_analysis>

<play-id>515589</play-id>
<aplayer-id>15934</aplayer-id>
<arate-id>7</arate-id>
<atype-id>26</atype-id>
<hplayer-id>6560</hplayer-id>
<hrate-id>6</hrate-id>
<htype-id>26</htype-id>
<Comment>7R&gt;OT</Comment>
</TB_analysis>
<TB_analysis>

<play-id>515590</play-id>
<atype-id>26</atype-id>
<hplayer-id>25633</hplayer-id>
<hrate-id>4</hrate-id>
<htype-id>26</htype-id>
<Comment>GC&gt;YDC</Comment>
</TB_analysis>
<TB_analysis>

<play-id>515590</play-id>
<aplayer-id>15941</aplayer-id>
<arate-id>6</arate-id>
<atype-id>26</atype-id>
<hplayer-id>6602</hplayer-id>
<hrate-id>4</hrate-id>
<htype-id>26</htype-id>
<Comment>I</Comment>
</TB_analysis>
<TB_analysis>

<play-id>515590</play-id>
<aplayer-id>15945</aplayer-id>
<arate-id>5</arate-id>
<atype-id>26</atype-id>
<hplayer-id>6609</hplayer-id>
<hrate-id>5</hrate-id>
<htype-id>26</htype-id>
<Comment>I&gt;FC</Comment>
</TB_analysis>
<TB_analysis>

<play-id>515590</play-id>
<aplayer-id>15922</aplayer-id>
<arate-id>4</arate-id>
<atype-id>26</atype-id>
<hplayer-id>6608</hplayer-id>
<hrate-id>6</hrate-id>
<htype-id>26</htype-id>
<Comment>BOR</Comment>
</TB_analysis>
<TB_analysis>

<play-id>515591</play-id>
<aplayer-id>15934</aplayer-id>
<arate-id>4</arate-id>
<atype-id>26</atype-id>
<htype-id>26</htype-id>
<Comment>U&gt;CU&gt;TFL&gt;Busted handoff</Comment>
</TB_analysis>
<TB_analysis>

<play-id>515592</play-id>
<atype-id>26</atype-id>
<hplayer-id>6669</hplayer-id>
<hrate-id>5</hrate-id>
<htype-id>26</htype-id>
<Comment>19&gt;RHM&gt;M</Comment>
</TB_analysis>
<TB_analysis>

<play-id>515593</play-id>
<atype-id>26</atype-id>
<hplayer-id>6628</hplayer-id>
<hrate-id>4</hrate-id>
<htype-id>26</htype-id>
<Comment>KR&gt;T</Comment>
</TB_analysis>
<TB_analysis>

<play-id>515593</play-id>
<aplayer-id>15878</aplayer-id>
<arate-id>6</arate-id>
<atype-id>26</atype-id>
<hplayer-id>22845</hplayer-id>
<hrate-id>5</hrate-id>
<htype-id>8</htype-id>
<Comment>KIR&gt;MT</Comment>
</TB_analysis>
<TB_analysis>

<play-id>515593</play-id>
<aplayer-id>15906</aplayer-id>
<arate-id>4</arate-id>
<atype-id>26</atype-id>
<hplayer-id>6564</hplayer-id>
<hrate-id>6</hrate-id>
<htype-id>8</htype-id>
<Comment>KR&gt;GB&gt;MT7&gt;GC&gt;MT</Comment>
</TB_analysis>
<TB_analysis>

<play-id>515593</play-id>
<aplayer-id>15938</aplayer-id>
<arate-id>7</arate-id>
<atype-id>26</atype-id>
<hplayer-id>24043</hplayer-id>
<hrate-id>5</hrate-id>
<htype-id>26</htype-id>
<Comment>PEN(OH)</Comment>
</TB_analysis>
<TB_analysis>

<play-id>515593</play-id>
<aplayer-id>15938</aplayer-id>
<arate-id>5</arate-id>
<atype-id>11</atype-id>
<hplayer-id>24043</hplayer-id>
<hrate-id>5</hrate-id>
<htype-id>40</htype-id>
<Comment>PEN(OH)</Comment>
</TB_analysis>
<TB_analysis>

<play-id>515594</play-id>
<aplayer-id>15877</aplayer-id>
<arate-id>4</arate-id>
<atype-id>26</atype-id>
<hplayer-id>6615</hplayer-id>
<hrate-id>6</hrate-id>
<htype-id>26</htype-id>
<Comment>YDC&gt;1D</Comment>
</TB_analysis>
<TB_analysis>

<play-id>515594</play-id>
<aplayer-id>15878</aplayer-id>
<arate-id>6</arate-id>
<atype-id>26</atype-id>
<hplayer-id>6617</hplayer-id>
<hrate-id>5</hrate-id>
<htype-id>26</htype-id>
<Comment>O</Comment>
</TB_analysis>
<TB_analysis>

<play-id>515595</play-id>
<atype-id>26</atype-id>
<hplayer-id>6641</hplayer-id>
<hrate-id>4</hrate-id>
<htype-id>26</htype-id>
<Comment>U&gt;TFL</Comment>
</TB_analysis>
<TB_analysis>

<play-id>515595</play-id>
<aplayer-id>15878</aplayer-id>
<arate-id>6</arate-id>
<atype-id>26</atype-id>
<hplayer-id>6649</hplayer-id>
<hrate-id>4</hrate-id>
<htype-id>26</htype-id>
<Comment>Su at POA&gt;Trap</Comment>
</TB_analysis>
<TB_analysis>

<play-id>515596</play-id>
<aplayer-id>15900</aplayer-id>
<arate-id>4</arate-id>
<atype-id>26</atype-id>
<hplayer-id>6639</hplayer-id>
<hrate-id>5</hrate-id>
<htype-id>26</htype-id>
<Comment>I</Comment>
</TB_analysis>
<TB_analysis>

<play-id>515596</play-id>
<atype-id>26</atype-id>
<hplayer-id>6658</hplayer-id>
<hrate-id>4</hrate-id>
<htype-id>26</htype-id>
<Comment>U&gt;TFSG</Comment>
</TB_analysis>
<TB_analysis>

<play-id>515597</play-id>
<aplayer-id>15900</aplayer-id>
<arate-id>7</arate-id>
<atype-id>3</atype-id>
<hplayer-id>6659</hplayer-id>
<hrate-id>3</hrate-id>
<htype-id>3</htype-id>
<Comment>O</Comment>
</TB_analysis>
<TB_analysis>

<play-id>515597</play-id>
<atype-id>26</atype-id>
<hplayer-id>6651</hplayer-id>
<hrate-id>5</hrate-id>
<htype-id>3</htype-id>
<Comment>U&gt;R.B.S&gt;ST from DRT</Comment>
</TB_analysis>
<TB_analysis>

<play-id>515597</play-id>
<aplayer-id>15877</aplayer-id>
<arate-id>3</arate-id>
<atype-id>26</atype-id>
<hplayer-id>6641</hplayer-id>
<hrate-id>7</hrate-id>
<htype-id>8</htype-id>
<Comment>H7&gt;GB&gt;GB&gt;MT&gt;1D</Comment>
</TB_analysis>
<TB_analysis>

<play-id>515598</play-id>
<aplayer-id>15901</aplayer-id>
<arate-id>7</arate-id>
<atype-id>26</atype-id>
<hplayer-id>6631</hplayer-id>
<hrate-id>5</hrate-id>
<htype-id>8</htype-id>
<Comment>I&gt;PBL&gt;MT</Comment>
</TB_analysis>
<TB_analysis>

<play-id>515598</play-id>
<aplayer-id>15912</aplayer-id>
<arate-id>4</arate-id>
<atype-id>26</atype-id>
<hplayer-id>6645</hplayer-id>
<hrate-id>6</hrate-id>
<htype-id>26</htype-id>
<Comment>I</Comment>
</TB_analysis>
<TB_analysis>

<play-id>515598</play-id>
<aplayer-id>15878</aplayer-id>
<arate-id>6</arate-id>
<atype-id>26</atype-id>
<hplayer-id>6635</hplayer-id>
<hrate-id>5</hrate-id>
<htype-id>26</htype-id>
<Comment>BIL&gt;PBL</Comment>
</TB_analysis>
<TB_analysis>

<play-id>515599</play-id>
<aplayer-id>15869</aplayer-id>
<arate-id>4</arate-id>
<atype-id>26</atype-id>
<hplayer-id>6635</hplayer-id>
<hrate-id>6</hrate-id>
<htype-id>8</htype-id>
<Comment>H2&gt;GB&gt;MT</Comment>
</TB_analysis>
<TB_analysis>

<play-id>515600</play-id>
<aplayer-id>28491</aplayer-id>
<arate-id>4</arate-id>
<atype-id>19</atype-id>
<hplayer-id>6618</hplayer-id>
<hrate-id>5</hrate-id>
<htype-id>26</htype-id>
<Comment>O</Comment>
</TB_analysis>
<TB_analysis>

<play-id>515600</play-id>
<aplayer-id>15906</aplayer-id>
<arate-id>4</arate-id>
<atype-id>26</atype-id>
<htype-id>26</htype-id>
<Comment>0R&gt;GB&gt;1D</Comment>
</TB_analysis>
<TB_analysis>

<play-id>515601</play-id>
<aplayer-id>15896</aplayer-id>
<arate-id>4</arate-id>
<atype-id>26</atype-id>
<hplayer-id>6655</hplayer-id>
<hrate-id>6</hrate-id>
<htype-id>26</htype-id>
<Comment>I</Comment>
</TB_analysis>
<TB_analysis>

<play-id>515601</play-id>
<aplayer-id>15906</aplayer-id>
<arate-id>6</arate-id>
<atype-id>26</atype-id>
<hplayer-id>6641</hplayer-id>
<hrate-id>5</hrate-id>
<htype-id>26</htype-id>
<Comment>I&gt;2L</Comment>
</TB_analysis>
<TB_analysis>

<play-id>515602</play-id>
<aplayer-id>15878</aplayer-id>
<arate-id>5</arate-id>
<atype-id>3</atype-id>
<hplayer-id>6645</hplayer-id>
<hrate-id>4</hrate-id>
<htype-id>3</htype-id>
<Comment>I&gt;QMT</Comment>
</TB_analysis>
<TB_analysis>

<play-id>515602</play-id>
<aplayer-id>25036</aplayer-id>
<arate-id>5</arate-id>
<atype-id>37</atype-id>
<hplayer-id>6645</hplayer-id>
<hrate-id>5</hrate-id>
<htype-id>37</htype-id>
</TB_analysis>
<TB_analysis>

<play-id>515602</play-id>
<atype-id>26</atype-id>
<hplayer-id>6655</hplayer-id>
<hrate-id>4</hrate-id>
<htype-id>4</htype-id>
<Comment>CU</Comment>
</TB_analysis>
<TB_analysis>

<play-id>515603</play-id>
<atype-id>26</atype-id>
<hplayer-id>6651</hplayer-id>
<hrate-id>4</hrate-id>
<htype-id>2</htype-id>
<Comment>U&gt;L.A.D</Comment>
</TB_analysis>
<TB_analysis>

<play-id>515604</play-id>
<aplayer-id>15966</aplayer-id>
<arate-id>4</arate-id>
<atype-id>26</atype-id>
<htype-id>26</htype-id>
<Comment>44&gt;LHM&gt;M</Comment>
</TB_analysis>
<TB_analysis>

<play-id>515605</play-id>
<aplayer-id>15966</aplayer-id>
<arate-id>4</arate-id>
<atype-id>26</atype-id>
<htype-id>26</htype-id>
<Comment>GD&gt;TBZ</Comment>
</TB_analysis>
<TB_analysis>

<play-id>515606</play-id>
<aplayer-id>15891</aplayer-id>
<arate-id>6</arate-id>
<atype-id>26</atype-id>
<hplayer-id>6591</hplayer-id>
<hrate-id>4</hrate-id>
<htype-id>26</htype-id>
<Comment>CL&gt;BTG</Comment>
</TB_analysis>
<TB_analysis>

<play-id>515606</play-id>
<aplayer-id>15937</aplayer-id>
<arate-id>4</arate-id>
<atype-id>26</atype-id>
<hplayer-id>6598</hplayer-id>
<hrate-id>5</hrate-id>
<htype-id>26</htype-id>
<Comment>O&gt;2L&gt;T</Comment>
</TB_analysis>
<TB_analysis>

<play-id>515607</play-id>
<aplayer-id>15923</aplayer-id>
<arate-id>6</arate-id>
<atype-id>26</atype-id>
<hplayer-id>6579</hplayer-id>
<hrate-id>4</hrate-id>
<htype-id>26</htype-id>
<Comment>I&gt;2L</Comment>
</TB_analysis>
<TB_analysis>

<play-id>515607</play-id>
<aplayer-id>15945</aplayer-id>
<arate-id>6</arate-id>
<atype-id>26</atype-id>
<hplayer-id>6609</hplayer-id>
<hrate-id>4</hrate-id>
<htype-id>26</htype-id>
<Comment>I</Comment>
</TB_analysis>
<TB_analysis>

<play-id>515607</play-id>
<atype-id>26</atype-id>
<hplayer-id>25633</hplayer-id>
<hrate-id>4</hrate-id>
<htype-id>26</htype-id>
<Comment>GB&gt;1D</Comment>
</TB_analysis>
<TB_analysis>

<play-id>515608</play-id>
<aplayer-id>15945</aplayer-id>
<arate-id>4</arate-id>
<atype-id>26</atype-id>
<hplayer-id>6599</hplayer-id>
<hrate-id>6</hrate-id>
<htype-id>26</htype-id>
<Comment>SU at POA&gt;PBR&gt;O&gt;TFSG</Comment>
</TB_analysis>
<TB_analysis>

<play-id>515608</play-id>
<aplayer-id>15937</aplayer-id>
<arate-id>6</arate-id>
<atype-id>26</atype-id>
<hplayer-id>6602</hplayer-id>
<hrate-id>4</hrate-id>
<htype-id>26</htype-id>
<Comment>I&gt;2L</Comment>
</TB_analysis>
<TB_analysis>

<play-id>515610</play-id>
<aplayer-id>15891</aplayer-id>
<arate-id>5</arate-id>
<atype-id>26</atype-id>
<hplayer-id>6591</hplayer-id>
<hrate-id>5</hrate-id>
<htype-id>26</htype-id>
<Comment>CR&gt;DT</Comment>
</TB_analysis>
<TB_analysis>

<play-id>515610</play-id>
<aplayer-id>15961</aplayer-id>
<arate-id>6</arate-id>
<atype-id>26</atype-id>
<hplayer-id>6587</hplayer-id>
<hrate-id>4</hrate-id>
<htype-id>26</htype-id>
<Comment>B&gt;I&gt;DT</Comment>
</TB_analysis>
<TB_analysis>

<play-id>515610</play-id>
<aplayer-id>15961</aplayer-id>
<arate-id>5</arate-id>
<atype-id>26</atype-id>
<hplayer-id>6599</hplayer-id>
<hrate-id>4</hrate-id>
<htype-id>26</htype-id>
<Comment>B&gt;I&gt;DT</Comment>
</TB_analysis>
<TB_analysis>

<play-id>515610</play-id>
<atype-id>26</atype-id>
<hplayer-id>25633</hplayer-id>
<hrate-id>4</hrate-id>
<htype-id>26</htype-id>
<Comment>GC&gt;YDC&gt;1D</Comment>
</TB_analysis>
<TB_analysis>

<play-id>515611</play-id>
<aplayer-id>15923</aplayer-id>
<arate-id>4</arate-id>
<atype-id>26</atype-id>
<htype-id>26</htype-id>
<Comment>U&gt;TFSG</Comment>
</TB_analysis>
<TB_analysis>

<play-id>515611</play-id>
<aplayer-id>15941</aplayer-id>
<arate-id>5</arate-id>
<atype-id>26</atype-id>
<hplayer-id>6609</hplayer-id>
<hrate-id>5</hrate-id>
<htype-id>26</htype-id>
<Comment>I&gt;DT</Comment>
</TB_analysis>
<TB_analysis>

<play-id>515612</play-id>
<aplayer-id>15941</aplayer-id>
<arate-id>4</arate-id>
<atype-id>26</atype-id>
<hplayer-id>6606</hplayer-id>
<hrate-id>6</hrate-id>
<htype-id>26</htype-id>
<Comment>I&gt;TFSG</Comment>
</TB_analysis>
<TB_analysis>

<play-id>515612</play-id>
<aplayer-id>22503</aplayer-id>
<arate-id>4</arate-id>
<atype-id>26</atype-id>
<hplayer-id>6587</hplayer-id>
<hrate-id>6</hrate-id>
<htype-id>26</htype-id>
<Comment>O&gt;PBL&gt;TFSG</Comment>
</TB_analysis>
<TB_analysis>

<play-id>515612</play-id>
<aplayer-id>15918</aplayer-id>
<arate-id>6</arate-id>
<atype-id>26</atype-id>
<hplayer-id>6608</hplayer-id>
<hrate-id>4</hrate-id>
<htype-id>26</htype-id>
<Comment>I&gt;2L</Comment>
</TB_analysis>
<TB_analysis>

<play-id>515613</play-id>
<aplayer-id>15923</aplayer-id>
<arate-id>6</arate-id>
<atype-id>26</atype-id>
<hplayer-id>6579</hplayer-id>
<hrate-id>4</hrate-id>
<htype-id>26</htype-id>
<Comment>XR&gt;1D</Comment>
</TB_analysis>
<TB_analysis>

<play-id>515614</play-id>
<aplayer-id>15937</aplayer-id>
<arate-id>4</arate-id>
<atype-id>26</atype-id>
<hrate-id>7</hrate-id>
<htype-id>26</htype-id>
<Comment>U&gt;BOL</Comment>
</TB_analysis>
<TB_analysis>

<play-id>515614</play-id>
<aplayer-id>15951</aplayer-id>
<arate-id>4</arate-id>
<atype-id>26</atype-id>
<hplayer-id>6591</hplayer-id>
<hrate-id>6</hrate-id>
<htype-id>26</htype-id>
<Comment>CL&gt;SQ</Comment>
</TB_analysis>
<TB_analysis>

<play-id>515614</play-id>
<aplayer-id>15944</aplayer-id>
<arate-id>6</arate-id>
<atype-id>26</atype-id>
<hplayer-id>6609</hplayer-id>
<hrate-id>4</hrate-id>
<htype-id>26</htype-id>
<Comment>O</Comment>
</TB_analysis>
<TB_analysis>

<play-id>515614</play-id>
<aplayer-id>15918</aplayer-id>
<arate-id>6</arate-id>
<atype-id>26</atype-id>
<hplayer-id>6599</hplayer-id>
<hrate-id>4</hrate-id>
<htype-id>26</htype-id>
<Comment>I&gt;2L</Comment>
</TB_analysis>
<TB_analysis>

<play-id>515615</play-id>
<aplayer-id>15937</aplayer-id>
<arate-id>6</arate-id>
<atype-id>26</atype-id>
<hplayer-id>6598</hplayer-id>
<hrate-id>4</hrate-id>
<htype-id>26</htype-id>
<Comment>O&gt;NOP</Comment>
</TB_analysis>
<TB_analysis>

<play-id>515615</play-id>
<aplayer-id>15953</aplayer-id>
<arate-id>7</arate-id>
<atype-id>26</atype-id>
<hplayer-id>25633</hplayer-id>
<hrate-id>4</hrate-id>
<htype-id>26</htype-id>
<Comment>GB&gt;MT&gt;NOP</Comment>
</TB_analysis>
<TB_analysis>

<play-id>515615</play-id>
<aplayer-id>15891</aplayer-id>
<arate-id>5</arate-id>
<atype-id>26</atype-id>
<hplayer-id>6591</hplayer-id>
<hrate-id>7</hrate-id>
<htype-id>26</htype-id>
<Comment>CL&gt;PEN(OH)</Comment>
</TB_analysis>
<TB_analysis>

<play-id>515615</play-id>
<aplayer-id>15891</aplayer-id>
<arate-id>5</arate-id>
<atype-id>40</atype-id>
<hplayer-id>6591</hplayer-id>
<hrate-id>5</hrate-id>
<htype-id>11</htype-id>
<Comment>PEN(OH)</Comment>
</TB_analysis>
<TB_analysis>

<play-id>515616</play-id>
<aplayer-id>15937</aplayer-id>
<arate-id>7</arate-id>
<atype-id>26</atype-id>
<hplayer-id>6589</hplayer-id>
<hrate-id>3</hrate-id>
<htype-id>26</htype-id>
<Comment>B&gt;BTG</Comment>
</TB_analysis>
<TB_analysis>

<play-id>515616</play-id>
<aplayer-id>15945</aplayer-id>
<arate-id>4</arate-id>
<atype-id>26</atype-id>
<hplayer-id>6599</hplayer-id>
<hrate-id>5</hrate-id>
<htype-id>26</htype-id>
<Comment>I&gt;PBR&gt;CU&gt;TFSG</Comment>
</TB_analysis>
<TB_analysis>

<play-id>515616</play-id>
<aplayer-id>15891</aplayer-id>
<arate-id>4</arate-id>
<atype-id>26</atype-id>
<hplayer-id>6598</hplayer-id>
<hrate-id>5</hrate-id>
<htype-id>26</htype-id>
<Comment>O&gt;Picked&gt;TFSG</Comment>
</TB_analysis>
<TB_analysis>

<play-id>515617</play-id>
<aplayer-id>15918</aplayer-id>
<arate-id>4</arate-id>
<atype-id>26</atype-id>
<hplayer-id>6598</hplayer-id>
<hrate-id>6</hrate-id>
<htype-id>19</htype-id>
<Comment>O&gt;TFL&gt;TSo3</Comment>
</TB_analysis>
<TB_analysis>

<play-id>515618</play-id>
<atype-id>26</atype-id>
<hplayer-id>6635</hplayer-id>
<hrate-id>4</hrate-id>
<htype-id>7</htype-id>
</TB_analysis>
<TB_analysis>

<play-id>515618</play-id>
<atype-id>26</atype-id>
<hplayer-id>6662</hplayer-id>
<htype-id>26</htype-id>
<Comment>C2&gt;BH</Comment>
</TB_analysis>
<TB_analysis>

<play-id>515618</play-id>
<aplayer-id>15925</aplayer-id>
<arate-id>8</arate-id>
<atype-id>26</atype-id>
<htype-id>26</htype-id>
<Comment>PR&gt;Muffed</Comment>
</TB_analysis>
<TB_analysis>

<play-id>515619</play-id>
<aplayer-id>15922</aplayer-id>
<arate-id>6</arate-id>
<atype-id>26</atype-id>
<hplayer-id>6598</hplayer-id>
<hrate-id>4</hrate-id>
<htype-id>26</htype-id>
<Comment>O&gt;2L</Comment>
</TB_analysis>
<TB_analysis>

<play-id>515619</play-id>
<aplayer-id>15938</aplayer-id>
<arate-id>5</arate-id>
<atype-id>26</atype-id>
<hplayer-id>28774</hplayer-id>
<hrate-id>5</hrate-id>
<htype-id>26</htype-id>
<Comment>I</Comment>
</TB_analysis>
<TB_analysis>

<play-id>515620</play-id>
<aplayer-id>15891</aplayer-id>
<arate-id>3</arate-id>
<atype-id>26</atype-id>
<hplayer-id>6591</hplayer-id>
<hrate-id>6</hrate-id>
<htype-id>26</htype-id>
<Comment>SU at POA&gt;CR&gt;TFSG</Comment>
</TB_analysis>
<TB_analysis>

<play-id>515620</play-id>
<aplayer-id>15926</aplayer-id>
<arate-id>6</arate-id>
<atype-id>26</atype-id>
<hplayer-id>6599</hplayer-id>
<hrate-id>4</hrate-id>
<htype-id>26</htype-id>
<Comment>I&gt;2L</Comment>
</TB_analysis>
<TB_analysis>

<play-id>515620</play-id>
<aplayer-id>15922</aplayer-id>
<arate-id>6</arate-id>
<atype-id>26</atype-id>
<hplayer-id>6598</hplayer-id>
<hrate-id>4</hrate-id>
<htype-id>26</htype-id>
<Comment>O&gt;2L</Comment>
</TB_analysis>
<TB_analysis>

<play-id>515621</play-id>
<aplayer-id>15941</aplayer-id>
<arate-id>6</arate-id>
<atype-id>26</atype-id>
<hplayer-id>6587</hplayer-id>
<hrate-id>4</hrate-id>
<htype-id>26</htype-id>
<Comment>I</Comment>
</TB_analysis>
<TB_analysis>

<play-id>515621</play-id>
<aplayer-id>15918</aplayer-id>
<arate-id>7</arate-id>
<atype-id>8</atype-id>
<hplayer-id>6591</hplayer-id>
<hrate-id>5</hrate-id>
<htype-id>26</htype-id>
<Comment>CL&gt;2L&gt;MT</Comment>
</TB_analysis>
<TB_analysis>

<play-id>515621</play-id>
<aplayer-id>22503</aplayer-id>
<arate-id>6</arate-id>
<atype-id>8</atype-id>
<hplayer-id>25633</hplayer-id>
<hrate-id>4</hrate-id>
<htype-id>26</htype-id>
<Comment>GC&gt;MT10&gt;MT32&gt;YDC&gt;1D</Comment>
</TB_analysis>
<TB_analysis>

<play-id>515622</play-id>
<atype-id>26</atype-id>
<hplayer-id>6599</hplayer-id>
<hrate-id>5</hrate-id>
<htype-id>11</htype-id>
<Comment>PEN(FST)&gt;MC with snap count</Comment>
</TB_analysis>
<TB_analysis>

<play-id>515623</play-id>
<aplayer-id>15957</aplayer-id>
<arate-id>4</arate-id>
<atype-id>26</atype-id>
<htype-id>26</htype-id>
<Comment>U&gt;TFL</Comment>
</TB_analysis>
<TB_analysis>

<play-id>515623</play-id>
<aplayer-id>15951</aplayer-id>
<arate-id>5</arate-id>
<atype-id>26</atype-id>
<hplayer-id>6591</hplayer-id>
<hrate-id>5</hrate-id>
<htype-id>26</htype-id>
<Comment>CL&gt;DT&gt;Keeps C from blocking CR</Comment>
</TB_analysis>
<TB_analysis>

<play-id>515623</play-id>
<aplayer-id>15941</aplayer-id>
<arate-id>6</arate-id>
<atype-id>26</atype-id>
<hplayer-id>6602</hplayer-id>
<hrate-id>4</hrate-id>
<htype-id>26</htype-id>
<Comment>I</Comment>
</TB_analysis>
<TB_analysis>

<play-id>515623</play-id>
<aplayer-id>15918</aplayer-id>
<arate-id>4</arate-id>
<atype-id>26</atype-id>
<hplayer-id>6608</hplayer-id>
<hrate-id>6</hrate-id>
<htype-id>26</htype-id>
<Comment>I&gt;SQ</Comment>
</TB_analysis>
<TB_analysis>

<play-id>515624</play-id>
<aplayer-id>3589</aplayer-id>
<arate-id>4</arate-id>
<atype-id>42</atype-id>
<hplayer-id>6602</hplayer-id>
<hrate-id>6</hrate-id>
<htype-id>42</htype-id>
<Comment>O</Comment>
</TB_analysis>
<TB_analysis>

<play-id>515624</play-id>
<aplayer-id>22089</aplayer-id>
<arate-id>6</arate-id>
<atype-id>26</atype-id>
<hplayer-id>6604</hplayer-id>
<hrate-id>6</hrate-id>
<htype-id>26</htype-id>
<Comment>XR&gt;IF</Comment>
</TB_analysis>
<TB_analysis>

<play-id>515625</play-id>
<aplayer-id>3589</aplayer-id>
<arate-id>4</arate-id>
<atype-id>44</atype-id>
<hplayer-id>6604</hplayer-id>
<hrate-id>5</hrate-id>
<htype-id>26</htype-id>
<Comment>3R&gt;CC&gt;OT</Comment>
</TB_analysis>
<TB_analysis>

<play-id>515626</play-id>
<atype-id>26</atype-id>
<hplayer-id>6669</hplayer-id>
<hrate-id>5</hrate-id>
<htype-id>26</htype-id>
<Comment>27&gt;LHM&gt;M</Comment>
</TB_analysis>
<TB_analysis>

<play-id>515627</play-id>
<atype-id>26</atype-id>
<hplayer-id>6663</hplayer-id>
<hrate-id>6</hrate-id>
<htype-id>26</htype-id>
<Comment>KO&gt;BD</Comment>
</TB_analysis>
<TB_analysis>

<play-id>515627</play-id>
<atype-id>26</atype-id>
<hplayer-id>6607</hplayer-id>
<hrate-id>4</hrate-id>
<htype-id>26</htype-id>
<Comment>KR&gt;T</Comment>
</TB_analysis>
<TB_analysis>

<play-id>515627</play-id>
<atype-id>26</atype-id>
<hplayer-id>6631</hplayer-id>
<hrate-id>4</hrate-id>
<htype-id>26</htype-id>
<Comment>KR&gt;T</Comment>
</TB_analysis>
<TB_analysis>

<play-id>515628</play-id>
<atype-id>26</atype-id>
<hplayer-id>6651</hplayer-id>
<hrate-id>5</hrate-id>
<htype-id>38</htype-id>
<Comment>LOC on RL</Comment>
</TB_analysis>
<TB_analysis>

<play-id>515629</play-id>
<aplayer-id>15902</aplayer-id>
<arate-id>4</arate-id>
<atype-id>26</atype-id>
<hplayer-id>6649</hplayer-id>
<hrate-id>6</hrate-id>
<htype-id>26</htype-id>
<Comment>I</Comment>
</TB_analysis>
<TB_analysis>

<play-id>515629</play-id>
<atype-id>26</atype-id>
<hplayer-id>26202</hplayer-id>
<hrate-id>4</hrate-id>
<htype-id>26</htype-id>
<Comment>U&gt;TFNG</Comment>
</TB_analysis>
<TB_analysis>

<play-id>515629</play-id>
<aplayer-id>15896</aplayer-id>
<arate-id>7</arate-id>
<atype-id>26</atype-id>
<hplayer-id>6658</hplayer-id>
<hrate-id>3</hrate-id>
<htype-id>26</htype-id>
<Comment>O&gt;SQ&gt;TFNG</Comment>
</TB_analysis>
<TB_analysis>

<play-id>515630</play-id>
<aplayer-id>15878</aplayer-id>
<arate-id>4</arate-id>
<atype-id>26</atype-id>
<hplayer-id>6628</hplayer-id>
<hrate-id>7</hrate-id>
<htype-id>8</htype-id>
<Comment>H2&gt;SP&gt;MT&gt;1D</Comment>
</TB_analysis>
<TB_analysis>

<play-id>515631</play-id>
<atype-id>26</atype-id>
<hplayer-id>6651</hplayer-id>
<hrate-id>4</hrate-id>
<htype-id>26</htype-id>
<Comment>U&gt;TFSG</Comment>
</TB_analysis>
<TB_analysis>

<play-id>515631</play-id>
<aplayer-id>15896</aplayer-id>
<arate-id>6</arate-id>
<atype-id>26</atype-id>
<hplayer-id>26202</hplayer-id>
<hrate-id>4</hrate-id>
<htype-id>26</htype-id>
<Comment>O&gt;T&gt;TFSG</Comment>
</TB_analysis>
<TB_analysis>

<play-id>515632</play-id>
<aplayer-id>15892</aplayer-id>
<arate-id>5</arate-id>
<atype-id>26</atype-id>
<hplayer-id>6658</hplayer-id>
<hrate-id>4</hrate-id>
<htype-id>26</htype-id>
<Comment>O&gt;TFL</Comment>
</TB_analysis>
<TB_analysis>

<play-id>515632</play-id>
<aplayer-id>15905</aplayer-id>
<arate-id>6</arate-id>
<atype-id>26</atype-id>
<hplayer-id>6640</hplayer-id>
<hrate-id>4</hrate-id>
<htype-id>26</htype-id>
<Comment>SU at LOS</Comment>
</TB_analysis>
<TB_analysis>

<play-id>515632</play-id>
<aplayer-id>15903</aplayer-id>
<arate-id>6</arate-id>
<atype-id>26</atype-id>
<hplayer-id>6649</hplayer-id>
<hrate-id>4</hrate-id>
<htype-id>26</htype-id>
<Comment>SU at pOA</Comment>
</TB_analysis>
<TB_analysis>

<play-id>515633</play-id>
<atype-id>26</atype-id>
<hplayer-id>6628</hplayer-id>
<hrate-id>5</hrate-id>
<htype-id>3</htype-id>
<Comment>U&gt;L.E.D</Comment>
</TB_analysis>
<TB_analysis>

<play-id>515633</play-id>
<aplayer-id>23176</aplayer-id>
<arate-id>4</arate-id>
<atype-id>26</atype-id>
<hplayer-id>24043</hplayer-id>
<hrate-id>7</hrate-id>
<htype-id>8</htype-id>
<Comment>6R&gt;MT</Comment>
</TB_analysis>
<TB_analysis>

<play-id>515633</play-id>
<aplayer-id>23176</aplayer-id>
<arate-id>5</arate-id>
<atype-id>26</atype-id>
<hplayer-id>26202</hplayer-id>
<hrate-id>4</hrate-id>
<htype-id>26</htype-id>
<Comment>6R&gt;TSo3</Comment>
</TB_analysis>
<TB_analysis>

<play-id>515634</play-id>
<atype-id>26</atype-id>
<hplayer-id>6607</hplayer-id>
<hrate-id>6</hrate-id>
<htype-id>26</htype-id>
<Comment>PR&gt;FC with lots of room</Comment>
</TB_analysis>
<TB_analysis>

<play-id>515635</play-id>
<aplayer-id>28286</aplayer-id>
<arate-id>6</arate-id>
<atype-id>26</atype-id>
<hplayer-id>6589</hplayer-id>
<hrate-id>4</hrate-id>
<htype-id>26</htype-id>
<Comment>I&gt;DT</Comment>
</TB_analysis>
<TB_analysis>

<play-id>515635</play-id>
<aplayer-id>15947</aplayer-id>
<arate-id>4</arate-id>
<atype-id>26</atype-id>
<hplayer-id>6576</hplayer-id>
<hrate-id>7</hrate-id>
<htype-id>26</htype-id>
<Comment>SU at POA</Comment>
</TB_analysis>
<TB_analysis>

<play-id>515635</play-id>
<aplayer-id>15942</aplayer-id>
<arate-id>4</arate-id>
<atype-id>26</atype-id>
<htype-id>26</htype-id>
<Comment>U&gt;TFSG</Comment>
</TB_analysis>
<TB_analysis>

<play-id>515636</play-id>
<aplayer-id>26590</aplayer-id>
<arate-id>4</arate-id>
<atype-id>26</atype-id>
<htype-id>26</htype-id>
<Comment>U&gt;TFL</Comment>
</TB_analysis>
<TB_analysis>

<play-id>515636</play-id>
<aplayer-id>15935</aplayer-id>
<arate-id>4</arate-id>
<atype-id>26</atype-id>
<hplayer-id>6589</hplayer-id>
<hrate-id>6</hrate-id>
<htype-id>26</htype-id>
<Comment>O&gt;TFL</Comment>
</TB_analysis>
<TB_analysis>

<play-id>515636</play-id>
<aplayer-id>15956</aplayer-id>
<arate-id>5</arate-id>
<atype-id>26</atype-id>
<hplayer-id>28885</hplayer-id>
<hrate-id>5</hrate-id>
<htype-id>26</htype-id>
<Comment>I&gt;DT</Comment>
</TB_analysis>
<TB_analysis>

<play-id>515637</play-id>
<aplayer-id>26590</aplayer-id>
<arate-id>3</arate-id>
<atype-id>26</atype-id>
<hplayer-id>6588</hplayer-id>
<hrate-id>7</hrate-id>
<htype-id>26</htype-id>
<Comment>I&gt;TFSG</Comment>
</TB_analysis>
<TB_analysis>

<play-id>515637</play-id>
<aplayer-id>28286</aplayer-id>
<arate-id>6</arate-id>
<atype-id>26</atype-id>
<hplayer-id>6589</hplayer-id>
<hrate-id>4</hrate-id>
<htype-id>26</htype-id>
<Comment>I&gt;DT</Comment>
</TB_analysis>
<TB_analysis>

<play-id>515637</play-id>
<aplayer-id>15947</aplayer-id>
<arate-id>4</arate-id>
<atype-id>26</atype-id>
<hplayer-id>6576</hplayer-id>
<hrate-id>6</hrate-id>
<htype-id>26</htype-id>
<Comment>SU at POA</Comment>
</TB_analysis>
</dataroot>
