<?xml version="1.0" encoding="UTF-8"?>
<dataroot xmlns:od="urn:schemas-microsoft-com:officedata" generated="2015-09-07T16:12:16">
<TB_players>
<id>3589</id>
<lastname>Trammell</lastname>
<firstname>Trent</firstname>
<height>511</height>
<weight>185</weight>
<year>2016</year>
<team-id>330</team-id>
<college-id>439</college-id>
<retired>0</retired>
</TB_players>
<TB_players>
<id>6559</id>
<lastname>Cornelius</lastname>
<firstname>Jared</firstname>
<height>601</height>
<weight>200</weight>
<year>2018</year>
<team-id>111</team-id>
<college-id>65</college-id>
<retired>0</retired>
</TB_players>
<TB_players>
<id>6560</id>
<lastname>Allen</lastname>
<firstname>Brandon</firstname>
<height>603</height>
<weight>212</weight>
<year>2016</year>
<team-id>111</team-id>
<college-id>460</college-id>
<retired>0</retired>
</TB_players>
<TB_players>
<id>6562</id>
<lastname>Thurman (Off.)</lastname>
<firstname>Scotty</firstname>
<height>511</height>
<weight>195</weight>
<year>2017</year>
<team-id>111</team-id>
<college-id>483</college-id>
<retired>0</retired>
</TB_players>
<TB_players>
<id>6563</id>
<lastname>Hawkins</lastname>
<firstname>Eric</firstname>
<height>600</height>
<weight>180</weight>
<year>2017</year>
<team-id>111</team-id>
<college-id>82</college-id>
<retired>0</retired>
</TB_players>
<TB_players>
<id>6564</id>
<lastname>Antwine</lastname>
<firstname>Anthony</firstname>
<height>604</height>
<weight>211</weight>
<year>2018</year>
<team-id>111</team-id>
<college-id>60</college-id>
<retired>0</retired>
</TB_players>
<TB_players>
<id>6565</id>
<lastname>Allison</lastname>
<firstname>Troy</firstname>
<height>602</height>
<weight>180</weight>
<year>2018</year>
<team-id>111</team-id>
<college-id>476</college-id>
<retired>0</retired>
</TB_players>
<TB_players>
<id>6566</id>
<lastname>Robinson</lastname>
<firstname>Jojo</firstname>
<height>600</height>
<weight>185</weight>
<year>2018</year>
<team-id>111</team-id>
<college-id>172</college-id>
<retired>0</retired>
</TB_players>
<TB_players>
<id>6567</id>
<lastname>Colbert</lastname>
<firstname>Cameron</firstname>
<height>602</height>
<weight>190</weight>
<year>2018</year>
<team-id>111</team-id>
<college-id>471</college-id>
<retired>0</retired>
</TB_players>
<TB_players>
<id>6569</id>
<lastname>Walker</lastname>
<firstname>Kody</firstname>
<height>602</height>
<weight>247</weight>
<year>2016</year>
<team-id>111</team-id>
<college-id>466</college-id>
<retired>0</retired>
</TB_players>
<TB_players>
<id>6570</id>
<lastname>Evans</lastname>
<firstname>Denzell</firstname>
<height>600</height>
<weight>222</weight>
<year>2018</year>
<team-id>111</team-id>
<college-id>24</college-id>
<retired>0</retired>
</TB_players>
<TB_players>
<id>6571</id>
<lastname>Saunders</lastname>
<firstname>Chris</firstname>
<height>511</height>
<weight>190</weight>
<year>2017</year>
<team-id>111</team-id>
<college-id>19</college-id>
<retired>0</retired>
</TB_players>
<TB_players>
<id>6572</id>
<lastname>Collins</lastname>
<firstname>Alex</firstname>
<height>511</height>
<weight>215</weight>
<year>2017</year>
<team-id>111</team-id>
<college-id>199</college-id>
<retired>0</retired>
</TB_players>
<TB_players>
<id>6573</id>
<lastname>McPherson</lastname>
<firstname>Connor</firstname>
<height>507</height>
<weight>210</weight>
<year>2018</year>
<team-id>111</team-id>
<college-id>489</college-id>
<retired>0</retired>
</TB_players>
<TB_players>
<id>6574</id>
<lastname>Williams</lastname>
<firstname>Jonathan</firstname>
<height>600</height>
<weight>225</weight>
<year>2016</year>
<team-id>111</team-id>
<college-id>30</college-id>
<retired>0</retired>
</TB_players>
<TB_players>
<id>6576</id>
<lastname>Kraus</lastname>
<firstname>Jack</firstname>
<height>605</height>
<weight>260</weight>
<year>2018</year>
<team-id>111</team-id>
<college-id>450</college-id>
<retired>0</retired>
</TB_players>
<TB_players>
<id>6578</id>
<lastname>Day</lastname>
<firstname>Juan</firstname>
<height>602</height>
<weight>210</weight>
<year>2018</year>
<team-id>111</team-id>
<college-id>479</college-id>
<retired>0</retired>
</TB_players>
<TB_players>
<id>6579</id>
<lastname>Hatcher</lastname>
<firstname>Keon</firstname>
<height>602</height>
<weight>210</weight>
<year>2016</year>
<team-id>111</team-id>
<college-id>482</college-id>
<retired>0</retired>
</TB_players>
<TB_players>
<id>6581</id>
<lastname>Jones</lastname>
<firstname>Chris</firstname>
<height>511</height>
<weight>245</weight>
<year>2018</year>
<team-id>111</team-id>
<college-id>455</college-id>
<retired>0</retired>
</TB_players>
<TB_players>
<id>6582</id>
<lastname>Colquitt</lastname>
<firstname>Tyler</firstname>
<height>511</height>
<weight>245</weight>
<year>2018</year>
<team-id>111</team-id>
<college-id>471</college-id>
<retired>0</retired>
</TB_players>
<TB_players>
<id>6583</id>
<lastname>Voelzke</lastname>
<firstname>Alex</firstname>
<height>606</height>
<weight>260</weight>
<year>2016</year>
<team-id>111</team-id>
<college-id>82</college-id>
<retired>0</retired>
</TB_players>
<TB_players>
<id>6586</id>
<lastname>Koehler</lastname>
<firstname>Reeve</firstname>
<height>604</height>
<weight>331</weight>
<year>2018</year>
<team-id>111</team-id>
<college-id>468</college-id>
<retired>0</retired>
</TB_players>
<TB_players>
<id>6587</id>
<lastname>Kirkland</lastname>
<firstname>Denver</firstname>
<height>605</height>
<weight>330</weight>
<year>2017</year>
<team-id>111</team-id>
<college-id>172</college-id>
<retired>0</retired>
</TB_players>
<TB_players>
<id>6588</id>
<lastname>Danenhauer</lastname>
<firstname>Marcus</firstname>
<height>605</height>
<weight>315</weight>
<year>2016</year>
<team-id>111</team-id>
<college-id>450</college-id>
<retired>0</retired>
</TB_players>
<TB_players>
<id>6589</id>
<lastname>Wallace</lastname>
<firstname>Brian</firstname>
<height>606</height>
<weight>315</weight>
<year>2018</year>
<team-id>111</team-id>
<college-id>461</college-id>
<retired>0</retired>
</TB_players>
<TB_players>
<id>6590</id>
<lastname>Gibson</lastname>
<firstname>Johnny</firstname>
<height>605</height>
<weight>315</weight>
<year>2018</year>
<team-id>111</team-id>
<college-id>457</college-id>
<retired>0</retired>
</TB_players>
<TB_players>
<id>6591</id>
<lastname>Smothers</lastname>
<firstname>Mitch</firstname>
<height>604</height>
<weight>320</weight>
<year>2016</year>
<team-id>111</team-id>
<college-id>488</college-id>
<retired>0</retired>
</TB_players>
<TB_players>
<id>6594</id>
<lastname>Beck</lastname>
<firstname>Austin</firstname>
<height>607</height>
<weight>305</weight>
<year>2016</year>
<team-id>111</team-id>
<college-id>480</college-id>
<retired>0</retired>
</TB_players>
<TB_players>
<id>6595</id>
<lastname>Mitchell</lastname>
<firstname>Damon</firstname>
<height>602</height>
<weight>212</weight>
<year>2018</year>
<team-id>111</team-id>
<college-id>458</college-id>
<retired>0</retired>
</TB_players>
<TB_players>
<id>6597</id>
<lastname>Hannah</lastname>
<firstname>Jackson</firstname>
<height>602</height>
<weight>301</weight>
<year>2018</year>
<team-id>111</team-id>
<college-id>450</college-id>
<retired>0</retired>
</TB_players>
<TB_players>
<id>6598</id>
<lastname>Ragnow</lastname>
<firstname>Frank</firstname>
<height>606</height>
<weight>292</weight>
<year>2018</year>
<team-id>111</team-id>
<college-id>452</college-id>
<retired>0</retired>
</TB_players>
<TB_players>
<id>6599</id>
<lastname>Tretola</lastname>
<firstname>Sebastian</firstname>
<height>605</height>
<weight>315</weight>
<year>2016</year>
<team-id>111</team-id>
<college-id>87</college-id>
<retired>0</retired>
</TB_players>
<TB_players>
<id>6602</id>
<lastname>Skipper</lastname>
<firstname>Dan</firstname>
<height>610</height>
<weight>316</weight>
<year>2017</year>
<team-id>111</team-id>
<college-id>446</college-id>
<retired>0</retired>
</TB_players>
<TB_players>
<id>6604</id>
<lastname>Allen</lastname>
<firstname>Austin</firstname>
<height>601</height>
<weight>212</weight>
<year>2018</year>
<team-id>111</team-id>
<college-id>460</college-id>
<retired>0</retired>
</TB_players>
<TB_players>
<id>6605</id>
<lastname>Morgan</lastname>
<firstname>Drew</firstname>
<height>600</height>
<weight>194</weight>
<year>2017</year>
<team-id>111</team-id>
<college-id>464</college-id>
<retired>0</retired>
</TB_players>
<TB_players>
<id>6606</id>
<lastname>Hollister</lastname>
<firstname>Cody</firstname>
<height>604</height>
<weight>208</weight>
<year>2017</year>
<team-id>111</team-id>
<college-id>448</college-id>
<retired>0</retired>
</TB_players>
<TB_players>
<id>6607</id>
<lastname>Rossi</lastname>
<firstname>Luke</firstname>
<height>511</height>
<weight>186</weight>
<year>2018</year>
<team-id>111</team-id>
<college-id>136</college-id>
<retired>0</retired>
</TB_players>
<TB_players>
<id>6608</id>
<lastname>Sprinkle</lastname>
<firstname>Jeremy</firstname>
<height>606</height>
<weight>241</weight>
<year>2017</year>
<team-id>111</team-id>
<college-id>492</college-id>
<retired>0</retired>
</TB_players>
<TB_players>
<id>6609</id>
<lastname>Henry</lastname>
<firstname>Hunter</firstname>
<height>606</height>
<weight>255</weight>
<year>2017</year>
<team-id>111</team-id>
<college-id>471</college-id>
<retired>0</retired>
</TB_players>
<TB_players>
<id>6611</id>
<lastname>Edwards</lastname>
<firstname>Kendrick</firstname>
<height>606</height>
<weight>205</weight>
<year>2018</year>
<team-id>111</team-id>
<college-id>172</college-id>
<retired>0</retired>
</TB_players>
<TB_players>
<id>6612</id>
<lastname>Peavey</lastname>
<firstname>Rafe</firstname>
<height>602</height>
<weight>202</weight>
<year>2018</year>
<team-id>111</team-id>
<college-id>451</college-id>
<retired>0</retired>
</TB_players>
<TB_players>
<id>6614</id>
<lastname>McKinney</lastname>
<firstname>Davyon</firstname>
<height>603</height>
<weight>207</weight>
<year>2016</year>
<team-id>111</team-id>
<college-id>462</college-id>
<retired>0</retired>
</TB_players>
<TB_players>
<id>6615</id>
<lastname>Toliver</lastname>
<firstname>Henre&apos;</firstname>
<height>601</height>
<weight>192</weight>
<year>2018</year>
<team-id>111</team-id>
<college-id>474</college-id>
<retired>0</retired>
</TB_players>
<TB_players>
<id>6616</id>
<lastname>Floyd</lastname>
<firstname>Cornelius</firstname>
<height>601</height>
<weight>190</weight>
<year>2018</year>
<team-id>111</team-id>
<college-id>172</college-id>
<retired>0</retired>
</TB_players>
<TB_players>
<id>6617</id>
<lastname>Ramirez</lastname>
<firstname>Santos</firstname>
<height>601</height>
<weight>172</weight>
<year>2018</year>
<team-id>111</team-id>
<college-id>65</college-id>
<retired>0</retired>
</TB_players>
<TB_players>
<id>6618</id>
<lastname>Dean</lastname>
<firstname>DJ</firstname>
<height>510</height>
<weight>200</weight>
<year>2017</year>
<team-id>111</team-id>
<college-id>478</college-id>
<retired>0</retired>
</TB_players>
<TB_players>
<id>6622</id>
<lastname>Lucas</lastname>
<firstname>Ryder</firstname>
<height>601</height>
<weight>185</weight>
<year>2018</year>
<team-id>111</team-id>
<college-id>489</college-id>
<retired>0</retired>
</TB_players>
<TB_players>
<id>6623</id>
<lastname>Dodson</lastname>
<firstname>Matt</firstname>
<height>510</height>
<weight>211</weight>
<year>2018</year>
<team-id>111</team-id>
<college-id>28</college-id>
<retired>0</retired>
</TB_players>
<TB_players>
<id>6624</id>
<lastname>Gaines</lastname>
<firstname>Rohan</firstname>
<height>511</height>
<weight>200</weight>
<year>2016</year>
<team-id>111</team-id>
<college-id>447</college-id>
<retired>0</retired>
</TB_players>
<TB_players>
<id>6626</id>
<lastname>Liddell</lastname>
<firstname>Josh</firstname>
<height>601</height>
<weight>205</weight>
<year>2018</year>
<team-id>111</team-id>
<college-id>483</college-id>
<retired>0</retired>
</TB_players>
<TB_players>
<id>6627</id>
<lastname>Collins</lastname>
<firstname>Jared</firstname>
<height>600</height>
<weight>180</weight>
<year>2017</year>
<team-id>111</team-id>
<college-id>110</college-id>
<retired>0</retired>
</TB_players>
<TB_players>
<id>6628</id>
<lastname>Richardson II</lastname>
<firstname>Kevin</firstname>
<height>600</height>
<weight>161</weight>
<year>2018</year>
<team-id>111</team-id>
<college-id>282</college-id>
<retired>0</retired>
</TB_players>
<TB_players>
<id>6631</id>
<lastname>Eugene</lastname>
<firstname>Dwayne</firstname>
<height>601</height>
<weight>236</weight>
<year>2018</year>
<team-id>111</team-id>
<college-id>474</college-id>
<retired>0</retired>
</TB_players>
<TB_players>
<id>6633</id>
<lastname>Reynolds</lastname>
<firstname>Matt</firstname>
<height>601</height>
<weight>208</weight>
<year>2018</year>
<team-id>111</team-id>
<college-id>28</college-id>
<retired>0</retired>
</TB_players>
<TB_players>
<id>6634</id>
<lastname>Harris</lastname>
<firstname>Josh</firstname>
<height>511</height>
<weight>200</weight>
<year>2018</year>
<team-id>111</team-id>
<college-id>483</college-id>
<retired>0</retired>
</TB_players>
<TB_players>
<id>6635</id>
<lastname>Williams</lastname>
<firstname>Josh</firstname>
<height>602</height>
<weight>240</weight>
<year>2017</year>
<team-id>111</team-id>
<college-id>199</college-id>
<retired>0</retired>
</TB_players>
<TB_players>
<id>6636</id>
<lastname>Hackett</lastname>
<firstname>Khalia</firstname>
<height>603</height>
<weight>231</weight>
<year>2018</year>
<team-id>111</team-id>
<college-id>456</college-id>
<retired>0</retired>
</TB_players>
<TB_players>
<id>6639</id>
<lastname>Wise Jr.</lastname>
<firstname>Deatrich</firstname>
<height>606</height>
<weight>272</weight>
<year>2017</year>
<team-id>111</team-id>
<college-id>18</college-id>
<retired>0</retired>
</TB_players>
<TB_players>
<id>6640</id>
<lastname>Watts</lastname>
<firstname>Armon</firstname>
<height>605</height>
<weight>288</weight>
<year>2018</year>
<team-id>111</team-id>
<college-id>215</college-id>
<retired>0</retired>
</TB_players>
<TB_players>
<id>6641</id>
<lastname>Ellis</lastname>
<firstname>Brooks</firstname>
<height>602</height>
<weight>244</weight>
<year>2017</year>
<team-id>111</team-id>
<college-id>460</college-id>
<retired>0</retired>
</TB_players>
<TB_players>
<id>6643</id>
<lastname>Brown</lastname>
<firstname>Anthony</firstname>
<height>604</height>
<weight>221</weight>
<year>2018</year>
<team-id>111</team-id>
<college-id>172</college-id>
<retired>0</retired>
</TB_players>
<TB_players>
<id>6644</id>
<lastname>Thomas-Smith</lastname>
<firstname>Nicholas</firstname>
<height>510</height>
<weight>235</weight>
<year>2018</year>
<team-id>111</team-id>
<college-id>453</college-id>
<retired>0</retired>
</TB_players>
<TB_players>
<id>6645</id>
<lastname>Winston</lastname>
<firstname>Jamichael</firstname>
<height>605</height>
<weight>255</weight>
<year>2017</year>
<team-id>111</team-id>
<college-id>485</college-id>
<retired>0</retired>
</TB_players>
<TB_players>
<id>6646</id>
<lastname>Boyd</lastname>
<firstname>Cordale</firstname>
<height>603</height>
<weight>295</weight>
<year>2017</year>
<team-id>111</team-id>
<college-id>229</college-id>
<retired>0</retired>
</TB_players>
<TB_players>
<id>6649</id>
<lastname>Jackson</lastname>
<firstname>Bijhon</firstname>
<height>602</height>
<weight>334</weight>
<year>2018</year>
<team-id>111</team-id>
<college-id>459</college-id>
<retired>0</retired>
</TB_players>
<TB_players>
<id>6651</id>
<lastname>Loewen</lastname>
<firstname>Mitchell</firstname>
<height>604</height>
<weight>282</weight>
<year>2016</year>
<team-id>111</team-id>
<college-id>470</college-id>
<retired>0</retired>
</TB_players>
<TB_players>
<id>6653</id>
<lastname>Marks</lastname>
<firstname>Ke&apos;Tyrus</firstname>
<height>602</height>
<weight>303</weight>
<year>2018</year>
<team-id>111</team-id>
<college-id>491</college-id>
<retired>0</retired>
</TB_players>
<TB_players>
<id>6655</id>
<lastname>Hodge</lastname>
<firstname>Demarcus</firstname>
<height>601</height>
<weight>330</weight>
<year>2016</year>
<team-id>111</team-id>
<college-id>477</college-id>
<retired>0</retired>
</TB_players>
<TB_players>
<id>6656</id>
<lastname>Johnson</lastname>
<firstname>Taiwan</firstname>
<height>603</height>
<weight>255</weight>
<year>2017</year>
<team-id>111</team-id>
<college-id>63</college-id>
<retired>0</retired>
</TB_players>
<TB_players>
<id>6657</id>
<lastname>Hall</lastname>
<firstname>Jake</firstname>
<height>605</height>
<weight>250</weight>
<year>2018</year>
<team-id>111</team-id>
<college-id>488</college-id>
<retired>0</retired>
</TB_players>
<TB_players>
<id>6658</id>
<lastname>Roesler</lastname>
<firstname>Karl</firstname>
<height>603</height>
<weight>250</weight>
<year>2018</year>
<team-id>111</team-id>
<college-id>472</college-id>
<retired>0</retired>
</TB_players>
<TB_players>
<id>6659</id>
<lastname>Beanum</lastname>
<firstname>Tevin</firstname>
<height>605</height>
<weight>265</weight>
<year>2018</year>
<team-id>111</team-id>
<college-id>463</college-id>
<retired>0</retired>
</TB_players>
<TB_players>
<id>6660</id>
<lastname>Lewis</lastname>
<firstname>Brandon</firstname>
<height>605</height>
<weight>258</weight>
<year>2017</year>
<team-id>111</team-id>
<college-id>229</college-id>
<retired>0</retired>
</TB_players>
<TB_players>
<id>6661</id>
<lastname>Gorton</lastname>
<firstname>Drew</firstname>
<height>600</height>
<weight>200</weight>
<year>2016</year>
<team-id>111</team-id>
<college-id>460</college-id>
<retired>0</retired>
</TB_players>
<TB_players>
<id>6662</id>
<lastname>Baker</lastname>
<firstname>Toby</firstname>
<height>603</height>
<weight>199</weight>
<year>2017</year>
<team-id>111</team-id>
<college-id>229</college-id>
<retired>0</retired>
</TB_players>
<TB_players>
<id>6663</id>
<lastname>Saling</lastname>
<firstname>Lane</firstname>
<height>508</height>
<weight>152</weight>
<year>2018</year>
<team-id>111</team-id>
<college-id>482</college-id>
<retired>0</retired>
</TB_players>
<TB_players>
<id>6665</id>
<lastname>Mcfain</lastname>
<firstname>Adam</firstname>
<height>600</height>
<weight>180</weight>
<year>2017</year>
<team-id>111</team-id>
<college-id>464</college-id>
<retired>0</retired>
</TB_players>
<TB_players>
<id>6666</id>
<lastname>Emrich</lastname>
<firstname>Matt</firstname>
<height>603</height>
<weight>185</weight>
<year>2017</year>
<team-id>111</team-id>
<college-id>459</college-id>
<retired>0</retired>
</TB_players>
<TB_players>
<id>6669</id>
<lastname>Hedlund</lastname>
<firstname>Cole</firstname>
<height>510</height>
<weight>170</weight>
<year>2018</year>
<team-id>111</team-id>
<college-id>445</college-id>
<retired>0</retired>
</TB_players>
<TB_players>
<id>15866</id>
<lastname>Metz</lastname>
<firstname>Ryan</firstname>
<height>604</height>
<weight>205</weight>
<year>2018</year>
<team-id>330</team-id>
<college-id>9</college-id>
<retired>0</retired>
</TB_players>
<TB_players>
<id>15867</id>
<lastname>McEachern</lastname>
<firstname>Hunter</firstname>
<height>602</height>
<weight>200</weight>
<year>2018</year>
<team-id>330</team-id>
<college-id>25</college-id>
<retired>0</retired>
</TB_players>
<TB_players>
<id>15869</id>
<lastname>Laufasa</lastname>
<firstname>Jeremiah</firstname>
<height>600</height>
<weight>215</weight>
<year>2016</year>
<team-id>330</team-id>
<college-id>383</college-id>
<retired>0</retired>
</TB_players>
<TB_players>
<id>15870</id>
<lastname>Leftwich</lastname>
<firstname>Mack</firstname>
<height>510</height>
<weight>190</weight>
<year>2017</year>
<team-id>330</team-id>
<college-id>1819</college-id>
<retired>0</retired>
</TB_players>
<TB_players>
<id>15871</id>
<lastname>Simpson</lastname>
<firstname>Garrett</firstname>
<height>607</height>
<weight>250</weight>
<year>2017</year>
<team-id>330</team-id>
<college-id>574</college-id>
<retired>0</retired>
</TB_players>
<TB_players>
<id>15873</id>
<lastname>Siegrist</lastname>
<firstname>Noah</firstname>
<height>509</height>
<weight>185</weight>
<year>2018</year>
<team-id>330</team-id>
<college-id>5009</college-id>
<retired>0</retired>
</TB_players>
<TB_players>
<id>15877</id>
<lastname>Jones</lastname>
<firstname>Aaron</firstname>
<height>510</height>
<weight>185</weight>
<year>2017</year>
<team-id>330</team-id>
<college-id>9</college-id>
<retired>0</retired>
</TB_players>
<TB_players>
<id>15878</id>
<lastname>Laufasa</lastname>
<firstname>Darrin</firstname>
<height>601</height>
<weight>235</weight>
<year>2017</year>
<team-id>330</team-id>
<college-id>672</college-id>
<retired>0</retired>
</TB_players>
<TB_players>
<id>15879</id>
<lastname>Spiller</lastname>
<firstname>Sloan</firstname>
<height>600</height>
<weight>225</weight>
<year>2018</year>
<team-id>330</team-id>
<college-id>55</college-id>
<retired>0</retired>
</TB_players>
<TB_players>
<id>15884</id>
<lastname>Valdez</lastname>
<firstname>Josh</firstname>
<height>601</height>
<weight>275</weight>
<year>2018</year>
<team-id>330</team-id>
<college-id>9</college-id>
<retired>0</retired>
</TB_players>
<TB_players>
<id>15885</id>
<lastname>Jones</lastname>
<firstname>Chris</firstname>
<height>601</height>
<weight>300</weight>
<year>2018</year>
<team-id>330</team-id>
<college-id>3571</college-id>
<retired>0</retired>
</TB_players>
<TB_players>
<id>15887</id>
<lastname>Moss</lastname>
<firstname>Brandon</firstname>
<height>603</height>
<weight>190</weight>
<year>2017</year>
<team-id>330</team-id>
<college-id>9</college-id>
<retired>0</retired>
</TB_players>
<TB_players>
<id>15888</id>
<lastname>Lee</lastname>
<firstname>Eric</firstname>
<height>601</height>
<weight>295</weight>
<year>2016</year>
<team-id>330</team-id>
<college-id>284</college-id>
<retired>0</retired>
</TB_players>
<TB_players>
<id>15890</id>
<lastname>Gatewood</lastname>
<firstname>Derron</firstname>
<height>603</height>
<weight>295</weight>
<year>2018</year>
<team-id>330</team-id>
<college-id>944</college-id>
<retired>0</retired>
</TB_players>
<TB_players>
<id>15891</id>
<lastname>Harper</lastname>
<firstname>Christian</firstname>
<height>604</height>
<weight>285</weight>
<year>2017</year>
<team-id>330</team-id>
<college-id>23</college-id>
<retired>0</retired>
</TB_players>
<TB_players>
<id>15892</id>
<lastname>Kyles</lastname>
<firstname>Anthony</firstname>
<height>603</height>
<weight>300</weight>
<year>2016</year>
<team-id>330</team-id>
<college-id>51</college-id>
<retired>0</retired>
</TB_players>
<TB_players>
<id>15893</id>
<lastname>Silvas</lastname>
<firstname>Josh</firstname>
<height>604</height>
<weight>350</weight>
<year>2016</year>
<team-id>330</team-id>
<college-id>9</college-id>
<retired>0</retired>
</TB_players>
<TB_players>
<id>15895</id>
<lastname>Walker</lastname>
<firstname>Donovan</firstname>
<height>600</height>
<weight>175</weight>
<year>2018</year>
<team-id>330</team-id>
<college-id>1262</college-id>
<retired>0</retired>
</TB_players>
<TB_players>
<id>15896</id>
<lastname>Daniels</lastname>
<firstname>Jerome</firstname>
<height>603</height>
<weight>295</weight>
<year>2017</year>
<team-id>330</team-id>
<college-id>1401</college-id>
<retired>0</retired>
</TB_players>
<TB_players>
<id>15897</id>
<lastname>Ramirez</lastname>
<firstname>Erik</firstname>
<height>603</height>
<weight>285</weight>
<year>2018</year>
<team-id>330</team-id>
<college-id>9</college-id>
<retired>0</retired>
</TB_players>
<TB_players>
<id>15898</id>
<lastname>Brooks</lastname>
<firstname>Jerrod</firstname>
<height>605</height>
<weight>305</weight>
<year>2018</year>
<team-id>330</team-id>
<college-id>19</college-id>
<retired>0</retired>
</TB_players>
<TB_players>
<id>15899</id>
<lastname>Thummel</lastname>
<firstname>Chris</firstname>
<height>604</height>
<weight>280</weight>
<year>2018</year>
<team-id>330</team-id>
<college-id>9</college-id>
<retired>0</retired>
</TB_players>
<TB_players>
<id>15900</id>
<lastname>De La Rosa</lastname>
<firstname>John</firstname>
<height>606</height>
<weight>310</weight>
<year>2017</year>
<team-id>330</team-id>
<college-id>3995</college-id>
<retired>0</retired>
</TB_players>
<TB_players>
<id>15901</id>
<lastname>Elmendorff</lastname>
<firstname>Derek</firstname>
<height>603</height>
<weight>310</weight>
<year>2018</year>
<team-id>330</team-id>
<college-id>9</college-id>
<retired>0</retired>
</TB_players>
<TB_players>
<id>15902</id>
<lastname>Hernandez</lastname>
<firstname>Will</firstname>
<height>603</height>
<weight>320</weight>
<year>2018</year>
<team-id>330</team-id>
<college-id>101</college-id>
<retired>0</retired>
</TB_players>
<TB_players>
<id>15903</id>
<lastname>Thomas</lastname>
<firstname>Chris</firstname>
<height>604</height>
<weight>325</weight>
<year>2016</year>
<team-id>330</team-id>
<college-id>68</college-id>
<retired>0</retired>
</TB_players>
<TB_players>
<id>15905</id>
<lastname>Misaalefua</lastname>
<firstname>Christopher</firstname>
<height>605</height>
<weight>355</weight>
<year>2018</year>
<team-id>330</team-id>
<college-id>3604</college-id>
<retired>0</retired>
</TB_players>
<TB_players>
<id>15906</id>
<lastname>Golden</lastname>
<firstname>Autrey</firstname>
<height>511</height>
<weight>180</weight>
<year>2016</year>
<team-id>330</team-id>
<college-id>959</college-id>
<retired>0</retired>
</TB_players>
<TB_players>
<id>15908</id>
<lastname>Napier</lastname>
<firstname>Sterling</firstname>
<height>604</height>
<weight>245</weight>
<year>2018</year>
<team-id>330</team-id>
<college-id>3557</college-id>
<retired>0</retired>
</TB_players>
<TB_players>
<id>15910</id>
<lastname>Batson</lastname>
<firstname>Tyler</firstname>
<height>600</height>
<weight>195</weight>
<year>2018</year>
<team-id>330</team-id>
<college-id>84</college-id>
<retired>0</retired>
</TB_players>
<TB_players>
<id>15911</id>
<lastname>Freytag</lastname>
<firstname>Cole</firstname>
<height>603</height>
<weight>190</weight>
<year>2017</year>
<team-id>330</team-id>
<college-id>9</college-id>
<retired>0</retired>
</TB_players>
<TB_players>
<id>15912</id>
<lastname>Plinke</lastname>
<firstname>Hayden</firstname>
<height>604</height>
<weight>255</weight>
<year>2017</year>
<team-id>330</team-id>
<college-id>5008</college-id>
<retired>0</retired>
</TB_players>
<TB_players>
<id>15913</id>
<lastname>Siller</lastname>
<firstname>Daniel</firstname>
<height>601</height>
<weight>200</weight>
<year>2016</year>
<team-id>330</team-id>
<college-id>5010</college-id>
<retired>0</retired>
</TB_players>
<TB_players>
<id>15915</id>
<lastname>Rogers</lastname>
<firstname>Cole</firstname>
<height>604</height>
<weight>225</weight>
<year>2018</year>
<team-id>330</team-id>
<college-id>4514</college-id>
<retired>0</retired>
</TB_players>
<TB_players>
<id>15916</id>
<lastname>White</lastname>
<firstname>Jaquan</firstname>
<height>511</height>
<weight>190</weight>
<year>2017</year>
<team-id>330</team-id>
<college-id>19</college-id>
<retired>0</retired>
</TB_players>
<TB_players>
<id>15918</id>
<lastname>Musgrave</lastname>
<firstname>Jimmy</firstname>
<height>600</height>
<weight>235</weight>
<year>2016</year>
<team-id>330</team-id>
<college-id>410</college-id>
<retired>0</retired>
</TB_players>
<TB_players>
<id>15921</id>
<lastname>Simmons</lastname>
<firstname>Devin</firstname>
<height>600</height>
<weight>205</weight>
<year>2017</year>
<team-id>330</team-id>
<college-id>9</college-id>
<retired>0</retired>
</TB_players>
<TB_players>
<id>15922</id>
<lastname>Jones</lastname>
<firstname>Alvin</firstname>
<height>511</height>
<weight>210</weight>
<year>2018</year>
<team-id>330</team-id>
<college-id>9</college-id>
<retired>0</retired>
</TB_players>
<TB_players>
<id>15923</id>
<lastname>Hynson</lastname>
<firstname>Adrian</firstname>
<height>510</height>
<weight>185</weight>
<year>2018</year>
<team-id>330</team-id>
<college-id>243</college-id>
<retired>0</retired>
</TB_players>
<TB_players>
<id>15924</id>
<lastname>Harrison</lastname>
<firstname>Ishmael</firstname>
<height>600</height>
<weight>195</weight>
<year>2016</year>
<team-id>330</team-id>
<college-id>2479</college-id>
<retired>0</retired>
</TB_players>
<TB_players>
<id>15925</id>
<lastname>Needham</lastname>
<firstname>Nik</firstname>
<height>511</height>
<weight>185</weight>
<year>2018</year>
<team-id>330</team-id>
<college-id>1753</college-id>
<retired>0</retired>
</TB_players>
<TB_players>
<id>15926</id>
<lastname>Smith</lastname>
<firstname>Dashone</firstname>
<height>600</height>
<weight>200</weight>
<year>2017</year>
<team-id>330</team-id>
<college-id>84</college-id>
<retired>0</retired>
</TB_players>
<TB_players>
<id>15928</id>
<lastname>Stukes</lastname>
<firstname>Nathan</firstname>
<height>511</height>
<weight>196</weight>
<year>2016</year>
<team-id>330</team-id>
<college-id>1614</college-id>
<retired>0</retired>
</TB_players>
<TB_players>
<id>15929</id>
<lastname>Renfro</lastname>
<firstname>Da&apos;Carlos</firstname>
<height>510</height>
<weight>175</weight>
<year>2016</year>
<team-id>330</team-id>
<college-id>928</college-id>
<retired>0</retired>
</TB_players>
<TB_players>
<id>15930</id>
<lastname>Cockrell</lastname>
<firstname>Devin</firstname>
<height>511</height>
<weight>185</weight>
<year>2017</year>
<team-id>330</team-id>
<college-id>256</college-id>
<retired>0</retired>
</TB_players>
<TB_players>
<id>15931</id>
<lastname>Carlile</lastname>
<firstname>Mookie</firstname>
<height>601</height>
<weight>200</weight>
<year>2018</year>
<team-id>330</team-id>
<college-id>936</college-id>
<retired>0</retired>
</TB_players>
<TB_players>
<id>15932</id>
<lastname>Roberson</lastname>
<firstname>Traun</firstname>
<height>600</height>
<weight>195</weight>
<year>2016</year>
<team-id>330</team-id>
<college-id>20</college-id>
<retired>0</retired>
</TB_players>
<TB_players>
<id>15934</id>
<lastname>Dowell</lastname>
<firstname>LaQuintus</firstname>
<height>510</height>
<weight>205</weight>
<year>2016</year>
<team-id>330</team-id>
<college-id>46</college-id>
<retired>0</retired>
</TB_players>
<TB_players>
<id>15935</id>
<lastname>Montegut</lastname>
<firstname>Lawrence</firstname>
<height>601</height>
<weight>220</weight>
<year>2018</year>
<team-id>330</team-id>
<college-id>2390</college-id>
<retired>0</retired>
</TB_players>
<TB_players>
<id>15937</id>
<lastname>Brown</lastname>
<firstname>Trey</firstname>
<height>600</height>
<weight>215</weight>
<year>2016</year>
<team-id>330</team-id>
<college-id>2848</college-id>
<retired>0</retired>
</TB_players>
<TB_players>
<id>15938</id>
<lastname>Usher</lastname>
<firstname>Nick</firstname>
<height>603</height>
<weight>235</weight>
<year>2017</year>
<team-id>330</team-id>
<college-id>51</college-id>
<retired>0</retired>
</TB_players>
<TB_players>
<id>15939</id>
<lastname>Rodriguez</lastname>
<firstname>Natanael</firstname>
<height>601</height>
<weight>200</weight>
<year>2016</year>
<team-id>330</team-id>
<college-id>9</college-id>
<retired>0</retired>
</TB_players>
<TB_players>
<id>15941</id>
<lastname>Robertson-Harris</lastname>
<firstname>Roy</firstname>
<height>607</height>
<weight>255</weight>
<year>2016</year>
<team-id>330</team-id>
<college-id>113</college-id>
<retired>0</retired>
</TB_players>
<TB_players>
<id>15942</id>
<lastname>Foster</lastname>
<firstname>Cooper</firstname>
<height>601</height>
<weight>210</weight>
<year>2017</year>
<team-id>330</team-id>
<college-id>40</college-id>
<retired>0</retired>
</TB_players>
<TB_players>
<id>15944</id>
<lastname>Hayes</lastname>
<firstname>Leon</firstname>
<height>510</height>
<weight>200</weight>
<year>2017</year>
<team-id>330</team-id>
<college-id>101</college-id>
<retired>0</retired>
</TB_players>
<TB_players>
<id>15945</id>
<lastname>Elsner</lastname>
<firstname>Luke</firstname>
<height>603</height>
<weight>240</weight>
<year>2018</year>
<team-id>330</team-id>
<college-id>5003</college-id>
<retired>0</retired>
</TB_players>
<TB_players>
<id>15947</id>
<lastname>Firstley</lastname>
<firstname>Silas</firstname>
<height>601</height>
<weight>265</weight>
<year>2017</year>
<team-id>330</team-id>
<college-id>29</college-id>
<retired>0</retired>
</TB_players>
<TB_players>
<id>15948</id>
<lastname>Sota</lastname>
<firstname>Mike</firstname>
<height>604</height>
<weight>265</weight>
<year>2018</year>
<team-id>330</team-id>
<college-id>1079</college-id>
<retired>0</retired>
</TB_players>
<TB_players>
<id>15949</id>
<lastname>Tatum</lastname>
<firstname>Justen</firstname>
<height>601</height>
<weight>240</weight>
<year>2018</year>
<team-id>330</team-id>
<college-id>19</college-id>
<retired>0</retired>
</TB_players>
<TB_players>
<id>15951</id>
<lastname>Bresolin</lastname>
<firstname>Gino</firstname>
<height>602</height>
<weight>285</weight>
<year>2017</year>
<team-id>330</team-id>
<college-id>5004</college-id>
<retired>0</retired>
</TB_players>
<TB_players>
<id>15953</id>
<lastname>Fisher Jr.</lastname>
<firstname>Kelvin</firstname>
<height>511</height>
<weight>195</weight>
<year>2016</year>
<team-id>330</team-id>
<college-id>426</college-id>
<retired>0</retired>
</TB_players>
<TB_players>
<id>15954</id>
<lastname>Touris</lastname>
<firstname>Augie</firstname>
<height>604</height>
<weight>235</weight>
<year>2018</year>
<team-id>330</team-id>
<college-id>807</college-id>
<retired>0</retired>
</TB_players>
<TB_players>
<id>15956</id>
<lastname>Czerniewski</lastname>
<firstname>Vince</firstname>
<height>600</height>
<weight>290</weight>
<year>2016</year>
<team-id>330</team-id>
<college-id>165</college-id>
<retired>0</retired>
</TB_players>
<TB_players>
<id>15957</id>
<lastname>Villarreal</lastname>
<firstname>Alex</firstname>
<height>604</height>
<weight>300</weight>
<year>2016</year>
<team-id>330</team-id>
<college-id>5011</college-id>
<retired>0</retired>
</TB_players>
<TB_players>
<id>15958</id>
<lastname>Heard</lastname>
<firstname>Matthew</firstname>
<height>603</height>
<weight>225</weight>
<year>2016</year>
<team-id>330</team-id>
<college-id>9</college-id>
<retired>0</retired>
</TB_players>
<TB_players>
<id>15960</id>
<lastname>Richardson</lastname>
<firstname>Devante</firstname>
<height>602</height>
<weight>290</weight>
<year>2017</year>
<team-id>330</team-id>
<college-id>21</college-id>
<retired>0</retired>
</TB_players>
<TB_players>
<id>15961</id>
<lastname>Madunezim</lastname>
<firstname>Brian</firstname>
<height>603</height>
<weight>260</weight>
<year>2017</year>
<team-id>330</team-id>
<college-id>24</college-id>
<retired>0</retired>
</TB_players>
<TB_players>
<id>15964</id>
<lastname>Sroka</lastname>
<firstname>Mikael</firstname>
<height>510</height>
<weight>185</weight>
<year>2018</year>
<team-id>330</team-id>
<college-id>445</college-id>
<retired>0</retired>
</TB_players>
<TB_players>
<id>15966</id>
<lastname>Mattox</lastname>
<firstname>Jay</firstname>
<height>600</height>
<weight>185</weight>
<year>2017</year>
<team-id>330</team-id>
<college-id>101</college-id>
<retired>0</retired>
</TB_players>
<TB_players>
<id>15967</id>
<lastname>Dooley</lastname>
<firstname>Nick</firstname>
<height>608</height>
<weight>310</weight>
<year>2016</year>
<team-id>330</team-id>
<college-id>396</college-id>
<retired>0</retired>
</TB_players>
<TB_players>
<id>21418</id>
<lastname>Harper (Off.)</lastname>
<firstname>Christian</firstname>
<height>604</height>
<weight>285</weight>
<year>2017</year>
<team-id>330</team-id>
<college-id>23</college-id>
<retired>0</retired>
</TB_players>
<TB_players>
<id>21459</id>
<lastname>Winston (Off.)</lastname>
<firstname>Jamichael</firstname>
<height>605</height>
<weight>255</weight>
<year>2017</year>
<team-id>111</team-id>
<college-id>485</college-id>
<retired>0</retired>
</TB_players>
<TB_players>
<id>21494</id>
<lastname>Loewen (Off.)</lastname>
<firstname>Mitchell</firstname>
<height>604</height>
<weight>282</weight>
<year>2016</year>
<team-id>111</team-id>
<college-id>470</college-id>
<retired>0</retired>
</TB_players>
<TB_players>
<id>21685</id>
<lastname>Stevenson</lastname>
<firstname>Damian</firstname>
<height>509</height>
<weight>160</weight>
<year>2018</year>
<team-id>330</team-id>
<college-id>683</college-id>
<retired>0</retired>
</TB_players>
<TB_players>
<id>21835</id>
<lastname>Stewart</lastname>
<firstname>Deon</firstname>
<height>511</height>
<weight>165</weight>
<year>2019</year>
<team-id>111</team-id>
<college-id>577</college-id>
<retired>0</retired>
</TB_players>
<TB_players>
<id>22046</id>
<lastname>Juniel</lastname>
<firstname>Terry</firstname>
<height>510</height>
<weight>170</weight>
<year>2018</year>
<team-id>330</team-id>
<college-id>4127</college-id>
<retired>0</retired>
</TB_players>
<TB_players>
<id>22089</id>
<lastname>Lewis</lastname>
<firstname>Michael</firstname>
<height>511</height>
<weight>170</weight>
<year>2019</year>
<team-id>330</team-id>
<college-id>6185</college-id>
<retired>0</retired>
</TB_players>
<TB_players>
<id>22242</id>
<lastname>Keaton</lastname>
<firstname>Byron</firstname>
<height>510</height>
<weight>174</weight>
<year>2019</year>
<team-id>111</team-id>
<college-id>510</college-id>
<retired>0</retired>
</TB_players>
<TB_players>
<id>22284</id>
<lastname>English</lastname>
<firstname>Zack</firstname>
<height>508</height>
<weight>175</weight>
<year>2019</year>
<team-id>111</team-id>
<college-id>557</college-id>
<retired>0</retired>
</TB_players>
<TB_players>
<id>22309</id>
<lastname>Davis</lastname>
<firstname>Desmond</firstname>
<height>509</height>
<weight>175</weight>
<year>2019</year>
<team-id>330</team-id>
<college-id>24</college-id>
<retired>0</retired>
</TB_players>
<TB_players>
<id>22458</id>
<lastname>Johnson</lastname>
<firstname>Blake</firstname>
<height>600</height>
<weight>175</weight>
<year>2019</year>
<team-id>111</team-id>
<college-id>226</college-id>
<retired>0</retired>
</TB_players>
<TB_players>
<id>22503</id>
<lastname>Beverly</lastname>
<firstname>Kalon</firstname>
<height>601</height>
<weight>175</weight>
<year>2019</year>
<team-id>330</team-id>
<college-id>241</college-id>
<retired>0</retired>
</TB_players>
<TB_players>
<id>22506</id>
<lastname>Brown</lastname>
<firstname>Jerrell</firstname>
<height>601</height>
<weight>175</weight>
<year>2019</year>
<team-id>330</team-id>
<college-id>2257</college-id>
<retired>0</retired>
</TB_players>
<TB_players>
<id>22845</id>
<lastname>Sykes</lastname>
<firstname>Willie</firstname>
<height>600</height>
<weight>180</weight>
<year>2019</year>
<team-id>111</team-id>
<college-id>24</college-id>
<retired>0</retired>
</TB_players>
<TB_players>
<id>22954</id>
<lastname>Siglar</lastname>
<firstname>Jovante</firstname>
<height>602</height>
<weight>180</weight>
<year>2017</year>
<team-id>111</team-id>
<college-id>2553</college-id>
<retired>0</retired>
</TB_players>
<TB_players>
<id>22965</id>
<lastname>Reed</lastname>
<firstname>Dominique</firstname>
<height>603</height>
<weight>180</weight>
<year>2017</year>
<team-id>111</team-id>
<college-id>510</college-id>
<retired>0</retired>
</TB_players>
<TB_players>
<id>23176</id>
<lastname>Redix</lastname>
<firstname>Warren</firstname>
<height>510</height>
<weight>185</weight>
<year>2019</year>
<team-id>330</team-id>
<college-id>9</college-id>
<retired>0</retired>
</TB_players>
<TB_players>
<id>23207</id>
<lastname>Lloyd</lastname>
<firstname>Omar</firstname>
<height>510</height>
<weight>185</weight>
<year>2019</year>
<team-id>330</team-id>
<college-id>392</college-id>
<retired>0</retired>
</TB_players>
<TB_players>
<id>23624</id>
<lastname>Prescott</lastname>
<firstname>Orion</firstname>
<height>508</height>
<weight>190</weight>
<year>2017</year>
<team-id>330</team-id>
<college-id>383</college-id>
<retired>0</retired>
</TB_players>
<TB_players>
<id>23685</id>
<lastname>Powell</lastname>
<firstname>TK</firstname>
<height>511</height>
<weight>190</weight>
<year>2019</year>
<team-id>330</team-id>
<college-id>21</college-id>
<retired>0</retired>
</TB_players>
<TB_players>
<id>23739</id>
<lastname>Luna</lastname>
<firstname>Alan</firstname>
<height>600</height>
<weight>190</weight>
<year>2019</year>
<team-id>330</team-id>
<college-id>9</college-id>
<retired>0</retired>
</TB_players>
<TB_players>
<id>23858</id>
<lastname>Kittrell</lastname>
<firstname>Dylan</firstname>
<height>602</height>
<weight>190</weight>
<year>2018</year>
<team-id>330</team-id>
<college-id>18</college-id>
<retired>0</retired>
</TB_players>
<TB_players>
<id>24043</id>
<lastname>Miller</lastname>
<firstname>Reid</firstname>
<height>509</height>
<weight>193</weight>
<year>2019</year>
<team-id>111</team-id>
<college-id>1865</college-id>
<retired>0</retired>
</TB_players>
<TB_players>
<id>24168</id>
<lastname>Thurman</lastname>
<firstname>Scotty</firstname>
<height>511</height>
<weight>195</weight>
<year>2017</year>
<team-id>111</team-id>
<college-id>483</college-id>
<retired>0</retired>
</TB_players>
<TB_players>
<id>24243</id>
<lastname>Arenas</lastname>
<firstname>Darren</firstname>
<height>601</height>
<weight>195</weight>
<year>2019</year>
<team-id>330</team-id>
<college-id>9</college-id>
<retired>0</retired>
</TB_players>
<TB_players>
<id>24412</id>
<lastname>Dalton</lastname>
<firstname>Nate</firstname>
<height>603</height>
<weight>197</weight>
<year>2019</year>
<team-id>111</team-id>
<college-id>266</college-id>
<retired>0</retired>
</TB_players>
<TB_players>
<id>24482</id>
<lastname>Freund</lastname>
<firstname>Fowler</firstname>
<height>508</height>
<weight>200</weight>
<year>2019</year>
<team-id>330</team-id>
<college-id>9</college-id>
<retired>0</retired>
</TB_players>
<TB_players>
<id>24729</id>
<lastname>Oldham</lastname>
<firstname>Elliott</firstname>
<height>603</height>
<weight>200</weight>
<year>2017</year>
<team-id>330</team-id>
<college-id>528</college-id>
<retired>0</retired>
</TB_players>
<TB_players>
<id>24749</id>
<lastname>VanHook</lastname>
<firstname>Jayson</firstname>
<height>603</height>
<weight>200</weight>
<year>2019</year>
<team-id>330</team-id>
<college-id>2257</college-id>
<retired>0</retired>
</TB_players>
<TB_players>
<id>24995</id>
<lastname>Royal</lastname>
<firstname>Brendan</firstname>
<height>600</height>
<weight>205</weight>
<year>2017</year>
<team-id>330</team-id>
<college-id>439</college-id>
<retired>0</retired>
</TB_players>
<TB_players>
<id>25016</id>
<lastname>Jones</lastname>
<firstname>Johnny</firstname>
<height>601</height>
<weight>205</weight>
<year>2017</year>
<team-id>330</team-id>
<college-id>18</college-id>
<retired>0</retired>
</TB_players>
<TB_players>
<id>25036</id>
<lastname>Johnson</lastname>
<firstname>Kavika</firstname>
<height>601</height>
<weight>205</weight>
<year>2019</year>
<team-id>330</team-id>
<college-id>418</college-id>
<retired>0</retired>
</TB_players>
<TB_players>
<id>25084</id>
<lastname>Pettway</lastname>
<firstname>La’Michael</firstname>
<height>602</height>
<weight>205</weight>
<year>2019</year>
<team-id>111</team-id>
<college-id>5950</college-id>
<retired>0</retired>
</TB_players>
<TB_players>
<id>25305</id>
<lastname>Pulley</lastname>
<firstname>Ryan</firstname>
<height>511</height>
<weight>210</weight>
<year>2019</year>
<team-id>111</team-id>
<college-id>218</college-id>
<retired>0</retired>
</TB_players>
<TB_players>
<id>25633</id>
<lastname>Williams III</lastname>
<firstname>Rawleigh</firstname>
<height>510</height>
<weight>215</weight>
<year>2019</year>
<team-id>111</team-id>
<college-id>19</college-id>
<retired>0</retired>
</TB_players>
<TB_players>
<id>25740</id>
<lastname>Storey</lastname>
<firstname>Ty</firstname>
<height>602</height>
<weight>215</weight>
<year>2019</year>
<team-id>111</team-id>
<college-id>5626</college-id>
<retired>0</retired>
</TB_players>
<TB_players>
<id>25966</id>
<lastname>Leasau</lastname>
<firstname>Tyler</firstname>
<height>511</height>
<weight>220</weight>
<year>2017</year>
<team-id>330</team-id>
<college-id>5484</college-id>
<retired>0</retired>
</TB_players>
<TB_players>
<id>26202</id>
<lastname>Greenlaw</lastname>
<firstname>Dre</firstname>
<height>600</height>
<weight>222</weight>
<year>2019</year>
<team-id>111</team-id>
<college-id>460</college-id>
<retired>0</retired>
</TB_players>
<TB_players>
<id>26208</id>
<lastname>Phillips</lastname>
<firstname>Tyler</firstname>
<height>601</height>
<weight>222</weight>
<year>2019</year>
<team-id>111</team-id>
<college-id>479</college-id>
<retired>0</retired>
</TB_players>
<TB_players>
<id>26271</id>
<lastname>Tyson</lastname>
<firstname>John</firstname>
<height>510</height>
<weight>225</weight>
<year>2019</year>
<team-id>111</team-id>
<college-id>459</college-id>
<retired>0</retired>
</TB_players>
<TB_players>
<id>26272</id>
<lastname>Jackson</lastname>
<firstname>David</firstname>
<height>510</height>
<weight>225</weight>
<year>2017</year>
<team-id>330</team-id>
<college-id>9</college-id>
<retired>0</retired>
</TB_players>
<TB_players>
<id>26290</id>
<lastname>Zaffram</lastname>
<firstname>Brad</firstname>
<height>600</height>
<weight>225</weight>
<year>2019</year>
<team-id>330</team-id>
<college-id>807</college-id>
<retired>0</retired>
</TB_players>
<TB_players>
<id>26312</id>
<lastname>Hughes</lastname>
<firstname>Treyvon</firstname>
<height>601</height>
<weight>225</weight>
<year>2019</year>
<team-id>330</team-id>
<college-id>18</college-id>
<retired>0</retired>
</TB_players>
<TB_players>
<id>26471</id>
<lastname>Madden</lastname>
<firstname>George</firstname>
<height>601</height>
<weight>226</weight>
<year>2019</year>
<team-id>111</team-id>
<college-id>5581</college-id>
<retired>0</retired>
</TB_players>
<TB_players>
<id>26590</id>
<lastname>Forester</lastname>
<firstname>Stephen</firstname>
<height>601</height>
<weight>230</weight>
<year>2019</year>
<team-id>330</team-id>
<college-id>19</college-id>
<retired>0</retired>
</TB_players>
<TB_players>
<id>26926</id>
<lastname>Dixson</lastname>
<firstname>Foster</firstname>
<height>605</height>
<weight>235</weight>
<year>2019</year>
<team-id>330</team-id>
<college-id>51</college-id>
<retired>0</retired>
</TB_players>
<TB_players>
<id>27010</id>
<lastname>Christian</lastname>
<firstname>Kristopher</firstname>
<height>511</height>
<weight>240</weight>
<year>2019</year>
<team-id>330</team-id>
<college-id>1164</college-id>
<retired>0</retired>
</TB_players>
<TB_players>
<id>27107</id>
<lastname>O’Grady</lastname>
<firstname>CJ</firstname>
<height>604</height>
<weight>240</weight>
<year>2019</year>
<team-id>111</team-id>
<college-id>460</college-id>
<retired>0</retired>
</TB_players>
<TB_players>
<id>27168</id>
<lastname>Stettmeier</lastname>
<firstname>Howie</firstname>
<height>604</height>
<weight>242</weight>
<year>2019</year>
<team-id>111</team-id>
<college-id>3274</college-id>
<retired>0</retired>
</TB_players>
<TB_players>
<id>27224</id>
<lastname>Hopkins</lastname>
<firstname>Gene</firstname>
<height>603</height>
<weight>245</weight>
<year>2019</year>
<team-id>330</team-id>
<college-id>5693</college-id>
<retired>0</retired>
</TB_players>
<TB_players>
<id>27241</id>
<lastname>Ford</lastname>
<firstname>Cole</firstname>
<height>604</height>
<weight>245</weight>
<year>2019</year>
<team-id>330</team-id>
<college-id>672</college-id>
<retired>0</retired>
</TB_players>
<TB_players>
<id>27287</id>
<lastname>Graham</lastname>
<firstname>Derrick</firstname>
<height>604</height>
<weight>247</weight>
<year>2019</year>
<team-id>111</team-id>
<college-id>308</college-id>
<retired>0</retired>
</TB_players>
<TB_players>
<id>27311</id>
<lastname>Jackson</lastname>
<firstname>Kendrick</firstname>
<height>601</height>
<weight>249</weight>
<year>2019</year>
<team-id>111</team-id>
<college-id>2454</college-id>
<retired>0</retired>
</TB_players>
<TB_players>
<id>27391</id>
<lastname>Cantrell</lastname>
<firstname>Austin</firstname>
<height>604</height>
<weight>250</weight>
<year>2019</year>
<team-id>111</team-id>
<college-id>6083</college-id>
<retired>0</retired>
</TB_players>
<TB_players>
<id>27453</id>
<lastname>Bell</lastname>
<firstname>Jamario</firstname>
<height>605</height>
<weight>253</weight>
<year>2019</year>
<team-id>111</team-id>
<college-id>467</college-id>
<retired>0</retired>
</TB_players>
<TB_players>
<id>27467</id>
<lastname>Villalobos</lastname>
<firstname>Brandon</firstname>
<height>602</height>
<weight>255</weight>
<year>2019</year>
<team-id>330</team-id>
<college-id>9</college-id>
<retired>0</retired>
</TB_players>
<TB_players>
<id>27491</id>
<lastname>Gragg</lastname>
<firstname>Will</firstname>
<height>604</height>
<weight>255</weight>
<year>2019</year>
<team-id>111</team-id>
<college-id>457</college-id>
<retired>0</retired>
</TB_players>
<TB_players>
<id>27726</id>
<lastname>Dean</lastname>
<firstname>Daytrieon</firstname>
<height>603</height>
<weight>265</weight>
<year>2019</year>
<team-id>111</team-id>
<college-id>525</college-id>
<retired>0</retired>
</TB_players>
<TB_players>
<id>27947</id>
<lastname>Pufahl</lastname>
<firstname>Robert</firstname>
<height>511</height>
<weight>275</weight>
<year>2019</year>
<team-id>330</team-id>
<college-id>1750</college-id>
<retired>0</retired>
</TB_players>
<TB_players>
<id>28148</id>
<lastname>Ledbetter</lastname>
<firstname>Jeremiah</firstname>
<height>603</height>
<weight>280</weight>
<year>2017</year>
<team-id>111</team-id>
<college-id>312</college-id>
<retired>0</retired>
</TB_players>
<TB_players>
<id>28231</id>
<lastname>Smith</lastname>
<firstname>T.J.</firstname>
<height>603</height>
<weight>283</weight>
<year>2019</year>
<team-id>111</team-id>
<college-id>910</college-id>
<retired>0</retired>
</TB_players>
<TB_players>
<id>28286</id>
<lastname>Logan</lastname>
<firstname>Sky</firstname>
<height>602</height>
<weight>285</weight>
<year>2018</year>
<team-id>330</team-id>
<college-id>4700</college-id>
<retired>0</retired>
</TB_players>
<TB_players>
<id>28439</id>
<lastname>Guerra</lastname>
<firstname>Ruben</firstname>
<height>604</height>
<weight>290</weight>
<year>2019</year>
<team-id>330</team-id>
<college-id>409</college-id>
<retired>0</retired>
</TB_players>
<TB_players>
<id>28491</id>
<lastname>Lang</lastname>
<firstname>Cedrick</firstname>
<height>609</height>
<weight>290</weight>
<year>2016</year>
<team-id>330</team-id>
<college-id>2685</college-id>
<retired>0</retired>
</TB_players>
<TB_players>
<id>28541</id>
<lastname>Saldana</lastname>
<firstname>Armando</firstname>
<height>600</height>
<weight>295</weight>
<year>2019</year>
<team-id>330</team-id>
<college-id>9</college-id>
<retired>0</retired>
</TB_players>
<TB_players>
<id>28655</id>
<lastname>Froholdt</lastname>
<firstname>Hjalte</firstname>
<height>604</height>
<weight>299</weight>
<year>2019</year>
<team-id>111</team-id>
<college-id>6169</college-id>
<retired>0</retired>
</TB_players>
<TB_players>
<id>28666</id>
<lastname>Ortega</lastname>
<firstname>Chrys</firstname>
<height>601</height>
<weight>300</weight>
<year>2019</year>
<team-id>330</team-id>
<college-id>9</college-id>
<retired>0</retired>
</TB_players>
<TB_players>
<id>28672</id>
<lastname>Allen</lastname>
<firstname>Josh</firstname>
<height>602</height>
<weight>300</weight>
<year>2019</year>
<team-id>111</team-id>
<college-id>282</college-id>
<retired>0</retired>
</TB_players>
<TB_players>
<id>28686</id>
<lastname>Richardson</lastname>
<firstname>Christian</firstname>
<height>603</height>
<weight>300</weight>
<year>2019</year>
<team-id>330</team-id>
<college-id>5989</college-id>
<retired>0</retired>
</TB_players>
<TB_players>
<id>28774</id>
<lastname>Jackson</lastname>
<firstname>Colton</firstname>
<height>606</height>
<weight>303</weight>
<year>2019</year>
<team-id>111</team-id>
<college-id>541</college-id>
<retired>0</retired>
</TB_players>
<TB_players>
<id>28885</id>
<lastname>Rogers</lastname>
<firstname>Zach</firstname>
<height>601</height>
<weight>310</weight>
<year>2019</year>
<team-id>111</team-id>
<college-id>18</college-id>
<retired>0</retired>
</TB_players>
<TB_players>
<id>29087</id>
<lastname>Lujan</lastname>
<firstname>Markos</firstname>
<height>603</height>
<weight>325</weight>
<year>2019</year>
<team-id>330</team-id>
<college-id>9</college-id>
<retired>0</retired>
</TB_players>
<TB_players>
<id>29099</id>
<lastname>Bishop</lastname>
<firstname>Chance</firstname>
<height>606</height>
<weight>325</weight>
<year>2019</year>
<team-id>330</team-id>
<college-id>3654</college-id>
<retired>0</retired>
</TB_players>
<TB_players>
<id>29147</id>
<lastname>Merrick</lastname>
<firstname>Jalen</firstname>
<height>604</height>
<weight>339</weight>
<year>2019</year>
<team-id>111</team-id>
<college-id>1498</college-id>
<retired>0</retired>
</TB_players>
<TB_players>
<id>29165</id>
<lastname>Harvey</lastname>
<firstname>Klint</firstname>
<height>606</height>
<weight>344</weight>
<year>2019</year>
<team-id>111</team-id>
<college-id>5655</college-id>
<retired>0</retired>
</TB_players>
</dataroot>
