<?xml version="1.0" encoding="UTF-8"?>
<dataroot xmlns:od="urn:schemas-microsoft-com:officedata" generated="2015-09-12T22:36:07">
<TB_teams>
<id>216</id>
<order>117</order>
<city>Massachusetts</city>
<nickname>Minutemen</nickname>
<abrev1>UMASSM</abrev1>
<abrev2>MAS</abrev2>
<conf>MAC</conf>
<div>FBS</div>
<stadium>Gillette Stadium</stadium>
<Colours>Maroon &amp; White</Colours>
<bcolour>1704351</bcolour>
<fcolour>16777215</fcolour>
</TB_teams>
<TB_teams>
<id>143</id>
<order>44</order>
<city>Colorado</city>
<nickname>Buffaloes</nickname>
<abrev1>COLORA</abrev1>
<abrev2>CU</abrev2>
<conf>PAC-12</conf>
<div>FBS</div>
<stadium>Folsom Field</stadium>
<Colours>Gold &amp; Black</Colours>
<bcolour>9751001</bcolour>
<fcolour>2105123</fcolour>
</TB_teams>
</dataroot>
